date,grimpeur_id,bloc_id,resultat,essais
2026-04-01,g003,b0122,reussite,1
2026-04-01,g003,b0142,reussite,1
2026-04-01,g003,b0083,echec,5
2026-04-01,g003,b0076,echec,8
2026-04-01,g003,b0005,echec,13
2026-04-01,g003,b0084,echec,10
2026-04-01,g003,b0034,echec,13
2026-04-01,g003,b0057,echec,11
2026-04-01,g003,b0066,reussite,4
2026-04-01,g003,b0073,reussite,5
2026-04-01,g003,b0006,echec,15
2026-04-01,g009,b0123,reussite,1
2026-04-01,g009,b0095,echec,10
2026-04-01,g009,b0075,reussite,2
2026-04-01,g009,b0057,echec,15
2026-04-01,g009,b0044,echec,17
2026-04-01,g009,b0016,echec,9
2026-04-01,g009,b0006,reussite,5
2026-04-01,g009,b0062,reussite,1
2026-04-01,g009,b0135,echec,6
2026-04-01,g010,b0087,echec,8
2026-04-01,g010,b0095,echec,12
2026-04-01,g010,b0045,echec,14
2026-04-01,g010,b0086,reussite,10
2026-04-01,g010,b0033,echec,3
2026-04-01,g010,b0136,reussite,3
2026-04-01,g010,b0034,echec,5
2026-04-01,g010,b0065,reussite,8
2026-04-01,g010,b0092,reussite,1
2026-04-01,g010,b0065,reussite,1
2026-04-01,g010,b0124,reussite,3
2026-04-01,g010,b0142,reussite,1
2026-04-01,g010,b0083,reussite,2
2026-04-01,g010,b0095,reussite,9
2026-04-01,g010,b0022,reussite,2
2026-04-01,g010,b0016,echec,5
2026-04-01,g010,b0126,echec,10
2026-04-01,g010,b0074,echec,12
2026-04-01,g010,b0033,reussite,2
2026-04-01,g010,b0034,reussite,7
2026-04-01,g014,b0064,reussite,1
2026-04-01,g014,b0072,reussite,1
2026-04-01,g014,b0034,echec,6
2026-04-01,g014,b0022,reussite,4
2026-04-01,g014,b0033,reussite,10
2026-04-01,g014,b0005,echec,13
2026-04-01,g014,b0107,echec,14
2026-04-01,g014,b0063,reussite,1
2026-04-01,g014,b0129,echec,13
2026-04-01,g014,b0032,reussite,1
2026-04-01,g014,b0061,reussite,1
2026-04-01,g017,b0053,echec,6
2026-04-01,g017,b0081,echec,15
2026-04-01,g017,b0142,reussite,3
2026-04-01,g017,b0104,echec,14
2026-04-01,g017,b0123,echec,7
2026-04-01,g017,b0057,echec,9
2026-04-01,g017,b0062,echec,4
2026-04-01,g027,b0122,reussite,1
2026-04-01,g027,b0083,echec,6
2026-04-01,g027,b0084,echec,17
2026-04-01,g027,b0094,echec,16
2026-04-01,g027,b0086,echec,14
2026-04-01,g027,b0074,echec,17
2026-04-01,g027,b0065,echec,17
2026-04-01,g035,b0142,reussite,1
2026-04-01,g035,b0122,echec,3
2026-04-01,g035,b0045,echec,15
2026-04-01,g035,b0072,echec,6
2026-04-01,g037,b0125,reussite,1
2026-04-01,g037,b0044,echec,6
2026-04-01,g037,b0070,echec,16
2026-04-01,g037,b0117,echec,18
2026-04-01,g037,b0074,reussite,7
2026-04-01,g037,b0129,echec,11
2026-04-01,g040,b0022,reussite,5
2026-04-01,g040,b0006,echec,12
2026-04-01,g040,b0033,reussite,5
2026-04-01,g040,b0034,echec,15
2026-04-01,g040,b0004,echec,7
2026-04-01,g040,b0005,echec,9
2026-04-01,g040,b0002,reussite,1
2026-04-01,g040,b0013,reussite,1
2026-04-01,g040,b0045,echec,6
2026-04-01,g042,b0144,reussite,1
2026-04-01,g042,b0128,echec,16
2026-04-01,g042,b0095,echec,12
2026-04-01,g042,b0005,reussite,10
2026-04-01,g042,b0004,echec,11
2026-04-01,g042,b0096,echec,16
2026-04-01,g042,b0057,echec,18
2026-04-01,g042,b0006,reussite,3
2026-04-01,g042,b0146,echec,13
2026-04-01,g042,b0045,echec,15
2026-04-01,g042,b0135,echec,15
2026-04-01,g042,b0085,echec,14
2026-04-01,g042,b0079,echec,17
2026-04-01,g046,b0071,reussite,1
2026-04-01,g046,b0053,reussite,1
2026-04-01,g046,b0022,reussite,8
2026-04-01,g046,b0104,reussite,17
2026-04-01,g046,b0082,reussite,1
2026-04-01,g046,b0125,echec,9
2026-04-01,g046,b0074,echec,13
2026-04-01,g046,b0006,echec,11
2026-04-01,g046,b0134,reussite,6
2026-04-01,g046,b0033,echec,9
2026-04-01,g046,b0016,echec,18
2026-04-01,g046,b0133,echec,15
2026-04-01,g046,b0063,reussite,1
2026-04-01,g046,b0002,reussite,1
2026-04-01,g046,b0032,reussite,2
2026-04-01,g046,b0033,echec,7
2026-04-01,g046,b0055,echec,13
2026-04-01,g046,b0034,echec,15
2026-04-01,g046,b0016,echec,6
2026-04-01,g046,b0010,reussite,1
2026-04-01,g046,b0086,echec,13
2026-04-01,g046,b0012,reussite,1
2026-04-01,g048,b0142,reussite,1
2026-04-01,g048,b0108,echec,14
2026-04-01,g048,b0016,echec,10
2026-04-01,g048,b0075,echec,11
2026-04-01,g048,b0073,reussite,10
2026-04-01,g048,b0034,echec,7
2026-04-01,g048,b0104,echec,16
2026-04-01,g048,b0048,echec,9
2026-04-01,g049,b0030,reussite,1
2026-04-01,g049,b0084,echec,14
2026-04-01,g049,b0022,echec,7
2026-04-01,g049,b0114,echec,16
2026-04-01,g049,b0074,echec,18
2026-04-01,g049,b0129,echec,7
2026-04-01,g049,b0034,echec,6
2026-04-01,g049,b0032,echec,3
2026-04-01,g049,b0013,reussite,2
2026-04-01,g053,b0142,reussite,1
2026-04-01,g053,b0066,echec,8
2026-04-01,g053,b0092,reussite,10
2026-04-01,g053,b0062,echec,6
2026-04-01,g053,b0091,reussite,2
2026-04-01,g053,b0105,echec,15
2026-04-01,g053,b0053,echec,8
2026-04-01,g053,b0080,reussite,1
2026-04-01,g053,b0123,reussite,3
2026-04-02,g009,b0136,reussite,1
2026-04-02,g009,b0055,reussite,1
2026-04-02,g009,b0073,reussite,2
2026-04-02,g009,b0034,reussite,10
2026-04-02,g009,b0081,reussite,1
2026-04-02,g009,b0083,reussite,2
2026-04-02,g009,b0092,reussite,2
2026-04-02,g009,b0033,reussite,4
2026-04-02,g009,b0145,echec,10
2026-04-02,g016,b0074,reussite,1
2026-04-02,g016,b0122,reussite,1
2026-04-02,g016,b0033,reussite,7
2026-04-02,g016,b0048,echec,17
2026-04-02,g016,b0004,echec,18
2026-04-02,g016,b0065,echec,11
2026-04-02,g016,b0016,echec,9
2026-04-02,g016,b0022,echec,6
2026-04-02,g016,b0044,echec,13
2026-04-02,g016,b0114,echec,6
2026-04-02,g016,b0034,echec,8
2026-04-02,g024,b0142,reussite,1
2026-04-02,g024,b0142,reussite,1
2026-04-02,g024,b0143,echec,3
2026-04-02,g024,b0124,echec,7
2026-04-02,g024,b0115,reussite,12
2026-04-02,g024,b0095,echec,16
2026-04-02,g024,b0063,reussite,3
2026-04-02,g024,b0054,reussite,14
2026-04-02,g024,b0066,echec,18
2026-04-02,g024,b0123,reussite,12
2026-04-02,g024,b0122,reussite,1
2026-04-02,g024,b0034,echec,12
2026-04-02,g024,b0016,echec,13
2026-04-02,g024,b0053,echec,7
2026-04-02,g024,b0064,reussite,11
2026-04-02,g024,b0072,echec,6
2026-04-02,g024,b0113,reussite,7
2026-04-02,g024,b0091,reussite,4
2026-04-02,g024,b0022,echec,9
2026-04-02,g024,b0111,reussite,1
2026-04-02,g024,b0073,echec,9
2026-04-02,g024,b0061,reussite,3
2026-04-02,g024,b0072,reussite,8
2026-04-02,g024,b0092,echec,6
2026-04-02,g024,b0053,reussite,7
2026-04-02,g024,b0032,reussite,2
2026-04-02,g024,b0081,echec,11
2026-04-02,g024,b0013,reussite,2
2026-04-02,g024,b0062,reussite,8
2026-04-02,g024,b0083,echec,17
2026-04-02,g031,b0094,echec,9
2026-04-02,g031,b0073,reussite,7
2026-04-02,g031,b0125,echec,14
2026-04-02,g031,b0022,reussite,5
2026-04-02,g031,b0124,echec,13
2026-04-02,g031,b0034,echec,9
2026-04-02,g032,b0142,echec,3
2026-04-02,g032,b0115,reussite,3
2026-04-02,g032,b0144,echec,11
2026-04-02,g032,b0095,echec,13
2026-04-02,g032,b0062,reussite,2
2026-04-02,g032,b0081,reussite,9
2026-04-02,g032,b0061,reussite,1
2026-04-02,g032,b0034,echec,12
2026-04-02,g034,b0136,reussite,1
2026-04-02,g034,b0062,reussite,2
2026-04-02,g034,b0075,reussite,5
2026-04-02,g034,b0033,echec,5
2026-04-02,g034,b0073,echec,10
2026-04-02,g034,b0124,echec,6
2026-04-02,g034,b0127,echec,14
2026-04-02,g034,b0084,echec,10
2026-04-02,g035,b0091,reussite,1
2026-04-02,g035,b0064,reussite,1
2026-04-02,g035,b0072,reussite,11
2026-04-02,g035,b0124,echec,7
2026-04-02,g035,b0013,reussite,7
2026-04-02,g035,b0081,echec,11
2026-04-02,g035,b0123,echec,5
2026-04-02,g040,b0081,reussite,1
2026-04-02,g040,b0095,echec,9
2026-04-02,g040,b0022,echec,7
2026-04-02,g040,b0092,reussite,4
2026-04-02,g040,b0033,echec,9
2026-04-02,g040,b0133,echec,10
2026-04-02,g040,b0026,echec,12
2026-04-02,g040,b0034,echec,15
2026-04-02,g040,b0089,echec,9
2026-04-02,g040,b0016,echec,17
2026-04-02,g041,b0143,reussite,1
2026-04-02,g041,b0143,reussite,1
2026-04-02,g041,b0114,echec,11
2026-04-02,g041,b0083,echec,11
2026-04-02,g041,b0073,echec,13
2026-04-02,g041,b0132,reussite,1
2026-04-02,g041,b0091,echec,2
2026-04-02,g041,b0113,echec,11
2026-04-02,g045,b0136,reussite,1
2026-04-02,g045,b0075,reussite,3
2026-04-02,g045,b0004,echec,8
2026-04-02,g045,b0006,echec,11
2026-04-02,g045,b0144,reussite,6
2026-04-02,g045,b0055,echec,10
2026-04-02,g046,b0064,reussite,1
2026-04-02,g046,b0105,echec,11
2026-04-02,g046,b0084,echec,15
2026-04-02,g046,b0013,reussite,2
2026-04-02,g046,b0122,reussite,2
2026-04-02,g046,b0091,reussite,2
2026-04-02,g046,b0113,reussite,7
2026-04-02,g048,b0034,echec,8
2026-04-02,g048,b0108,echec,17
2026-04-02,g048,b0132,reussite,1
2026-04-02,g048,b0075,echec,15
2026-04-02,g048,b0092,echec,9
2026-04-02,g048,b0083,reussite,6
2026-04-02,g048,b0125,echec,9
2026-04-02,g048,b0136,echec,12
2026-04-02,g052,b0123,reussite,1
2026-04-02,g052,b0123,reussite,1
2026-04-02,g052,b0033,echec,7
2026-04-02,g052,b0145,echec,11
2026-04-02,g052,b0104,echec,14
2026-04-02,g052,b0066,reussite,8
2026-04-02,g052,b0048,echec,11
2026-04-02,g052,b0134,echec,13
2026-04-02,g052,b0081,reussite,1
2026-04-02,g052,b0013,reussite,1
2026-04-02,g052,b0032,reussite,1
2026-04-02,g052,b0074,echec,11
2026-04-02,g052,b0107,echec,14
2026-04-02,g052,b0033,echec,14
2026-04-02,g052,b0145,echec,7
2026-04-02,g052,b0022,echec,9
2026-04-02,g055,b0006,echec,6
2026-04-02,g055,b0005,echec,11
2026-04-02,g055,b0022,echec,2
2026-04-02,g055,b0016,reussite,6
2026-04-02,g055,b0081,reussite,1
2026-04-02,g055,b0004,echec,10
2026-04-02,g055,b0091,reussite,1
2026-04-02,g055,b0108,echec,10
2026-04-02,g055,b0087,echec,18
2026-04-02,g055,b0048,echec,12
2026-04-03,g012,b0115,reussite,1
2026-04-03,g012,b0006,echec,11
2026-04-03,g012,b0026,echec,10
2026-04-03,g012,b0034,echec,8
2026-04-03,g012,b0086,reussite,11
2026-04-03,g012,b0004,echec,8
2026-04-03,g012,b0055,echec,17
2026-04-03,g012,b0016,echec,10
2026-04-03,g012,b0033,reussite,4
2026-04-03,g012,b0022,reussite,1
2026-04-03,g014,b0083,reussite,3
2026-04-03,g014,b0106,echec,13
2026-04-03,g014,b0124,echec,3
2026-04-03,g014,b0095,echec,14
2026-04-03,g014,b0066,reussite,5
2026-04-03,g014,b0034,echec,6
2026-04-03,g015,b0125,reussite,1
2026-04-03,g015,b0124,reussite,1
2026-04-03,g015,b0056,echec,9
2026-04-03,g015,b0084,reussite,6
2026-04-03,g015,b0048,echec,16
2026-04-03,g015,b0087,reussite,13
2026-04-03,g015,b0066,reussite,2
2026-04-03,g015,b0022,echec,1
2026-04-03,g015,b0086,reussite,4
2026-04-03,g024,b0002,reussite,1
2026-04-03,g024,b0022,reussite,15
2026-04-03,g024,b0095,echec,13
2026-04-03,g024,b0010,reussite,1
2026-04-03,g024,b0094,echec,14
2026-04-03,g024,b0084,echec,17
2026-04-03,g024,b0066,echec,12
2026-04-03,g024,b0131,reussite,1
2026-04-03,g024,b0075,echec,14
2026-04-03,g026,b0057,reussite,1
2026-04-03,g026,b0004,reussite,7
2026-04-03,g026,b0026,echec,9
2026-04-03,g026,b0127,echec,16
2026-04-03,g026,b0005,reussite,10
2026-04-03,g026,b0048,echec,14
2026-04-03,g026,b0016,echec,8
2026-04-03,g033,b0116,echec,8
2026-04-03,g033,b0096,echec,11
2026-04-03,g033,b0044,reussite,9
2026-04-03,g033,b0005,reussite,2
2026-04-03,g033,b0117,echec,14
2026-04-03,g033,b0109,echec,10
2026-04-03,g033,b0055,reussite,4
2026-04-03,g033,b0055,reussite,1
2026-04-03,g033,b0147,reussite,1
2026-04-03,g033,b0096,echec,12
2026-04-03,g033,b0057,echec,16
2026-04-03,g033,b0072,reussite,1
2026-04-03,g033,b0099,echec,9
2026-04-03,g033,b0116,reussite,5
2026-04-03,g033,b0095,reussite,2
2026-04-03,g033,b0117,echec,16
2026-04-03,g033,b0077,echec,16
2026-04-03,g033,b0109,echec,9
2026-04-03,g043,b0142,reussite,1
2026-04-03,g043,b0083,echec,7
2026-04-03,g043,b0092,reussite,3
2026-04-03,g043,b0022,echec,6
2026-04-03,g043,b0033,echec,15
2026-04-03,g043,b0016,echec,11
2026-04-03,g043,b0104,echec,10
2026-04-03,g043,b0096,echec,11
2026-04-03,g043,b0004,echec,11
2026-04-03,g043,b0139,reussite,1
2026-04-03,g043,b0034,echec,7
2026-04-03,g043,b0030,reussite,1
2026-04-03,g043,b0091,reussite,1
2026-04-03,g043,b0033,echec,7
2026-04-03,g043,b0010,reussite,1
2026-04-03,g043,b0022,echec,13
2026-04-03,g043,b0006,echec,7
2026-04-03,g043,b0004,echec,11
2026-04-03,g043,b0005,echec,8
2026-04-03,g044,b0124,echec,6
2026-04-03,g044,b0093,reussite,1
2026-04-03,g044,b0081,echec,5
2026-04-03,g044,b0058,echec,16
2026-04-03,g044,b0083,reussite,12
2026-04-03,g044,b0053,reussite,2
2026-04-03,g044,b0066,echec,9
2026-04-03,g046,b0062,reussite,3
2026-04-03,g046,b0061,echec,1
2026-04-03,g046,b0124,echec,13
2026-04-03,g046,b0094,echec,13
2026-04-03,g046,b0072,echec,3
2026-04-03,g046,b0022,echec,14
2026-04-03,g046,b0083,echec,9
2026-04-03,g046,b0073,echec,12
2026-04-03,g051,b0124,reussite,1
2026-04-03,g051,b0123,reussite,1
2026-04-03,g051,b0114,echec,13
2026-04-03,g051,b0116,echec,13
2026-04-03,g051,b0095,echec,15
2026-04-03,g051,b0034,echec,6
2026-04-03,g051,b0136,reussite,5
2026-04-03,g051,b0134,echec,7
2026-04-03,g053,b0113,reussite,1
2026-04-03,g053,b0064,echec,12
2026-04-03,g053,b0013,reussite,1
2026-04-03,g053,b0072,reussite,7
2026-04-03,g053,b0065,echec,14
2026-04-03,g053,b0022,echec,11
2026-04-03,g055,b0083,reussite,1
2026-04-03,g055,b0075,reussite,1
2026-04-03,g055,b0113,reussite,3
2026-04-03,g055,b0034,echec,12
2026-04-03,g055,b0033,reussite,8
2026-04-03,g055,b0094,echec,9
2026-04-03,g055,b0074,echec,8
2026-04-03,g055,b0076,echec,6
2026-04-04,g009,b0145,reussite,1
2026-04-04,g009,b0075,echec,3
2026-04-04,g009,b0095,echec,14
2026-04-04,g009,b0084,echec,8
2026-04-04,g009,b0057,echec,12
2026-04-04,g009,b0108,echec,18
2026-04-04,g009,b0044,echec,10
2026-04-04,g009,b0096,echec,14
2026-04-04,g009,b0022,reussite,2
2026-04-04,g009,b0107,echec,16
2026-04-04,g010,b0033,reussite,1
2026-04-04,g010,b0016,echec,7
2026-04-04,g010,b0056,echec,13
2026-04-04,g010,b0006,reussite,5
2026-04-04,g010,b0094,reussite,6
2026-04-04,g010,b0055,echec,14
2026-04-04,g010,b0004,reussite,8
2026-04-04,g010,b0054,reussite,1
2026-04-04,g010,b0106,echec,7
2026-04-04,g016,b0053,reussite,1
2026-04-04,g016,b0136,echec,13
2026-04-04,g016,b0005,echec,17
2026-04-04,g016,b0078,echec,9
2026-04-04,g016,b0092,reussite,2
2026-04-04,g016,b0033,echec,7
2026-04-04,g016,b0086,echec,8
2026-04-04,g016,b0077,echec,12
2026-04-04,g016,b0072,reussite,2
2026-04-04,g016,b0106,echec,15
2026-04-04,g016,b0115,reussite,2
2026-04-04,g027,b0076,echec,10
2026-04-04,g027,b0092,echec,10
2026-04-04,g027,b0002,reussite,4
2026-04-04,g027,b0091,reussite,5
2026-04-04,g027,b0093,reussite,5
2026-04-04,g027,b0095,echec,12
2026-04-04,g027,b0105,echec,8
2026-04-04,g027,b0072,echec,14
2026-04-04,g027,b0062,reussite,7
2026-04-04,g027,b0066,echec,9
2026-04-04,g034,b0122,reussite,1
2026-04-04,g034,b0121,reussite,1
2026-04-04,g034,b0016,echec,11
2026-04-04,g034,b0095,echec,7
2026-04-04,g034,b0005,echec,6
2026-04-04,g034,b0083,reussite,6
2026-04-04,g034,b0033,reussite,3
2026-04-04,g034,b0054,reussite,2
2026-04-04,g034,b0044,echec,16
2026-04-04,g034,b0064,reussite,5
2026-04-04,g035,b0071,reussite,1
2026-04-04,g035,b0083,echec,11
2026-04-04,g035,b0022,echec,13
2026-04-04,g035,b0104,echec,7
2026-04-04,g035,b0130,echec,1
2026-04-04,g035,b0113,echec,14
2026-04-04,g035,b0136,echec,18
2026-04-04,g035,b0145,echec,14
2026-04-04,g035,b0073,echec,16
2026-04-04,g035,b0144,echec,17
2026-04-04,g045,b0085,reussite,1
2026-04-04,g045,b0145,reussite,1
2026-04-04,g045,b0147,echec,17
2026-04-04,g045,b0128,echec,6
2026-04-04,g045,b0006,reussite,8
2026-04-04,g045,b0117,echec,11
2026-04-04,g045,b0084,reussite,6
2026-04-04,g045,b0034,reussite,9
2026-04-04,g045,b0058,echec,13
2026-04-04,g045,b0004,echec,7
2026-04-04,g045,b0133,reussite,12
2026-04-04,g045,b0033,reussite,3
2026-04-04,g045,b0086,reussite,6
2026-04-04,g045,b0097,echec,16
2026-04-04,g045,b0077,echec,17
2026-04-04,g045,b0095,echec,6
2026-04-04,g045,b0108,echec,7
2026-04-04,g045,b0076,echec,12
2026-04-04,g045,b0005,echec,13
2026-04-04,g045,b0016,reussite,5
2026-04-05,g001,b0052,reussite,1
2026-04-05,g001,b0054,reussite,1
2026-04-05,g001,b0005,echec,7
2026-04-05,g001,b0033,echec,15
2026-04-05,g001,b0006,echec,9
2026-04-05,g001,b0002,reussite,1
2026-04-05,g001,b0044,echec,17
2026-04-05,g001,b0030,reussite,1
2026-04-05,g007,b0123,reussite,1
2026-04-05,g007,b0123,reussite,1
2026-04-05,g007,b0073,reussite,11
2026-04-05,g007,b0145,echec,12
2026-04-05,g007,b0066,reussite,5
2026-04-05,g007,b0133,echec,17
2026-04-05,g007,b0126,echec,10
2026-04-05,g007,b0116,echec,8
2026-04-05,g007,b0124,echec,11
2026-04-05,g010,b0074,echec,7
2026-04-05,g010,b0134,reussite,6
2026-04-05,g010,b0076,echec,5
2026-04-05,g010,b0026,echec,16
2026-04-05,g010,b0072,reussite,1
2026-04-05,g010,b0006,echec,10
2026-04-05,g010,b0084,reussite,9
2026-04-05,g027,b0122,reussite,1
2026-04-05,g027,b0123,reussite,1
2026-04-05,g027,b0091,echec,10
2026-04-05,g027,b0105,echec,11
2026-04-05,g027,b0115,echec,12
2026-04-05,g027,b0121,reussite,8
2026-04-05,g027,b0112,reussite,2
2026-04-05,g027,b0076,echec,11
2026-04-05,g027,b0092,echec,8
2026-04-05,g035,b0122,reussite,1
2026-04-05,g035,b0103,reussite,4
2026-04-05,g035,b0063,reussite,6
2026-04-05,g035,b0061,echec,9
2026-04-05,g035,b0123,echec,13
2026-04-05,g035,b0121,echec,2
2026-04-05,g035,b0064,reussite,13
2026-04-05,g040,b0125,echec,10
2026-04-05,g040,b0095,echec,15
2026-04-05,g040,b0096,echec,9
2026-04-05,g040,b0044,echec,15
2026-04-05,g040,b0104,echec,13
2026-04-05,g040,b0134,reussite,17
2026-04-05,g044,b0115,reussite,1
2026-04-05,g044,b0053,reussite,1
2026-04-05,g044,b0034,echec,12
2026-04-05,g044,b0075,reussite,7
2026-04-05,g044,b0033,reussite,8
2026-04-05,g044,b0136,echec,7
2026-04-05,g044,b0073,echec,6
2026-04-05,g044,b0055,echec,7
2026-04-05,g044,b0105,echec,4
2026-04-05,g044,b0145,echec,7
2026-04-05,g050,b0091,reussite,1
2026-04-05,g050,b0103,reussite,1
2026-04-05,g050,b0053,echec,8
2026-04-05,g050,b0136,echec,15
2026-04-05,g050,b0143,reussite,1
2026-04-05,g050,b0123,echec,7
2026-04-05,g050,b0083,reussite,8
2026-04-05,g050,b0092,echec,12
2026-04-05,g052,b0054,reussite,1
2026-04-05,g052,b0062,reussite,1
2026-04-05,g052,b0075,echec,7
2026-04-05,g052,b0063,reussite,1
2026-04-05,g052,b0072,reussite,1
2026-04-05,g052,b0136,echec,14
2026-04-05,g052,b0053,echec,4
2026-04-05,g052,b0075,echec,4
2026-04-05,g052,b0083,reussite,9
2026-04-06,g003,b0113,reussite,1
2026-04-06,g003,b0123,echec,2
2026-04-06,g003,b0062,reussite,3
2026-04-06,g003,b0124,reussite,7
2026-04-06,g003,b0118,echec,14
2026-04-06,g003,b0073,reussite,1
2026-04-06,g003,b0139,reussite,1
2026-04-06,g003,b0092,reussite,3
2026-04-06,g003,b0004,echec,16
2026-04-06,g003,b0093,reussite,2
2026-04-06,g003,b0061,reussite,1
2026-04-06,g003,b0013,reussite,2
2026-04-06,g003,b0006,echec,7
2026-04-06,g003,b0034,echec,8
2026-04-06,g003,b0074,echec,7
2026-04-06,g003,b0005,echec,8
2026-04-06,g003,b0091,reussite,1
2026-04-06,g004,b0124,reussite,1
2026-04-06,g004,b0136,reussite,1
2026-04-06,g004,b0083,echec,2
2026-04-06,g004,b0128,echec,14
2026-04-06,g004,b0073,echec,6
2026-04-06,g004,b0034,reussite,5
2026-04-06,g004,b0133,reussite,14
2026-04-06,g004,b0055,echec,11
2026-04-06,g008,b0114,reussite,1
2026-04-06,g008,b0145,reussite,1
2026-04-06,g008,b0077,echec,14
2026-04-06,g008,b0136,reussite,7
2026-04-06,g008,b0034,reussite,2
2026-04-06,g008,b0064,reussite,1
2026-04-06,g008,b0095,echec,5
2026-04-06,g008,b0106,reussite,6
2026-04-06,g008,b0085,echec,11
2026-04-06,g008,b0075,reussite,3
2026-04-06,g008,b0129,echec,15
2026-04-06,g012,b0136,reussite,1
2026-04-06,g012,b0066,reussite,1
2026-04-06,g012,b0055,echec,17
2026-04-06,g012,b0147,echec,8
2026-04-06,g012,b0053,reussite,1
2026-04-06,g012,b0095,reussite,10
2026-04-06,g012,b0094,echec,6
2026-04-06,g012,b0034,echec,7
2026-04-06,g012,b0074,echec,9
2026-04-06,g013,b0064,reussite,1
2026-04-06,g013,b0073,reussite,1
2026-04-06,g013,b0140,echec,14
2026-04-06,g017,b0004,echec,12
2026-04-06,g017,b0002,reussite,1
2026-04-06,g017,b0005,echec,18
2026-04-06,g017,b0021,reussite,1
2026-04-06,g017,b0119,reussite,1
2026-04-06,g017,b0006,echec,16
2026-04-06,g017,b0126,echec,18
2026-04-06,g017,b0108,echec,12
2026-04-06,g017,b0089,echec,17
2026-04-06,g017,b0026,echec,15
2026-04-06,g017,b0080,reussite,1
2026-04-06,g017,b0044,echec,17
2026-04-06,g017,b0046,echec,15
2026-04-06,g017,b0047,echec,8
2026-04-06,g017,b0020,echec,9
2026-04-06,g017,b0070,echec,12
2026-04-06,g017,b0099,echec,10
2026-04-06,g024,b0111,reussite,1
2026-04-06,g024,b0122,reussite,1
2026-04-06,g024,b0002,reussite,2
2026-04-06,g024,b0071,reussite,1
2026-04-06,g024,b0030,reussite,1
2026-04-06,g024,b0006,echec,10
2026-04-06,g024,b0092,echec,8
2026-04-06,g024,b0060,reussite,1
2026-04-06,g024,b0052,reussite,1
2026-04-06,g024,b0081,reussite,9
2026-04-06,g024,b0106,echec,10
2026-04-06,g024,b0090,reussite,1
2026-04-06,g025,b0095,reussite,1
2026-04-06,g025,b0104,reussite,1
2026-04-06,g025,b0034,reussite,3
2026-04-06,g025,b0147,echec,12
2026-04-06,g025,b0073,reussite,1
2026-04-06,g025,b0094,reussite,6
2026-04-06,g025,b0146,echec,9
2026-04-06,g025,b0107,echec,11
2026-04-06,g026,b0026,echec,8
2026-04-06,g026,b0055,echec,8
2026-04-06,g026,b0087,echec,11
2026-04-06,g026,b0113,reussite,1
2026-04-06,g026,b0105,reussite,1
2026-04-06,g026,b0135,echec,12
2026-04-06,g026,b0044,echec,11
2026-04-06,g026,b0053,reussite,1
2026-04-06,g026,b0136,echec,3
2026-04-06,g026,b0116,echec,12
2026-04-06,g028,b0072,reussite,5
2026-04-06,g028,b0006,reussite,11
2026-04-06,g028,b0124,echec,10
2026-04-06,g028,b0057,echec,16
2026-04-06,g028,b0034,echec,13
2026-04-06,g028,b0134,echec,14
2026-04-06,g028,b0084,echec,11
2026-04-06,g028,b0144,echec,8
2026-04-06,g028,b0114,echec,13
2026-04-06,g029,b0117,echec,16
2026-04-06,g029,b0034,echec,6
2026-04-06,g029,b0062,reussite,2
2026-04-06,g029,b0006,echec,17
2026-04-06,g029,b0135,echec,17
2026-04-06,g029,b0143,reussite,1
2026-04-06,g029,b0123,reussite,2
2026-04-06,g029,b0105,reussite,12
2026-04-06,g029,b0106,echec,16
2026-04-06,g032,b0123,reussite,1
2026-04-06,g032,b0123,reussite,1
2026-04-06,g032,b0084,echec,11
2026-04-06,g032,b0091,reussite,1
2026-04-06,g032,b0124,echec,10
2026-04-06,g032,b0053,echec,6
2026-04-06,g032,b0134,echec,7
2026-04-06,g032,b0054,reussite,3
2026-04-06,g032,b0062,echec,2
2026-04-06,g032,b0072,echec,7
2026-04-06,g032,b0136,echec,12
2026-04-06,g032,b0103,reussite,1
2026-04-06,g032,b0115,reussite,1
2026-04-06,g032,b0073,echec,16
2026-04-06,g032,b0076,echec,15
2026-04-06,g032,b0075,echec,11
2026-04-06,g032,b0092,reussite,7
2026-04-06,g032,b0128,echec,17
2026-04-06,g032,b0013,reussite,1
2026-04-06,g032,b0104,echec,18
2026-04-06,g033,b0055,reussite,1
2026-04-06,g033,b0083,reussite,1
2026-04-06,g033,b0096,echec,4
2026-04-06,g033,b0138,echec,13
2026-04-06,g033,b0076,reussite,2
2026-04-06,g033,b0087,reussite,8
2026-04-06,g033,b0126,echec,10
2026-04-06,g033,b0108,echec,13
2026-04-06,g033,b0085,echec,10
2026-04-06,g033,b0026,echec,6
2026-04-06,g033,b0056,echec,11
2026-04-06,g033,b0088,echec,8
2026-04-06,g034,b0136,reussite,1
2026-04-06,g034,b0123,reussite,1
2026-04-06,g034,b0066,reussite,3
2026-04-06,g034,b0124,reussite,4
2026-04-06,g034,b0073,echec,9
2026-04-06,g034,b0055,echec,13
2026-04-06,g034,b0145,reussite,8
2026-04-06,g034,b0006,echec,9
2026-04-06,g034,b0034,echec,16
2026-04-06,g034,b0065,echec,8
2026-04-06,g037,b0095,echec,4
2026-04-06,g037,b0117,echec,17
2026-04-06,g037,b0073,reussite,1
2026-04-06,g037,b0058,echec,16
2026-04-06,g037,b0044,echec,16
2026-04-06,g037,b0129,echec,17
2026-04-06,g037,b0146,echec,8
2026-04-06,g037,b0006,reussite,3
2026-04-06,g037,b0034,reussite,2
2026-04-06,g043,b0072,reussite,1
2026-04-06,g043,b0121,reussite,1
2026-04-06,g043,b0066,echec,10
2026-04-06,g043,b0091,reussite,1
2026-04-06,g043,b0143,reussite,1
2026-04-06,g043,b0081,echec,9
2026-04-06,g043,b0108,echec,17
2026-04-06,g043,b0083,echec,11
2026-04-06,g043,b0063,reussite,1
2026-04-06,g043,b0092,echec,5
2026-04-06,g043,b0075,echec,9
2026-04-06,g043,b0034,echec,13
2026-04-06,g046,b0002,reussite,1
2026-04-06,g046,b0065,echec,11
2026-04-06,g046,b0083,reussite,9
2026-04-06,g046,b0141,reussite,1
2026-04-06,g046,b0075,echec,7
2026-04-06,g046,b0006,echec,7
2026-04-06,g046,b0066,reussite,6
2026-04-06,g046,b0124,echec,9
2026-04-06,g046,b0073,echec,6
2026-04-06,g046,b0080,echec,1
2026-04-06,g046,b0080,reussite,1
2026-04-06,g046,b0055,echec,11
2026-04-06,g046,b0076,echec,18
2026-04-06,g046,b0026,echec,13
2026-04-06,g046,b0086,echec,13
2026-04-06,g046,b0095,echec,9
2026-04-06,g046,b0006,reussite,14
2026-04-06,g046,b0051,reussite,1
2026-04-06,g047,b0122,reussite,1
2026-04-06,g047,b0057,echec,16
2026-04-06,g047,b0078,echec,11
2026-04-06,g047,b0056,echec,14
2026-04-06,g047,b0096,echec,9
2026-04-06,g047,b0088,echec,16
2026-04-06,g047,b0034,echec,10
2026-04-06,g047,b0146,echec,10
2026-04-06,g047,b0117,echec,8
2026-04-07,g008,b0144,reussite,1
2026-04-07,g008,b0127,echec,8
2026-04-07,g008,b0105,reussite,1
2026-04-07,g008,b0145,reussite,7
2026-04-07,g008,b0106,echec,16
2026-04-07,g008,b0095,echec,13
2026-04-07,g008,b0124,reussite,2
2026-04-07,g008,b0096,echec,14
2026-04-07,g008,b0116,echec,7
2026-04-07,g008,b0034,echec,7
2026-04-07,g010,b0144,reussite,12
2026-04-07,g010,b0075,reussite,4
2026-04-07,g010,b0073,reussite,2
2026-04-07,g010,b0147,echec,14
2026-04-07,g010,b0084,echec,8
2026-04-07,g012,b0064,reussite,2
2026-04-07,g012,b0104,echec,12
2026-04-07,g012,b0083,reussite,2
2026-04-07,g012,b0124,echec,3
2026-04-07,g012,b0145,echec,8
2026-04-07,g012,b0136,reussite,11
2026-04-07,g012,b0105,reussite,5
2026-04-07,g012,b0075,echec,3
2026-04-07,g012,b0084,echec,15
2026-04-07,g015,b0133,reussite,1
2026-04-07,g015,b0106,reussite,1
2026-04-07,g015,b0126,reussite,8
2026-04-07,g015,b0065,reussite,7
2026-04-07,g015,b0087,echec,17
2026-04-07,g015,b0094,echec,9
2026-04-07,g015,b0095,echec,11
2026-04-07,g015,b0074,reussite,14
2026-04-07,g015,b0076,echec,8
2026-04-07,g015,b0055,echec,9
2026-04-07,g016,b0095,reussite,10
2026-04-07,g016,b0094,echec,7
2026-04-07,g016,b0114,echec,16
2026-04-07,g016,b0026,echec,6
2026-04-07,g016,b0034,echec,6
2026-04-07,g016,b0125,echec,8
2026-04-07,g016,b0013,reussite,1
2026-04-07,g016,b0002,reussite,1
2026-04-07,g022,b0123,reussite,1
2026-04-07,g022,b0142,reussite,1
2026-04-07,g022,b0095,echec,14
2026-04-07,g022,b0072,reussite,1
2026-04-07,g022,b0104,reussite,15
2026-04-07,g022,b0107,echec,9
2026-04-07,g022,b0116,echec,9
2026-04-07,g022,b0034,echec,12
2026-04-07,g023,b0092,reussite,1
2026-04-07,g023,b0072,reussite,2
2026-04-07,g023,b0144,echec,9
2026-04-07,g023,b0125,reussite,7
2026-04-07,g023,b0123,reussite,1
2026-04-07,g023,b0073,reussite,8
2026-04-07,g023,b0095,echec,8
2026-04-07,g023,b0034,reussite,16
2026-04-07,g023,b0062,reussite,2
2026-04-07,g023,b0075,echec,5
2026-04-07,g024,b0064,echec,8
2026-04-07,g024,b0072,echec,8
2026-04-07,g024,b0053,echec,12
2026-04-07,g024,b0092,echec,9
2026-04-07,g024,b0080,reussite,2
2026-04-07,g024,b0136,echec,12
2026-04-07,g025,b0116,echec,7
2026-04-07,g025,b0055,echec,5
2026-04-07,g025,b0075,reussite,2
2026-04-07,g025,b0096,echec,6
2026-04-07,g025,b0095,reussite,7
2026-04-07,g025,b0145,echec,3
2026-04-07,g025,b0055,echec,7
2026-04-07,g025,b0076,echec,8
2026-04-07,g025,b0087,echec,9
2026-04-07,g025,b0074,echec,7
2026-04-07,g025,b0126,reussite,9
2026-04-07,g025,b0135,echec,8
2026-04-07,g025,b0109,echec,12
2026-04-07,g026,b0066,reussite,1
2026-04-07,g026,b0026,echec,14
2026-04-07,g026,b0065,echec,6
2026-04-07,g026,b0126,echec,13
2026-04-07,g026,b0064,reussite,2
2026-04-07,g026,b0125,echec,6
2026-04-07,g026,b0072,reussite,1
2026-04-07,g026,b0004,echec,12
2026-04-07,g028,b0054,reussite,1
2026-04-07,g028,b0092,reussite,9
2026-04-07,g028,b0083,reussite,9
2026-04-07,g028,b0073,reussite,16
2026-04-07,g028,b0075,echec,14
2026-04-07,g028,b0136,echec,7
2026-04-07,g028,b0066,echec,10
2026-04-07,g033,b0005,reussite,1
2026-04-07,g033,b0074,reussite,1
2026-04-07,g033,b0081,reussite,1
2026-04-07,g033,b0004,reussite,2
2026-04-07,g033,b0126,reussite,5
2026-04-07,g033,b0128,echec,14
2026-04-07,g033,b0026,echec,11
2026-04-07,g033,b0108,reussite,9
2026-04-07,g033,b0107,echec,13
2026-04-07,g033,b0135,echec,10
2026-04-07,g033,b0129,echec,10
2026-04-07,g033,b0088,echec,6
2026-04-07,g043,b0034,echec,7
2026-04-07,g043,b0072,reussite,2
2026-04-07,g043,b0121,reussite,1
2026-04-07,g043,b0083,echec,8
2026-04-07,g043,b0103,echec,2
2026-04-07,g043,b0002,reussite,1
2026-04-07,g043,b0093,reussite,2
2026-04-07,g043,b0075,echec,12
2026-04-07,g043,b0013,reussite,1
2026-04-07,g044,b0093,reussite,1
2026-04-07,g044,b0124,reussite,1
2026-04-07,g044,b0034,echec,16
2026-04-07,g044,b0095,echec,9
2026-04-07,g044,b0004,echec,10
2026-04-07,g044,b0085,echec,16
2026-04-07,g044,b0013,reussite,1
2026-04-07,g044,b0002,reussite,1
2026-04-07,g044,b0005,echec,11
2026-04-07,g044,b0112,reussite,1
2026-04-07,g044,b0088,echec,16
2026-04-07,g044,b0034,echec,12
2026-04-07,g044,b0086,echec,10
2026-04-07,g044,b0005,reussite,7
2026-04-07,g044,b0044,echec,11
2026-04-07,g044,b0060,reussite,1
2026-04-07,g044,b0004,echec,11
2026-04-07,g044,b0046,echec,7
2026-04-07,g045,b0074,reussite,1
2026-04-07,g045,b0136,reussite,1
2026-04-07,g045,b0116,echec,15
2026-04-07,g045,b0092,reussite,2
2026-04-07,g045,b0083,reussite,2
2026-04-07,g045,b0077,echec,14
2026-04-07,g045,b0085,reussite,14
2026-04-07,g045,b0058,echec,13
2026-04-07,g045,b0106,echec,7
2026-04-07,g045,b0064,reussite,1
2026-04-07,g045,b0004,echec,11
2026-04-07,g045,b0134,echec,5
2026-04-07,g045,b0116,echec,15
2026-04-07,g045,b0106,echec,12
2026-04-07,g045,b0087,echec,8
2026-04-07,g045,b0126,echec,16
2026-04-07,g045,b0097,echec,10
2026-04-07,g054,b0092,reussite,1
2026-04-07,g054,b0058,echec,17
2026-04-07,g054,b0055,echec,11
2026-04-07,g054,b0134,echec,12
2026-04-07,g054,b0081,reussite,5
2026-04-07,g054,b0075,echec,8
2026-04-07,g054,b0073,reussite,6
2026-04-08,g001,b0121,reussite,1
2026-04-08,g001,b0081,reussite,1
2026-04-08,g001,b0034,echec,16
2026-04-08,g001,b0013,reussite,1
2026-04-08,g001,b0092,reussite,8
2026-04-08,g001,b0063,reussite,1
2026-04-08,g001,b0086,echec,8
2026-04-08,g001,b0095,echec,11
2026-04-08,g001,b0076,echec,12
2026-04-08,g001,b0026,echec,16
2026-04-08,g001,b0004,echec,15
2026-04-08,g002,b0145,reussite,1
2026-04-08,g002,b0004,echec,7
2026-04-08,g002,b0034,echec,12
2026-04-08,g002,b0056,echec,10
2026-04-08,g002,b0093,reussite,1
2026-04-08,g002,b0084,echec,9
2026-04-08,g002,b0087,echec,7
2026-04-08,g002,b0114,echec,8
2026-04-08,g006,b0145,echec,10
2026-04-08,g006,b0115,reussite,1
2026-04-08,g006,b0142,reussite,2
2026-04-08,g006,b0055,echec,11
2026-04-08,g006,b0106,echec,18
2026-04-08,g006,b0083,echec,10
2026-04-08,g006,b0104,echec,15
2026-04-08,g009,b0134,echec,11
2026-04-08,g009,b0133,reussite,9
2026-04-08,g009,b0106,echec,11
2026-04-08,g009,b0116,echec,7
2026-04-08,g009,b0126,echec,6
2026-04-08,g009,b0147,echec,10
2026-04-08,g009,b0129,echec,18
2026-04-08,g017,b0034,echec,16
2026-04-08,g017,b0013,echec,1
2026-04-08,g017,b0082,reussite,1
2026-04-08,g017,b0065,echec,11
2026-04-08,g017,b0112,reussite,1
2026-04-08,g017,b0086,echec,15
2026-04-08,g029,b0053,reussite,1
2026-04-08,g029,b0053,reussite,1
2026-04-08,g029,b0126,echec,9
2026-04-08,g029,b0083,reussite,4
2026-04-08,g029,b0116,echec,8
2026-04-08,g029,b0124,echec,13
2026-04-08,g029,b0064,reussite,6
2026-04-08,g029,b0113,reussite,9
2026-04-08,g029,b0055,echec,18
2026-04-08,g029,b0056,echec,7
2026-04-08,g030,b0091,reussite,1
2026-04-08,g030,b0073,echec,14
2026-04-08,g030,b0094,echec,14
2026-04-08,g030,b0072,reussite,5
2026-04-08,g030,b0053,echec,10
2026-04-08,g030,b0081,echec,6
2026-04-08,g030,b0034,echec,7
2026-04-08,g030,b0092,echec,11
2026-04-08,g030,b0064,echec,9
2026-04-08,g030,b0075,echec,17
2026-04-08,g030,b0054,echec,5
2026-04-08,g031,b0143,reussite,1
2026-04-08,g031,b0115,reussite,1
2026-04-08,g031,b0072,echec,4
2026-04-08,g031,b0086,echec,11
2026-04-08,g031,b0013,reussite,1
2026-04-08,g031,b0004,echec,15
2026-04-08,g031,b0092,reussite,6
2026-04-08,g031,b0063,reussite,1
2026-04-08,g031,b0026,echec,14
2026-04-08,g031,b0044,echec,15
2026-04-08,g031,b0052,reussite,1
2026-04-08,g035,b0133,echec,15
2026-04-08,g035,b0145,echec,17
2026-04-08,g035,b0030,reussite,1
2026-04-08,g035,b0094,echec,18
2026-04-08,g035,b0144,echec,16
2026-04-08,g035,b0125,echec,7
2026-04-08,g035,b0034,echec,9
2026-04-08,g035,b0086,echec,15
2026-04-08,g041,b0081,reussite,1
2026-04-08,g041,b0121,reussite,1
2026-04-08,g041,b0064,echec,8
2026-04-08,g041,b0004,echec,17
2026-04-08,g041,b0053,echec,5
2026-04-08,g041,b0086,echec,13
2026-04-08,g041,b0013,reussite,2
2026-04-08,g041,b0072,echec,8
2026-04-08,g041,b0063,reussite,1
2026-04-08,g041,b0034,echec,10
2026-04-08,g041,b0090,reussite,1
2026-04-08,g041,b0074,echec,10
2026-04-08,g042,b0142,reussite,1
2026-04-08,g042,b0074,reussite,9
2026-04-08,g042,b0106,echec,10
2026-04-08,g042,b0116,echec,12
2026-04-08,g042,b0055,echec,14
2026-04-08,g042,b0095,echec,5
2026-04-08,g044,b0112,reussite,1
2026-04-08,g044,b0030,reussite,1
2026-04-08,g044,b0051,reussite,1
2026-04-08,g044,b0026,echec,13
2026-04-08,g044,b0034,echec,12
2026-04-08,g044,b0076,echec,17
2026-04-08,g044,b0004,echec,8
2026-04-08,g044,b0130,reussite,1
2026-04-08,g044,b0052,reussite,1
2026-04-08,g044,b0138,echec,7
2026-04-08,g044,b0074,echec,9
2026-04-08,g049,b0081,reussite,1
2026-04-08,g049,b0054,reussite,1
2026-04-08,g049,b0125,echec,9
2026-04-08,g049,b0134,echec,17
2026-04-08,g049,b0034,echec,11
2026-04-08,g049,b0055,echec,13
2026-04-08,g049,b0094,echec,11
2026-04-08,g049,b0086,echec,9
2026-04-08,g049,b0104,echec,16
2026-04-08,g049,b0133,echec,13
2026-04-08,g049,b0080,reussite,1
2026-04-08,g053,b0113,reussite,1
2026-04-08,g053,b0080,reussite,1
2026-04-08,g053,b0061,reussite,2
2026-04-08,g053,b0064,echec,8
2026-04-09,g007,b0092,echec,2
2026-04-09,g007,b0134,echec,15
2026-04-09,g007,b0108,echec,14
2026-04-09,g007,b0064,reussite,7
2026-04-09,g007,b0094,reussite,13
2026-04-09,g007,b0093,reussite,1
2026-04-09,g007,b0091,reussite,2
2026-04-09,g007,b0075,reussite,8
2026-04-09,g007,b0053,echec,2
2026-04-09,g007,b0083,echec,7
2026-04-09,g009,b0075,echec,3
2026-04-09,g009,b0114,reussite,7
2026-04-09,g009,b0145,reussite,5
2026-04-09,g009,b0087,echec,8
2026-04-09,g009,b0106,echec,16
2026-04-09,g009,b0084,echec,10
2026-04-09,g009,b0096,echec,11
2026-04-09,g009,b0066,reussite,3
2026-04-09,g009,b0095,echec,7
2026-04-09,g009,b0108,echec,6
2026-04-09,g010,b0073,reussite,1
2026-04-09,g010,b0073,reussite,1
2026-04-09,g010,b0084,echec,12
2026-04-09,g010,b0147,echec,10
2026-04-09,g010,b0066,reussite,2
2026-04-09,g010,b0081,reussite,2
2026-04-09,g010,b0095,echec,12
2026-04-09,g010,b0076,echec,12
2026-04-09,g012,b0129,echec,15
2026-04-09,g012,b0094,echec,12
2026-04-09,g012,b0086,echec,15
2026-04-09,g012,b0074,echec,9
2026-04-09,g012,b0095,echec,9
2026-04-09,g012,b0076,echec,9
2026-04-09,g012,b0144,echec,7
2026-04-09,g012,b0133,reussite,6
2026-04-09,g012,b0076,reussite,1
2026-04-09,g012,b0054,reussite,1
2026-04-09,g012,b0057,echec,7
2026-04-09,g012,b0056,echec,16
2026-04-09,g012,b0086,echec,7
2026-04-09,g012,b0013,reussite,1
2026-04-09,g012,b0094,echec,9
2026-04-09,g012,b0074,echec,13
2026-04-09,g012,b0146,echec,15
2026-04-09,g012,b0078,echec,7
2026-04-09,g012,b0055,echec,15
2026-04-09,g014,b0094,echec,5
2026-04-09,g014,b0074,echec,8
2026-04-09,g014,b0061,echec,1
2026-04-09,g014,b0084,echec,8
2026-04-09,g014,b0057,echec,8
2026-04-09,g014,b0086,echec,6
2026-04-09,g014,b0076,echec,10
2026-04-09,g014,b0095,echec,16
2026-04-09,g014,b0013,reussite,1
2026-04-09,g015,b0134,reussite,1
2026-04-09,g015,b0076,reussite,6
2026-04-09,g015,b0075,reussite,3
2026-04-09,g015,b0107,echec,8
2026-04-09,g015,b0127,echec,9
2026-04-09,g015,b0095,echec,6
2026-04-09,g015,b0066,echec,2
2026-04-09,g017,b0139,reussite,1
2026-04-09,g017,b0030,reussite,1
2026-04-09,g017,b0090,reussite,1
2026-04-09,g017,b0076,echec,12
2026-04-09,g017,b0095,echec,6
2026-04-09,g017,b0069,reussite,1
2026-04-09,g017,b0131,reussite,1
2026-04-09,g017,b0147,echec,14
2026-04-09,g017,b0060,reussite,1
2026-04-09,g017,b0135,echec,11
2026-04-09,g017,b0128,echec,15
2026-04-09,g035,b0122,reussite,1
2026-04-09,g035,b0082,reussite,2
2026-04-09,g035,b0081,echec,15
2026-04-09,g035,b0124,echec,13
2026-04-09,g035,b0136,echec,16
2026-04-09,g035,b0093,echec,6
2026-04-09,g035,b0080,reussite,1
2026-04-09,g035,b0092,echec,15
2026-04-09,g035,b0054,echec,11
2026-04-09,g035,b0062,echec,6
2026-04-09,g035,b0075,echec,18
2026-04-09,g038,b0123,reussite,1
2026-04-09,g038,b0093,reussite,6
2026-04-09,g038,b0102,reussite,1
2026-04-09,g038,b0072,echec,14
2026-04-09,g038,b0091,echec,5
2026-04-09,g038,b0124,echec,17
2026-04-09,g038,b0063,reussite,3
2026-04-09,g040,b0053,reussite,1
2026-04-09,g040,b0061,reussite,1
2026-04-09,g040,b0114,echec,14
2026-04-09,g040,b0083,reussite,7
2026-04-09,g040,b0091,reussite,1
2026-04-09,g040,b0064,reussite,7
2026-04-09,g040,b0081,echec,3
2026-04-09,g040,b0092,echec,4
2026-04-09,g040,b0086,echec,11
2026-04-09,g040,b0116,echec,12
2026-04-09,g040,b0093,reussite,1
2026-04-09,g040,b0076,echec,17
2026-04-09,g045,b0083,reussite,1
2026-04-09,g045,b0075,reussite,1
2026-04-09,g045,b0065,reussite,3
2026-04-09,g045,b0114,reussite,7
2026-04-09,g045,b0096,echec,11
2026-04-09,g045,b0126,echec,7
2026-04-09,g045,b0073,reussite,3
2026-04-09,g045,b0116,echec,8
2026-04-09,g045,b0064,reussite,2
2026-04-09,g048,b0121,reussite,1
2026-04-09,g048,b0066,echec,11
2026-04-09,g048,b0061,reussite,2
2026-04-09,g048,b0124,echec,9
2026-04-09,g048,b0083,echec,15
2026-04-09,g048,b0092,echec,7
2026-04-09,g048,b0054,reussite,4
2026-04-10,g001,b0075,echec,13
2026-04-10,g001,b0094,echec,16
2026-04-10,g001,b0084,echec,15
2026-04-10,g001,b0143,reussite,1
2026-04-10,g001,b0064,echec,9
2026-04-10,g001,b0074,echec,12
2026-04-10,g001,b0093,reussite,1
2026-04-10,g001,b0083,echec,9
2026-04-10,g001,b0081,reussite,3
2026-04-10,g008,b0086,echec,13
2026-04-10,g008,b0083,reussite,1
2026-04-10,g008,b0076,reussite,6
2026-04-10,g008,b0081,reussite,1
2026-04-10,g008,b0072,reussite,1
2026-04-10,g008,b0096,echec,7
2026-04-10,g008,b0046,echec,14
2026-04-10,g008,b0055,echec,8
2026-04-10,g008,b0092,reussite,1
2026-04-10,g013,b0108,reussite,1
2026-04-10,g013,b0056,echec,12
2026-04-10,g013,b0104,reussite,2
2026-04-10,g013,b0077,echec,13
2026-04-10,g013,b0089,echec,16
2026-04-10,g015,b0114,reussite,1
2026-04-10,g015,b0142,reussite,1
2026-04-10,g015,b0055,echec,15
2026-04-10,g015,b0133,reussite,5
2026-04-10,g015,b0073,reussite,1
2026-04-10,g016,b0064,reussite,1
2026-04-10,g016,b0054,reussite,3
2026-04-10,g016,b0136,echec,12
2026-04-10,g016,b0065,echec,11
2026-04-10,g016,b0106,echec,8
2026-04-10,g016,b0144,echec,12
2026-04-10,g016,b0083,reussite,8
2026-04-10,g016,b0093,reussite,1
2026-04-10,g016,b0073,echec,7
2026-04-10,g016,b0075,reussite,6
2026-04-10,g032,b0054,reussite,1
2026-04-10,g032,b0072,reussite,1
2026-04-10,g032,b0128,echec,8
2026-04-10,g032,b0084,echec,9
2026-04-10,g032,b0093,reussite,1
2026-04-10,g032,b0064,reussite,5
2026-04-10,g032,b0095,echec,15
2026-04-10,g032,b0053,reussite,2
2026-04-10,g032,b0083,reussite,14
2026-04-10,g032,b0066,reussite,5
2026-04-10,g038,b0093,reussite,1
2026-04-10,g038,b0121,reussite,1
2026-04-10,g038,b0091,reussite,5
2026-04-10,g038,b0081,echec,17
2026-04-10,g038,b0075,echec,10
2026-04-10,g038,b0130,reussite,1
2026-04-10,g038,b0051,reussite,1
2026-04-10,g038,b0071,reussite,1
2026-04-10,g038,b0090,reussite,2
2026-04-10,g038,b0052,reussite,1
2026-04-10,g038,b0030,reussite,1
2026-04-10,g038,b0105,echec,15
2026-04-10,g038,b0064,echec,13
2026-04-10,g038,b0053,echec,6
2026-04-10,g038,b0061,reussite,4
2026-04-10,g038,b0060,reussite,1
2026-04-10,g038,b0083,echec,10
2026-04-10,g041,b0103,reussite,1
2026-04-10,g041,b0143,reussite,1
2026-04-10,g041,b0124,echec,7
2026-04-10,g041,b0092,reussite,7
2026-04-10,g041,b0075,echec,16
2026-04-10,g041,b0061,echec,1
2026-04-10,g041,b0062,echec,7
2026-04-10,g041,b0081,reussite,12
2026-04-10,g041,b0115,echec,5
2026-04-10,g041,b0054,echec,4
2026-04-10,g041,b0134,echec,16
2026-04-10,g043,b0115,reussite,1
2026-04-10,g043,b0083,echec,8
2026-04-10,g043,b0030,reussite,1
2026-04-10,g043,b0086,echec,12
2026-04-10,g043,b0133,echec,15
2026-04-10,g043,b0087,echec,9
2026-04-10,g043,b0065,echec,16
2026-04-10,g043,b0085,echec,10
2026-04-10,g043,b0060,reussite,1
2026-04-10,g043,b0084,echec,13
2026-04-10,g043,b0051,reussite,1
2026-04-11,g003,b0094,reussite,1
2026-04-11,g003,b0075,echec,8
2026-04-11,g003,b0086,echec,17
2026-04-11,g003,b0064,echec,7
2026-04-11,g003,b0054,reussite,4
2026-04-11,g003,b0095,echec,10
2026-04-11,g003,b0057,echec,10
2026-04-11,g010,b0083,reussite,1
2026-04-11,g010,b0077,echec,18
2026-04-11,g010,b0108,echec,14
2026-04-11,g010,b0063,reussite,1
2026-04-11,g010,b0078,echec,14
2026-04-11,g010,b0126,echec,12
2026-04-11,g010,b0106,echec,16
2026-04-11,g010,b0055,echec,7
2026-04-11,g010,b0121,reussite,1
2026-04-11,g010,b0067,echec,13
2026-04-11,g012,b0114,echec,9
2026-04-11,g012,b0055,echec,18
2026-04-11,g012,b0126,echec,18
2026-04-11,g012,b0106,echec,14
2026-04-11,g012,b0081,reussite,2
2026-04-11,g012,b0123,reussite,1
2026-04-11,g012,b0065,echec,5
2026-04-11,g012,b0133,reussite,1
2026-04-11,g012,b0088,echec,13
2026-04-11,g012,b0086,echec,7
2026-04-11,g012,b0077,echec,13
2026-04-11,g012,b0148,echec,10
2026-04-11,g012,b0116,echec,9
2026-04-11,g012,b0091,reussite,1
2026-04-11,g012,b0074,echec,11
2026-04-11,g015,b0106,echec,11
2026-04-11,g015,b0124,reussite,1
2026-04-11,g015,b0092,reussite,1
2026-04-11,g015,b0144,echec,12
2026-04-11,g017,b0143,reussite,1
2026-04-11,g017,b0132,reussite,1
2026-04-11,g017,b0101,reussite,1
2026-04-11,g017,b0117,echec,7
2026-04-11,g017,b0087,echec,17
2026-04-11,g017,b0056,echec,14
2026-04-11,g017,b0107,echec,16
2026-04-11,g017,b0096,echec,7
2026-04-11,g017,b0078,echec,10
2026-04-11,g017,b0088,echec,11
2026-04-11,g017,b0146,echec,17
2026-04-11,g017,b0077,echec,14
2026-04-11,g024,b0090,reussite,1
2026-04-11,g024,b0065,echec,14
2026-04-11,g024,b0086,echec,16
2026-04-11,g024,b0092,echec,5
2026-04-11,g024,b0066,echec,17
2026-04-11,g024,b0083,echec,16
2026-04-11,g024,b0077,echec,8
2026-04-11,g035,b0091,reussite,1
2026-04-11,g035,b0131,reussite,1
2026-04-11,g035,b0092,echec,16
2026-04-11,g035,b0083,echec,18
2026-04-11,g035,b0053,echec,15
2026-04-11,g035,b0075,echec,17
2026-04-11,g035,b0073,echec,14
2026-04-11,g035,b0052,reussite,1
2026-04-11,g041,b0078,echec,10
2026-04-11,g041,b0057,echec,15
2026-04-11,g041,b0129,echec,16
2026-04-11,g041,b0058,echec,8
2026-04-11,g041,b0056,echec,16
2026-04-11,g041,b0148,echec,13
2026-04-11,g041,b0088,echec,14
2026-04-11,g046,b0103,reussite,1
2026-04-11,g046,b0108,echec,7
2026-04-11,g046,b0069,reussite,1
2026-04-11,g046,b0129,echec,7
2026-04-11,g046,b0057,echec,6
2026-04-11,g046,b0101,reussite,1
2026-04-11,g046,b0135,echec,11
2026-04-11,g046,b0058,echec,6
2026-04-11,g046,b0128,echec,11
2026-04-11,g046,b0096,echec,15
2026-04-11,g046,b0087,echec,9
2026-04-11,g047,b0053,reussite,2
2026-04-11,g047,b0092,reussite,2
2026-04-11,g047,b0063,reussite,1
2026-04-11,g047,b0086,echec,12
2026-04-11,g047,b0074,echec,13
2026-04-11,g047,b0061,reussite,1
2026-04-12,g002,b0054,reussite,1
2026-04-12,g002,b0073,reussite,11
2026-04-12,g002,b0083,echec,3
2026-04-12,g002,b0065,echec,12
2026-04-12,g002,b0145,echec,9
2026-04-12,g002,b0125,echec,17
2026-04-12,g002,b0124,reussite,6
2026-04-12,g002,b0106,echec,9
2026-04-12,g004,b0075,reussite,5
2026-04-12,g004,b0054,reussite,1
2026-04-12,g004,b0072,reussite,2
2026-04-12,g004,b0114,echec,10
2026-04-12,g004,b0073,reussite,2
2026-04-12,g004,b0083,reussite,2
2026-04-12,g004,b0092,reussite,1
2026-04-12,g004,b0084,echec,14
2026-04-12,g004,b0086,reussite,11
2026-04-12,g004,b0062,reussite,1
2026-04-12,g004,b0096,echec,18
2026-04-12,g004,b0057,echec,17
2026-04-12,g004,b0074,echec,9
2026-04-12,g004,b0077,echec,14
2026-04-12,g004,b0055,echec,10
2026-04-12,g004,b0091,reussite,1
2026-04-12,g004,b0085,echec,8
2026-04-12,g004,b0146,echec,9
2026-04-12,g004,b0084,echec,8
2026-04-12,g013,b0086,reussite,1
2026-04-12,g013,b0134,reussite,1
2026-04-12,g013,b0067,echec,7
2026-04-12,g013,b0097,echec,14
2026-04-12,g013,b0079,echec,12
2026-04-12,g013,b0105,reussite,2
2026-04-12,g016,b0072,reussite,1
2026-04-12,g016,b0090,reussite,1
2026-04-12,g016,b0102,reussite,1
2026-04-12,g016,b0111,reussite,1
2026-04-12,g016,b0107,echec,15
2026-04-12,g016,b0094,echec,15
2026-04-12,g016,b0135,echec,10
2026-04-12,g016,b0082,reussite,1
2026-04-12,g020,b0113,reussite,1
2026-04-12,g020,b0113,reussite,1
2026-04-12,g026,b0053,reussite,1
2026-04-12,g026,b0095,echec,13
2026-04-12,g026,b0081,reussite,1
2026-04-12,g026,b0074,reussite,10
2026-04-12,g026,b0136,reussite,2
2026-04-12,g026,b0083,reussite,2
2026-04-12,g026,b0055,echec,14
2026-04-12,g026,b0086,echec,10
2026-04-12,g027,b0111,reussite,1
2026-04-12,g027,b0115,reussite,1
2026-04-12,g027,b0060,reussite,1
2026-04-12,g027,b0051,reussite,2
2026-04-12,g027,b0073,echec,17
2026-04-12,g027,b0075,echec,10
2026-04-12,g027,b0094,echec,10
2026-04-12,g027,b0074,echec,8
2026-04-12,g027,b0116,echec,17
2026-04-12,g027,b0064,echec,8
2026-04-12,g027,b0054,echec,6
2026-04-12,g027,b0053,echec,10
2026-04-12,g030,b0064,echec,8
2026-04-12,g030,b0062,echec,8
2026-04-12,g030,b0066,reussite,6
2026-04-12,g030,b0124,echec,16
2026-04-12,g030,b0144,echec,17
2026-04-12,g030,b0091,reussite,1
2026-04-12,g033,b0084,reussite,1
2026-04-12,g033,b0108,reussite,1
2026-04-12,g033,b0096,echec,7
2026-04-12,g033,b0133,reussite,3
2026-04-12,g033,b0107,echec,6
2026-04-12,g033,b0056,echec,7
2026-04-12,g033,b0067,echec,14
2026-04-12,g033,b0077,echec,15
2026-04-12,g033,b0057,reussite,13
2026-04-12,g033,b0148,echec,10
2026-04-12,g033,b0117,reussite,12
2026-04-12,g046,b0143,reussite,1
2026-04-12,g046,b0143,reussite,1
2026-04-12,g046,b0074,echec,9
2026-04-12,g046,b0111,reussite,1
2026-04-12,g046,b0086,echec,7
2026-04-12,g046,b0055,echec,11
2026-04-12,g046,b0071,reussite,1
2026-04-12,g046,b0075,echec,7
2026-04-12,g046,b0127,echec,14
2026-04-12,g046,b0133,echec,11
2026-04-12,g046,b0147,echec,17
2026-04-12,g051,b0123,reussite,1
2026-04-12,g051,b0053,reussite,2
2026-04-12,g051,b0095,echec,7
2026-04-12,g051,b0055,reussite,11
2026-04-12,g051,b0144,echec,10
2026-04-12,g051,b0085,echec,17
2026-04-12,g051,b0110,echec,10
2026-04-12,g053,b0066,echec,16
2026-04-12,g053,b0053,echec,11
2026-04-12,g053,b0123,echec,5
2026-04-12,g053,b0095,echec,15
2026-04-12,g053,b0145,echec,13
2026-04-12,g053,b0142,reussite,4
2026-04-12,g054,b0081,reussite,1
2026-04-12,g054,b0142,reussite,1
2026-04-12,g054,b0113,echec,6
2026-04-12,g054,b0064,reussite,8
2026-04-12,g054,b0104,echec,9
2026-04-12,g054,b0083,echec,6
2026-04-12,g054,b0124,echec,12
2026-04-12,g054,b0145,echec,17
2026-04-12,g054,b0113,reussite,5
2026-04-12,g054,b0145,echec,16
2026-04-12,g054,b0084,echec,14
2026-04-12,g054,b0086,echec,11
2026-04-12,g054,b0080,reussite,1
2026-04-12,g054,b0114,echec,10
2026-04-12,g054,b0126,echec,10
2026-04-12,g054,b0057,echec,14
2026-04-12,g054,b0090,reussite,1
2026-04-12,g054,b0108,echec,14
2026-04-12,g055,b0053,reussite,1
2026-04-12,g055,b0115,reussite,1
2026-04-12,g055,b0083,reussite,3
2026-04-12,g055,b0104,echec,9
2026-04-12,g055,b0145,echec,9
2026-04-12,g055,b0092,reussite,2
2026-04-12,g055,b0075,reussite,3
2026-04-12,g055,b0073,echec,3
2026-04-12,g055,b0054,reussite,1
2026-04-12,g055,b0072,reussite,2
2026-04-12,g055,b0086,echec,7
2026-04-12,g055,b0064,reussite,2
2026-04-12,g055,b0084,echec,8
2026-04-12,g055,b0055,echec,17
2026-04-12,g055,b0062,reussite,2
2026-04-13,g001,b0051,reussite,1
2026-04-13,g001,b0057,echec,7
2026-04-13,g001,b0060,reussite,1
2026-04-13,g001,b0090,reussite,1
2026-04-13,g001,b0056,echec,16
2026-04-13,g001,b0096,echec,9
2026-04-13,g004,b0139,reussite,1
2026-04-13,g004,b0141,reussite,1
2026-04-13,g004,b0055,echec,10
2026-04-13,g004,b0102,reussite,1
2026-04-13,g004,b0080,reussite,1
2026-04-13,g004,b0147,echec,18
2026-04-13,g004,b0108,echec,12
2026-04-13,g004,b0058,echec,15
2026-04-13,g004,b0096,echec,15
2026-04-13,g013,b0100,echec,16
2026-04-13,g013,b0073,reussite,1
2026-04-13,g013,b0083,reussite,1
2026-04-13,g013,b0149,echec,16
2026-04-13,g013,b0150,echec,10
2026-04-13,g013,b0140,echec,14
2026-04-13,g013,b0099,echec,15
2026-04-13,g013,b0054,reussite,1
2026-04-13,g020,b0126,echec,9
2026-04-13,g020,b0108,echec,16
2026-04-13,g020,b0076,echec,12
2026-04-13,g020,b0095,echec,6
2026-04-13,g020,b0136,reussite,5
2026-04-13,g020,b0083,echec,1
2026-04-13,g023,b0143,reussite,1
2026-04-13,g023,b0073,echec,13
2026-04-13,g023,b0081,reussite,4
2026-04-13,g023,b0092,reussite,3
2026-04-13,g023,b0083,reussite,6
2026-04-13,g023,b0066,reussite,10
2026-04-13,g023,b0127,echec,18
2026-04-13,g023,b0113,echec,5
2026-04-13,g023,b0064,reussite,5
2026-04-13,g024,b0066,echec,9
2026-04-13,g024,b0053,echec,13
2026-04-13,g024,b0124,echec,9
2026-04-13,g024,b0145,echec,14
2026-04-13,g024,b0132,reussite,1
2026-04-13,g024,b0064,echec,6
2026-04-13,g035,b0063,reussite,1
2026-04-13,g035,b0063,reussite,1
2026-04-13,g035,b0081,echec,10
2026-04-13,g035,b0124,echec,12
2026-04-13,g035,b0061,reussite,4
2026-04-13,g035,b0131,reussite,1
2026-04-13,g035,b0123,echec,6
2026-04-13,g035,b0072,echec,16
2026-04-13,g046,b0054,reussite,1
2026-04-13,g046,b0123,reussite,1
2026-04-13,g046,b0084,echec,12
2026-04-13,g046,b0115,echec,7
2026-04-13,g046,b0136,echec,11
2026-04-13,g046,b0132,reussite,1
2026-04-13,g046,b0092,echec,8
2026-04-13,g046,b0053,reussite,4
2026-04-13,g049,b0142,reussite,8
2026-04-13,g049,b0092,echec,9
2026-04-13,g049,b0122,reussite,1
2026-04-13,g049,b0054,reussite,11
2026-04-13,g049,b0081,echec,14
2026-04-13,g049,b0072,reussite,6
2026-04-13,g049,b0123,reussite,11
2026-04-13,g049,b0113,echec,13
2026-04-13,g049,b0061,reussite,1
2026-04-13,g049,b0063,reussite,1
2026-04-13,g049,b0114,echec,6
2026-04-13,g049,b0053,echec,8
2026-04-13,g049,b0102,reussite,1
2026-04-13,g049,b0074,echec,17
2026-04-13,g049,b0129,echec,13
2026-04-13,g049,b0075,echec,10
2026-04-13,g049,b0084,echec,10
2026-04-13,g049,b0065,echec,6
2026-04-13,g051,b0124,echec,7
2026-04-13,g051,b0136,echec,5
2026-04-13,g051,b0123,reussite,1
2026-04-13,g051,b0149,echec,10
2026-04-13,g051,b0083,echec,3
2026-04-13,g051,b0110,echec,11
2026-04-13,g051,b0134,echec,5
2026-04-13,g051,b0105,reussite,4
2026-04-13,g051,b0123,reussite,1
2026-04-13,g051,b0123,reussite,1
2026-04-13,g051,b0134,echec,9
2026-04-13,g051,b0085,echec,16
2026-04-13,g051,b0136,echec,6
2026-04-13,g051,b0124,reussite,2
2026-04-13,g051,b0055,echec,15
2026-04-13,g051,b0092,reussite,1
2026-04-13,g051,b0083,reussite,2
2026-04-13,g051,b0075,echec,4
2026-04-14,g002,b0054,reussite,1
2026-04-14,g002,b0092,reussite,2
2026-04-14,g002,b0127,echec,17
2026-04-14,g002,b0081,reussite,5
2026-04-14,g002,b0066,reussite,5
2026-04-14,g002,b0091,reussite,1
2026-04-14,g002,b0053,reussite,3
2026-04-14,g002,b0133,echec,8
2026-04-14,g002,b0086,echec,10
2026-04-14,g002,b0063,reussite,1
2026-04-14,g002,b0095,echec,17
2026-04-14,g011,b0081,reussite,3
2026-04-14,g011,b0123,reussite,2
2026-04-14,g011,b0125,echec,8
2026-04-14,g011,b0124,echec,6
2026-04-14,g011,b0074,echec,8
2026-04-14,g011,b0076,echec,11
2026-04-14,g011,b0053,reussite,4
2026-04-14,g019,b0083,echec,12
2026-04-14,g019,b0142,reussite,5
2026-04-14,g019,b0076,echec,17
2026-04-14,g019,b0136,echec,8
2026-04-14,g019,b0066,echec,8
2026-04-14,g019,b0123,echec,5
2026-04-14,g027,b0081,echec,11
2026-04-14,g027,b0061,reussite,2
2026-04-14,g027,b0072,echec,11
2026-04-14,g027,b0124,echec,9
2026-04-14,g027,b0052,reussite,1
2026-04-14,g027,b0064,echec,15
2026-04-14,g027,b0054,echec,10
2026-04-14,g027,b0090,reussite,1
2026-04-14,g027,b0083,echec,15
2026-04-14,g027,b0119,reussite,1
2026-04-14,g027,b0093,reussite,1
2026-04-14,g027,b0077,echec,7
2026-04-14,g027,b0098,echec,8
2026-04-14,g027,b0137,echec,10
2026-04-14,g027,b0059,echec,14
2026-04-14,g027,b0118,echec,15
2026-04-14,g027,b0065,echec,9
2026-04-14,g038,b0093,reussite,1
2026-04-14,g038,b0080,reussite,2
2026-04-14,g038,b0072,echec,8
2026-04-14,g038,b0141,echec,2
2026-04-14,g038,b0053,echec,17
2026-04-14,g038,b0145,echec,7
2026-04-14,g038,b0054,reussite,13
2026-04-14,g038,b0090,echec,2
2026-04-14,g038,b0061,echec,8
2026-04-14,g038,b0092,echec,10
2026-04-14,g042,b0147,reussite,1
2026-04-14,g042,b0113,reussite,1
2026-04-14,g042,b0055,echec,11
2026-04-14,g042,b0086,reussite,6
2026-04-14,g042,b0066,reussite,1
2026-04-14,g042,b0129,echec,13
2026-04-14,g042,b0108,echec,16
2026-04-14,g042,b0083,reussite,1
2026-04-14,g042,b0064,reussite,1
2026-04-14,g042,b0057,echec,16
2026-04-14,g043,b0052,reussite,1
2026-04-14,g043,b0053,reussite,6
2026-04-14,g043,b0072,echec,5
2026-04-14,g043,b0124,reussite,11
2026-04-14,g043,b0054,reussite,8
2026-04-14,g043,b0064,reussite,5
2026-04-14,g043,b0125,echec,7
2026-04-14,g043,b0136,echec,11
2026-04-14,g043,b0075,echec,10
2026-04-14,g043,b0144,echec,11
2026-04-14,g046,b0142,reussite,3
2026-04-14,g046,b0113,echec,9
2026-04-14,g046,b0062,echec,4
2026-04-14,g046,b0115,echec,2
2026-04-14,g046,b0072,echec,9
2026-04-14,g046,b0092,reussite,6
2026-04-14,g046,b0084,echec,9
2026-04-14,g046,b0136,echec,8
2026-04-14,g046,b0144,echec,15
2026-04-14,g046,b0094,echec,11
2026-04-14,g046,b0143,reussite,1
2026-04-14,g046,b0080,reussite,1
2026-04-14,g046,b0056,echec,14
2026-04-14,g046,b0060,reussite,1
2026-04-14,g046,b0106,echec,11
2026-04-14,g046,b0087,echec,7
2026-04-14,g046,b0052,reussite,1
2026-04-14,g046,b0095,echec,14
2026-04-14,g046,b0126,echec,10
2026-04-15,g004,b0053,reussite,1
2026-04-15,g004,b0063,reussite,1
2026-04-15,g004,b0074,reussite,11
2026-04-15,g004,b0087,echec,11
2026-04-15,g004,b0061,reussite,1
2026-04-15,g004,b0056,echec,9
2026-04-15,g004,b0055,echec,13
2026-04-15,g004,b0088,echec,17
2026-04-15,g004,b0078,echec,14
2026-04-15,g004,b0093,reussite,1
2026-04-15,g004,b0106,echec,14
2026-04-15,g010,b0125,reussite,1
2026-04-15,g010,b0144,reussite,1
2026-04-15,g010,b0084,echec,7
2026-04-15,g010,b0055,echec,14
2026-04-15,g010,b0108,echec,12
2026-04-15,g010,b0136,echec,7
2026-04-15,g010,b0064,reussite,1
2026-04-15,g010,b0145,echec,8
2026-04-15,g010,b0086,echec,12
2026-04-15,g010,b0076,echec,11
2026-04-15,g011,b0073,reussite,1
2026-04-15,g011,b0133,reussite,1
2026-04-15,g011,b0105,reussite,8
2026-04-15,g011,b0145,echec,6
2026-04-15,g011,b0065,echec,8
2026-04-15,g011,b0142,reussite,2
2026-04-15,g011,b0063,reussite,1
2026-04-15,g011,b0117,echec,11
2026-04-15,g011,b0074,echec,13
2026-04-15,g011,b0092,reussite,3
2026-04-15,g011,b0106,echec,6
2026-04-15,g011,b0075,echec,5
2026-04-15,g012,b0123,reussite,1
2026-04-15,g012,b0092,reussite,2
2026-04-15,g012,b0065,reussite,7
2026-04-15,g012,b0147,echec,14
2026-04-15,g012,b0108,echec,16
2026-04-15,g012,b0096,echec,11
2026-04-15,g012,b0072,reussite,1
2026-04-15,g013,b0145,reussite,1
2026-04-15,g013,b0076,reussite,1
2026-04-15,g013,b0099,echec,13
2026-04-15,g013,b0100,echec,13
2026-04-15,g013,b0064,reussite,1
2026-04-15,g013,b0150,echec,11
2026-04-15,g013,b0081,reussite,1
2026-04-15,g013,b0072,reussite,1
2026-04-15,g013,b0149,echec,6
2026-04-15,g017,b0061,reussite,2
2026-04-15,g017,b0122,echec,2
2026-04-15,g017,b0094,echec,17
2026-04-15,g017,b0084,echec,14
2026-04-15,g017,b0063,echec,2
2026-04-15,g017,b0080,reussite,1
2026-04-15,g017,b0102,reussite,1
2026-04-15,g017,b0132,reussite,1
2026-04-15,g017,b0114,echec,14
2026-04-15,g023,b0136,echec,11
2026-04-15,g023,b0132,reussite,1
2026-04-15,g023,b0142,reussite,2
2026-04-15,g023,b0145,echec,18
2026-04-15,g023,b0075,echec,14
2026-04-15,g023,b0125,echec,7
2026-04-15,g027,b0121,reussite,1
2026-04-15,g027,b0091,echec,5
2026-04-15,g027,b0066,echec,17
2026-04-15,g027,b0093,echec,3
2026-04-15,g027,b0115,reussite,14
2026-04-15,g027,b0092,echec,15
2026-04-15,g027,b0063,echec,3
2026-04-15,g027,b0105,echec,16
2026-04-15,g027,b0076,echec,12
2026-04-15,g028,b0093,reussite,1
2026-04-15,g028,b0080,reussite,2
2026-04-15,g028,b0094,echec,9
2026-04-15,g028,b0051,reussite,1
2026-04-15,g028,b0086,echec,17
2026-04-15,g028,b0114,echec,17
2026-04-15,g028,b0084,echec,15
2026-04-15,g028,b0133,echec,16
2026-04-15,g030,b0073,echec,16
2026-04-15,g030,b0076,echec,12
2026-04-15,g030,b0092,reussite,11
2026-04-15,g030,b0061,echec,2
2026-04-15,g030,b0053,echec,5
2026-04-15,g030,b0054,echec,4
2026-04-15,g034,b0091,reussite,1
2026-04-15,g034,b0066,echec,5
2026-04-15,g034,b0124,echec,8
2026-04-15,g034,b0128,echec,13
2026-04-15,g034,b0096,echec,15
2026-04-15,g034,b0084,echec,10
2026-04-15,g042,b0084,reussite,1
2026-04-15,g042,b0074,reussite,1
2026-04-15,g042,b0079,echec,17
2026-04-15,g042,b0086,echec,9
2026-04-15,g042,b0073,reussite,2
2026-04-15,g042,b0087,echec,10
2026-04-15,g042,b0072,reussite,1
2026-04-15,g042,b0096,echec,10
2026-04-15,g048,b0132,reussite,1
2026-04-15,g048,b0123,reussite,1
2026-04-15,g048,b0094,echec,17
2026-04-15,g048,b0081,echec,13
2026-04-15,g048,b0114,echec,7
2026-04-15,g048,b0072,echec,4
2026-04-15,g048,b0065,echec,8
2026-04-15,g051,b0073,reussite,6
2026-04-15,g051,b0113,reussite,2
2026-04-15,g051,b0064,reussite,2
2026-04-15,g051,b0075,reussite,3
2026-04-15,g051,b0116,reussite,17
2026-04-15,g051,b0055,echec,15
2026-04-15,g051,b0081,reussite,2
2026-04-15,g051,b0114,echec,5
2026-04-15,g051,b0134,reussite,4
2026-04-16,g013,b0074,reussite,1
2026-04-16,g013,b0144,reussite,1
2026-04-16,g013,b0067,echec,11
2026-04-16,g013,b0138,echec,7
2026-04-16,g013,b0065,echec,2
2026-04-16,g013,b0097,echec,12
2026-04-16,g013,b0148,echec,11
2026-04-16,g013,b0137,echec,18
2026-04-16,g013,b0088,echec,11
2026-04-16,g013,b0075,reussite,1
2026-04-16,g020,b0053,reussite,1
2026-04-16,g020,b0083,reussite,2
2026-04-16,g020,b0105,reussite,2
2026-04-16,g020,b0124,echec,4
2026-04-16,g020,b0095,echec,9
2026-04-16,g020,b0145,echec,6
2026-04-16,g022,b0081,reussite,1
2026-04-16,g022,b0094,reussite,11
2026-04-16,g022,b0086,echec,9
2026-04-16,g022,b0092,echec,2
2026-04-16,g022,b0096,echec,14
2026-04-16,g022,b0129,echec,17
2026-04-16,g022,b0053,reussite,2
2026-04-16,g022,b0134,echec,6
2026-04-16,g022,b0063,reussite,1
2026-04-16,g022,b0116,echec,11
2026-04-16,g025,b0056,echec,12
2026-04-16,g025,b0086,reussite,3
2026-04-16,g025,b0074,reussite,3
2026-04-16,g025,b0053,reussite,1
2026-04-16,g025,b0057,echec,16
2026-04-16,g025,b0114,echec,2
2026-04-16,g031,b0073,reussite,1
2026-04-16,g031,b0083,reussite,12
2026-04-16,g031,b0091,reussite,1
2026-04-16,g031,b0145,echec,13
2026-04-16,g031,b0064,echec,8
2026-04-16,g031,b0055,echec,10
2026-04-16,g031,b0087,echec,17
2026-04-16,g031,b0113,echec,6
2026-04-16,g031,b0081,reussite,4
2026-04-16,g031,b0076,echec,15
2026-04-16,g035,b0071,reussite,1
2026-04-16,g035,b0051,reussite,1
2026-04-16,g035,b0060,reussite,1
2026-04-16,g035,b0053,echec,11
2026-04-16,g035,b0069,reussite,1
2026-04-16,g035,b0092,reussite,11
2026-04-16,g035,b0119,reussite,1
2026-04-16,g035,b0083,echec,6
2026-04-16,g040,b0123,reussite,1
2026-04-16,g040,b0072,reussite,2
2026-04-16,g040,b0073,echec,7
2026-04-16,g040,b0096,echec,10
2026-04-16,g040,b0075,reussite,10
2026-04-16,g040,b0125,echec,14
2026-04-16,g040,b0142,reussite,2
2026-04-16,g040,b0095,echec,8
2026-04-16,g041,b0132,reussite,1
2026-04-16,g041,b0063,reussite,1
2026-04-16,g041,b0051,reussite,1
2026-04-16,g041,b0060,reussite,1
2026-04-16,g041,b0119,reussite,1
2026-04-16,g041,b0131,reussite,1
2026-04-16,g041,b0069,reussite,1
2026-04-16,g041,b0055,echec,11
2026-04-16,g043,b0065,echec,11
2026-04-16,g043,b0145,echec,11
2026-04-16,g043,b0125,echec,18
2026-04-16,g043,b0134,echec,7
2026-04-16,g043,b0055,echec,18
2026-04-16,g043,b0075,echec,14
2026-04-16,g043,b0092,echec,9
2026-04-16,g046,b0091,reussite,1
2026-04-16,g046,b0122,reussite,1
2026-04-16,g046,b0095,echec,8
2026-04-16,g046,b0134,echec,6
2026-04-16,g046,b0073,echec,12
2026-04-16,g046,b0125,echec,17
2026-04-16,g046,b0090,reussite,1
2026-04-16,g046,b0133,echec,16
2026-04-16,g046,b0072,reussite,1
2026-04-16,g046,b0139,reussite,1
2026-04-16,g046,b0107,echec,9
2026-04-16,g046,b0099,echec,17
2026-04-16,g046,b0146,echec,9
2026-04-16,g046,b0096,echec,17
2026-04-16,g046,b0097,echec,11
2026-04-16,g046,b0098,echec,18
2026-04-16,g048,b0072,reussite,3
2026-04-16,g048,b0134,echec,17
2026-04-16,g048,b0091,reussite,1
2026-04-16,g048,b0063,reussite,1
2026-04-16,g048,b0081,reussite,4
2026-04-16,g048,b0064,reussite,11
2026-04-16,g052,b0124,echec,9
2026-04-16,g052,b0113,reussite,6
2026-04-16,g052,b0076,reussite,7
2026-04-16,g052,b0095,echec,10
2026-04-16,g052,b0106,echec,12
2026-04-16,g052,b0110,echec,12
2026-04-16,g052,b0064,reussite,7
2026-04-16,g052,b0092,reussite,2
2026-04-16,g052,b0081,reussite,8
2026-04-16,g052,b0145,echec,9
2026-04-16,g052,b0144,echec,14
2026-04-16,g052,b0114,reussite,13
2026-04-16,g052,b0081,reussite,1
2026-04-16,g052,b0091,reussite,1
2026-04-16,g052,b0086,echec,13
2026-04-16,g052,b0080,reussite,1
2026-04-16,g052,b0055,echec,14
2026-04-16,g052,b0147,echec,7
2026-04-16,g052,b0095,echec,12
2026-04-16,g052,b0074,echec,8
2026-04-16,g052,b0065,reussite,12
2026-04-17,g007,b0081,reussite,1
2026-04-17,g007,b0055,echec,10
2026-04-17,g007,b0073,echec,8
2026-04-17,g007,b0106,echec,14
2026-04-17,g009,b0123,reussite,1
2026-04-17,g009,b0113,reussite,1
2026-04-17,g009,b0065,echec,7
2026-04-17,g009,b0076,reussite,13
2026-04-17,g009,b0053,reussite,1
2026-04-17,g009,b0126,echec,8
2026-04-17,g009,b0072,reussite,1
2026-04-17,g009,b0054,reussite,1
2026-04-17,g009,b0084,reussite,6
2026-04-17,g009,b0142,reussite,1
2026-04-17,g009,b0087,echec,13
2026-04-17,g013,b0095,reussite,1
2026-04-17,g013,b0145,reussite,1
2026-04-17,g013,b0147,echec,9
2026-04-17,g013,b0087,reussite,12
2026-04-17,g013,b0108,reussite,9
2026-04-17,g013,b0126,echec,12
2026-04-17,g013,b0129,echec,16
2026-04-17,g013,b0116,echec,10
2026-04-17,g013,b0128,echec,15
2026-04-17,g013,b0066,reussite,1
2026-04-17,g014,b0144,reussite,1
2026-04-17,g014,b0081,reussite,3
2026-04-17,g014,b0108,echec,7
2026-04-17,g014,b0115,reussite,1
2026-04-17,g014,b0065,echec,6
2026-04-17,g014,b0125,echec,13
2026-04-17,g014,b0084,echec,12
2026-04-17,g014,b0093,reussite,1
2026-04-17,g014,b0064,reussite,2
2026-04-17,g014,b0087,echec,7
2026-04-17,g014,b0092,reussite,1
2026-04-17,g014,b0094,echec,11
2026-04-17,g014,b0096,echec,17
2026-04-17,g014,b0086,echec,11
2026-04-17,g014,b0084,echec,14
2026-04-17,g014,b0091,reussite,1
2026-04-17,g014,b0103,reussite,1
2026-04-17,g014,b0088,echec,17
2026-04-17,g015,b0133,reussite,1
2026-04-17,g015,b0055,echec,16
2026-04-17,g015,b0053,reussite,1
2026-04-17,g015,b0146,echec,13
2026-04-17,g015,b0105,reussite,1
2026-04-17,g015,b0095,reussite,4
2026-04-17,g015,b0084,echec,11
2026-04-17,g015,b0128,echec,14
2026-04-17,g015,b0086,echec,7
2026-04-17,g015,b0057,echec,10
2026-04-17,g015,b0096,echec,10
2026-04-17,g016,b0065,reussite,14
2026-04-17,g016,b0061,reussite,1
2026-04-17,g016,b0063,reussite,1
2026-04-17,g016,b0086,echec,9
2026-04-17,g016,b0132,reussite,1
2026-04-17,g016,b0104,echec,11
2026-04-17,g016,b0080,reussite,1
2026-04-17,g016,b0135,echec,17
2026-04-17,g016,b0076,echec,8
2026-04-17,g016,b0051,reussite,1
2026-04-17,g016,b0094,echec,8
2026-04-17,g016,b0096,echec,7
2026-04-17,g016,b0052,reussite,1
2026-04-17,g016,b0139,reussite,1
2026-04-17,g016,b0112,reussite,1
2026-04-17,g016,b0069,reussite,1
2026-04-17,g017,b0061,reussite,1
2026-04-17,g017,b0141,reussite,1
2026-04-17,g017,b0051,reussite,1
2026-04-17,g017,b0106,echec,13
2026-04-17,g017,b0071,reussite,1
2026-04-17,g017,b0125,echec,7
2026-04-17,g017,b0111,reussite,1
2026-04-17,g017,b0139,reussite,1
2026-04-17,g017,b0144,echec,7
2026-04-17,g017,b0074,echec,11
2026-04-17,g017,b0052,reussite,1
2026-04-17,g026,b0136,reussite,1
2026-04-17,g026,b0113,reussite,1
2026-04-17,g026,b0124,reussite,2
2026-04-17,g026,b0145,reussite,7
2026-04-17,g026,b0073,echec,2
2026-04-17,g026,b0138,echec,13
2026-04-17,g026,b0095,echec,10
2026-04-17,g026,b0086,echec,9
2026-04-17,g026,b0055,echec,7
2026-04-17,g026,b0094,reussite,5
2026-04-17,g026,b0075,reussite,3
2026-04-17,g028,b0081,reussite,5
2026-04-17,g028,b0064,echec,12
2026-04-17,g028,b0091,reussite,2
2026-04-17,g028,b0053,reussite,4
2026-04-17,g028,b0123,echec,2
2026-04-17,g028,b0083,echec,12
2026-04-17,g028,b0093,reussite,1
2026-04-17,g037,b0125,reussite,1
2026-04-17,g037,b0146,echec,11
2026-04-17,g037,b0095,reussite,3
2026-04-17,g037,b0070,echec,16
2026-04-17,g037,b0126,echec,13
2026-04-17,g037,b0135,echec,9
2026-04-17,g037,b0086,reussite,3
2026-04-17,g037,b0116,echec,12
2026-04-17,g042,b0104,reussite,5
2026-04-17,g042,b0095,echec,5
2026-04-17,g042,b0074,echec,5
2026-04-17,g042,b0116,echec,15
2026-04-17,g042,b0136,reussite,3
2026-04-17,g042,b0075,reussite,2
2026-04-17,g042,b0065,reussite,5
2026-04-17,g044,b0115,reussite,1
2026-04-17,g044,b0124,reussite,1
2026-04-17,g044,b0073,reussite,9
2026-04-17,g044,b0114,echec,15
2026-04-17,g044,b0055,echec,9
2026-04-17,g044,b0116,echec,15
2026-04-17,g044,b0145,echec,15
2026-04-17,g044,b0091,reussite,1
2026-04-17,g044,b0125,echec,7
2026-04-17,g044,b0065,echec,7
2026-04-17,g045,b0104,echec,4
2026-04-17,g048,b0086,echec,12
2026-04-17,g048,b0133,echec,9
2026-04-17,g052,b0142,reussite,1
2026-04-17,g052,b0092,echec,5
2026-04-17,g052,b0124,echec,7
2026-04-17,g052,b0057,echec,13
2026-04-17,g052,b0144,echec,18
2026-04-17,g052,b0064,echec,9
2026-04-17,g052,b0095,echec,14
2026-04-17,g052,b0091,reussite,1
2026-04-17,g052,b0106,echec,12
2026-04-17,g052,b0110,echec,6
2026-04-17,g052,b0073,reussite,8
2026-04-18,g017,b0142,reussite,1
2026-04-18,g017,b0130,reussite,1
2026-04-18,g017,b0110,echec,8
2026-04-18,g017,b0136,echec,13
2026-04-18,g017,b0091,reussite,3
2026-04-18,g017,b0143,reussite,1
2026-04-18,g017,b0083,echec,11
2026-04-18,g017,b0072,reussite,5
2026-04-18,g017,b0115,reussite,6
2026-04-18,g017,b0092,echec,5
2026-04-18,g017,b0093,reussite,1
2026-04-18,g018,b0104,reussite,1
2026-04-18,g018,b0126,echec,7
2026-04-18,g018,b0144,echec,3
2026-04-18,g018,b0127,echec,11
2026-04-18,g018,b0074,reussite,8
2026-04-18,g018,b0057,echec,17
2026-04-18,g018,b0107,echec,14
2026-04-18,g018,b0116,echec,6
2026-04-18,g018,b0096,echec,15
2026-04-18,g022,b0136,reussite,9
2026-04-18,g022,b0091,reussite,1
2026-04-18,g022,b0107,echec,9
2026-04-18,g022,b0104,echec,9
2026-04-18,g022,b0095,echec,11
2026-04-18,g024,b0080,reussite,1
2026-04-18,g024,b0112,reussite,1
2026-04-18,g024,b0076,echec,7
2026-04-18,g024,b0075,echec,15
2026-04-18,g024,b0119,reussite,1
2026-04-18,g024,b0126,echec,7
2026-04-18,g024,b0069,reussite,1
2026-04-18,g024,b0055,echec,8
2026-04-18,g024,b0083,echec,5
2026-04-18,g026,b0147,echec,9
2026-04-18,g028,b0142,reussite,1
2026-04-18,g028,b0075,reussite,1
2026-04-18,g028,b0095,echec,16
2026-04-18,g028,b0094,echec,6
2026-04-18,g028,b0086,echec,11
2026-04-18,g028,b0134,echec,14
2026-04-18,g028,b0076,echec,14
2026-04-18,g028,b0065,echec,7
2026-04-18,g028,b0102,reussite,1
2026-04-18,g028,b0113,reussite,1
2026-04-18,g028,b0055,echec,7
2026-04-18,g028,b0082,reussite,1
2026-04-18,g028,b0096,echec,16
2026-04-18,g028,b0076,echec,10
2026-04-18,g028,b0094,echec,15
2026-04-18,g028,b0056,echec,16
2026-04-18,g029,b0142,reussite,1
2026-04-18,g029,b0136,echec,6
2026-04-18,g029,b0053,reussite,3
2026-04-18,g029,b0073,echec,12
2026-04-18,g029,b0125,echec,16
2026-04-18,g029,b0075,echec,6
2026-04-18,g032,b0054,reussite,1
2026-04-18,g032,b0053,echec,3
2026-04-18,g032,b0072,reussite,5
2026-04-18,g032,b0092,echec,7
2026-04-18,g032,b0142,reussite,1
2026-04-18,g032,b0075,echec,16
2026-04-18,g032,b0124,echec,13
2026-04-18,g032,b0144,echec,12
2026-04-18,g032,b0136,reussite,13
2026-04-18,g036,b0104,reussite,1
2026-04-18,g036,b0104,reussite,1
2026-04-18,g036,b0087,echec,9
2026-04-18,g036,b0107,echec,8
2026-04-18,g036,b0150,echec,11
2026-04-18,g036,b0055,echec,4
2026-04-18,g036,b0078,echec,15
2026-04-18,g036,b0138,echec,12
2026-04-18,g040,b0055,echec,7
2026-04-18,g040,b0063,reussite,1
2026-04-18,g040,b0057,echec,10
2026-04-18,g040,b0087,echec,13
2026-04-18,g040,b0106,echec,14
2026-04-18,g040,b0056,echec,10
2026-04-18,g040,b0141,reussite,1
2026-04-18,g040,b0081,reussite,3
2026-04-18,g040,b0132,reussite,1
2026-04-18,g040,b0102,reussite,1
2026-04-18,g044,b0113,reussite,1
2026-04-18,g044,b0084,echec,13
2026-04-18,g044,b0086,echec,12
2026-04-18,g044,b0072,reussite,3
2026-04-18,g044,b0092,reussite,6
2026-04-18,g044,b0063,reussite,1
2026-04-18,g044,b0080,reussite,1
2026-04-18,g044,b0071,reussite,1
2026-04-18,g044,b0091,reussite,1
2026-04-18,g044,b0067,echec,18
2026-04-18,g044,b0074,echec,9
2026-04-18,g044,b0086,echec,13
2026-04-18,g044,b0108,echec,13
2026-04-18,g044,b0095,echec,12
2026-04-18,g044,b0057,echec,7
2026-04-18,g044,b0106,echec,10
2026-04-18,g044,b0146,echec,12
2026-04-18,g044,b0077,echec,15
2026-04-18,g044,b0069,reussite,1
2026-04-18,g047,b0075,echec,7
2026-04-18,g047,b0094,echec,13
2026-04-18,g047,b0081,echec,2
2026-04-18,g047,b0084,echec,6
2026-04-18,g047,b0124,reussite,5
2026-04-18,g047,b0066,echec,8
2026-04-18,g047,b0092,echec,3
2026-04-18,g047,b0065,echec,16
2026-04-18,g051,b0124,reussite,1
2026-04-18,g051,b0066,reussite,3
2026-04-18,g051,b0145,echec,5
2026-04-18,g051,b0114,reussite,11
2026-04-18,g051,b0095,echec,16
2026-04-18,g051,b0055,echec,15
2026-04-18,g051,b0085,echec,15
2026-04-18,g054,b0123,reussite,1
2026-04-18,g054,b0105,echec,4
2026-04-18,g054,b0072,reussite,2
2026-04-18,g054,b0144,echec,14
2026-04-18,g054,b0136,echec,7
2026-04-18,g054,b0092,reussite,6
2026-04-18,g054,b0084,echec,12
2026-04-18,g054,b0086,echec,8
2026-04-18,g054,b0063,reussite,1
2026-04-18,g054,b0091,reussite,1
2026-04-18,g054,b0066,reussite,5
2026-04-18,g054,b0124,echec,6
2026-04-18,g054,b0081,reussite,1
2026-04-18,g054,b0087,echec,11
2026-04-18,g054,b0147,echec,16
2026-04-18,g054,b0127,echec,8
2026-04-18,g054,b0132,reussite,1
2026-04-18,g054,b0095,echec,13
2026-04-18,g054,b0071,reussite,1
2026-04-18,g054,b0117,echec,16
2026-04-19,g002,b0055,echec,16
2026-04-19,g002,b0083,echec,7
2026-04-19,g002,b0105,reussite,9
2026-04-19,g002,b0129,echec,6
2026-04-19,g002,b0136,echec,7
2026-04-19,g002,b0075,echec,12
2026-04-19,g002,b0142,reussite,2
2026-04-19,g002,b0065,echec,12
2026-04-19,g002,b0123,reussite,1
2026-04-19,g002,b0124,echec,10
2026-04-19,g005,b0087,reussite,1
2026-04-19,g005,b0128,reussite,8
2026-04-19,g005,b0116,echec,5
2026-04-19,g005,b0108,echec,12
2026-04-19,g005,b0096,echec,6
2026-04-19,g005,b0058,echec,9
2026-04-19,g005,b0056,echec,9
2026-04-19,g007,b0073,reussite,1
2026-04-19,g007,b0073,reussite,1
2026-04-19,g007,b0094,echec,10
2026-04-19,g007,b0095,echec,14
2026-04-19,g007,b0115,reussite,1
2026-04-19,g007,b0062,reussite,2
2026-04-19,g007,b0104,echec,11
2026-04-19,g007,b0105,reussite,5
2026-04-19,g007,b0115,reussite,1
2026-04-19,g007,b0065,echec,8
2026-04-19,g007,b0084,echec,13
2026-04-19,g007,b0086,echec,17
2026-04-19,g007,b0083,reussite,4
2026-04-19,g007,b0108,echec,12
2026-04-19,g007,b0095,echec,8
2026-04-19,g010,b0074,reussite,10
2026-04-19,g010,b0133,reussite,4
2026-04-19,g010,b0061,reussite,1
2026-04-19,g010,b0088,echec,14
2026-04-19,g010,b0091,reussite,1
2026-04-19,g010,b0089,echec,16
2026-04-19,g013,b0066,reussite,1
2026-04-19,g013,b0126,echec,4
2026-04-19,g013,b0116,echec,6
2026-04-19,g013,b0147,echec,12
2026-04-19,g013,b0128,echec,10
2026-04-19,g013,b0086,reussite,2
2026-04-19,g013,b0129,echec,18
2026-04-19,g017,b0052,reussite,1
2026-04-19,g017,b0052,reussite,1
2026-04-19,g017,b0136,echec,7
2026-04-19,g017,b0105,echec,10
2026-04-19,g017,b0123,echec,4
2026-04-19,g017,b0064,echec,10
2026-04-19,g017,b0092,echec,10
2026-04-19,g017,b0057,echec,18
2026-04-19,g017,b0142,echec,2
2026-04-19,g017,b0133,echec,10
2026-04-19,g018,b0125,reussite,1
2026-04-19,g018,b0125,reussite,1
2026-04-19,g018,b0096,echec,7
2026-04-19,g018,b0095,reussite,4
2026-04-19,g018,b0086,reussite,4
2026-04-19,g018,b0068,echec,8
2026-04-19,g018,b0148,echec,17
2026-04-19,g018,b0127,echec,8
2026-04-19,g018,b0108,echec,8
2026-04-19,g021,b0103,reussite,1
2026-04-19,g021,b0064,reussite,6
2026-04-19,g021,b0115,echec,6
2026-04-19,g021,b0083,echec,17
2026-04-19,g021,b0075,echec,10
2026-04-19,g021,b0122,reussite,2
2026-04-19,g021,b0105,reussite,11
2026-04-19,g021,b0093,reussite,2
2026-04-19,g021,b0092,echec,13
2026-04-19,g026,b0105,reussite,1
2026-04-19,g026,b0086,reussite,3
2026-04-19,g026,b0057,reussite,8
2026-04-19,g026,b0065,reussite,1
2026-04-19,g026,b0078,echec,10
2026-04-19,g026,b0077,echec,8
2026-04-19,g026,b0089,echec,9
2026-04-19,g026,b0126,echec,10
2026-04-19,g026,b0092,reussite,2
2026-04-19,g026,b0062,reussite,1
2026-04-19,g027,b0103,reussite,1
2026-04-19,g027,b0053,echec,13
2026-04-19,g027,b0136,echec,7
2026-04-19,g027,b0063,reussite,4
2026-04-19,g027,b0061,echec,3
2026-04-19,g027,b0069,reussite,1
2026-04-19,g027,b0124,echec,12
2026-04-19,g027,b0082,reussite,1
2026-04-19,g028,b0091,reussite,1
2026-04-19,g028,b0093,reussite,1
2026-04-19,g028,b0066,reussite,9
2026-04-19,g028,b0075,reussite,7
2026-04-19,g028,b0094,echec,10
2026-04-19,g028,b0104,echec,11
2026-04-19,g028,b0145,echec,17
2026-04-19,g028,b0063,reussite,2
2026-04-19,g028,b0139,reussite,1
2026-04-19,g028,b0065,echec,11
2026-04-19,g028,b0095,echec,17
2026-04-19,g028,b0127,echec,6
2026-04-19,g030,b0091,echec,3
2026-04-19,g030,b0122,echec,2
2026-04-19,g030,b0066,echec,12
2026-04-19,g030,b0113,echec,15
2026-04-19,g030,b0063,reussite,2
2026-04-19,g030,b0142,reussite,5
2026-04-19,g037,b0115,reussite,1
2026-04-19,g037,b0128,echec,15
2026-04-19,g037,b0135,echec,13
2026-04-19,g037,b0096,echec,11
2026-04-19,g037,b0107,echec,12
2026-04-19,g037,b0148,echec,10
2026-04-19,g037,b0057,echec,7
2026-04-19,g037,b0056,echec,6
2026-04-19,g047,b0125,reussite,1
2026-04-19,g047,b0128,echec,10
2026-04-19,g047,b0086,echec,8
2026-04-19,g047,b0145,echec,13
2026-04-19,g047,b0134,echec,8
2026-04-19,g047,b0096,echec,12
2026-04-19,g047,b0054,reussite,2
2026-04-19,g047,b0073,reussite,11
2026-04-19,g047,b0075,reussite,6
2026-04-19,g049,b0064,echec,5
2026-04-19,g049,b0124,echec,14
2026-04-19,g049,b0053,echec,11
2026-04-19,g049,b0075,echec,16
2026-04-19,g049,b0103,reussite,3
2026-04-19,g049,b0091,reussite,2
2026-04-19,g049,b0061,reussite,2
2026-04-19,g049,b0093,echec,3
2026-04-19,g049,b0115,reussite,4
2026-04-19,g049,b0073,echec,13
2026-04-20,g004,b0074,echec,15
2026-04-20,g004,b0126,echec,9
2026-04-20,g004,b0066,reussite,3
2026-04-20,g004,b0095,reussite,13
2026-04-20,g004,b0113,reussite,3
2026-04-20,g004,b0053,reussite,1
2026-04-20,g004,b0086,echec,8
2026-04-20,g004,b0087,echec,12
2026-04-20,g004,b0124,reussite,5
2026-04-20,g004,b0116,echec,14
2026-04-20,g013,b0084,reussite,2
2026-04-20,g013,b0134,reussite,2
2026-04-20,g013,b0088,echec,14
2026-04-20,g013,b0078,echec,8
2026-04-20,g013,b0056,echec,10
2026-04-20,g013,b0124,reussite,1
2026-04-20,g013,b0113,reussite,1
2026-04-20,g016,b0084,echec,15
2026-04-20,g016,b0055,echec,8
2026-04-20,g016,b0073,reussite,6
2026-04-20,g016,b0147,echec,16
2026-04-20,g016,b0087,echec,16
2026-04-20,g016,b0095,echec,15
2026-04-20,g016,b0117,echec,9
2026-04-20,g016,b0057,echec,8
2026-04-20,g016,b0091,reussite,1
2026-04-20,g016,b0128,echec,7
2026-04-20,g017,b0091,reussite,1
2026-04-20,g017,b0115,reussite,1
2026-04-20,g017,b0145,echec,17
2026-04-20,g017,b0134,echec,6
2026-04-20,g017,b0054,echec,10
2026-04-20,g017,b0116,echec,8
2026-04-20,g017,b0066,echec,11
2026-04-20,g017,b0064,reussite,9
2026-04-20,g017,b0105,echec,9
2026-04-20,g017,b0113,echec,9
2026-04-20,g017,b0075,echec,12
2026-04-20,g017,b0073,echec,11
2026-04-20,g022,b0073,reussite,4
2026-04-20,g022,b0081,echec,3
2026-04-20,g022,b0075,echec,5
2026-04-20,g022,b0142,reussite,1
2026-04-20,g022,b0061,reussite,1
2026-04-20,g022,b0105,reussite,4
2026-04-20,g022,b0136,echec,13
2026-04-20,g022,b0145,echec,6
2026-04-20,g022,b0095,echec,9
2026-04-20,g022,b0064,echec,2
2026-04-20,g022,b0124,reussite,9
2026-04-20,g022,b0075,reussite,8
2026-04-20,g022,b0064,reussite,2
2026-04-20,g022,b0081,reussite,1
2026-04-20,g022,b0136,echec,8
2026-04-20,g022,b0113,reussite,8
2026-04-20,g022,b0145,reussite,13
2026-04-20,g022,b0123,reussite,1
2026-04-20,g022,b0095,echec,15
2026-04-20,g031,b0056,echec,13
2026-04-20,g031,b0088,echec,17
2026-04-20,g031,b0119,reussite,1
2026-04-20,g031,b0078,echec,8
2026-04-20,g031,b0118,echec,12
2026-04-20,g031,b0077,echec,10
2026-04-20,g031,b0085,echec,7
2026-04-20,g031,b0127,echec,13
2026-04-20,g042,b0105,reussite,1
2026-04-20,g042,b0081,reussite,1
2026-04-20,g042,b0054,reussite,1
2026-04-20,g042,b0078,echec,13
2026-04-20,g042,b0057,echec,6
2026-04-20,g042,b0056,echec,12
2026-04-20,g042,b0096,echec,12
2026-04-20,g042,b0092,reussite,1
2026-04-20,g042,b0085,echec,8
2026-04-20,g046,b0082,reussite,1
2026-04-20,g046,b0054,reussite,1
2026-04-20,g046,b0108,echec,10
2026-04-20,g046,b0126,echec,17
2026-04-20,g046,b0096,echec,9
2026-04-20,g046,b0087,echec,16
2026-04-20,g046,b0128,echec,9
2026-04-20,g046,b0074,echec,11
2026-04-20,g046,b0107,echec,16
2026-04-20,g046,b0066,reussite,1
2026-04-20,g046,b0122,reussite,1
2026-04-20,g046,b0089,echec,12
2026-04-20,g046,b0077,echec,7
2026-04-20,g046,b0117,echec,12
2026-04-20,g046,b0088,echec,8
2026-04-20,g046,b0078,echec,14
2026-04-20,g046,b0068,echec,7
2026-04-20,g047,b0083,reussite,7
2026-04-20,g047,b0075,echec,7
2026-04-20,g047,b0064,reussite,2
2026-04-20,g047,b0091,reussite,1
2026-04-20,g047,b0096,echec,17
2026-04-20,g047,b0114,echec,6
2026-04-20,g047,b0065,echec,6
2026-04-20,g047,b0125,reussite,7
2026-04-20,g047,b0113,echec,5
2026-04-20,g047,b0123,reussite,2
2026-04-20,g049,b0072,reussite,1
2026-04-20,g049,b0123,reussite,1
2026-04-20,g049,b0092,echec,11
2026-04-20,g049,b0143,reussite,2
2026-04-20,g049,b0066,echec,17
2026-04-20,g049,b0073,echec,12
2026-04-20,g049,b0121,reussite,2
2026-04-20,g049,b0136,echec,10
2026-04-20,g049,b0145,echec,15
2026-04-20,g049,b0083,echec,8
2026-04-20,g053,b0080,reussite,1
2026-04-20,g053,b0062,echec,4
2026-04-20,g053,b0072,echec,8
2026-04-20,g053,b0095,echec,15
2026-04-20,g053,b0065,echec,8
2026-04-20,g053,b0054,reussite,6
2026-04-20,g053,b0093,reussite,1
2026-04-20,g053,b0115,echec,5
2026-04-20,g053,b0081,reussite,13
2026-04-20,g053,b0122,reussite,1
2026-04-20,g054,b0062,reussite,2
2026-04-20,g054,b0083,echec,3
2026-04-20,g054,b0113,echec,4
2026-04-20,g054,b0095,echec,7
2026-04-20,g054,b0106,echec,16
2026-04-20,g054,b0066,echec,4
2026-04-21,g003,b0153,reussite,1
2026-04-21,g003,b0185,echec,9
2026-04-21,g003,b0197,echec,17
2026-04-21,g003,b0095,echec,6
2026-04-21,g003,b0083,echec,6
2026-04-21,g003,b0155,echec,5
2026-04-21,g003,b0081,reussite,7
2026-04-21,g003,b0142,echec,1
2026-04-21,g011,b0166,reussite,1
2026-04-21,g011,b0075,echec,6
2026-04-21,g011,b0134,echec,7
2026-04-21,g011,b0064,reussite,7
2026-04-21,g011,b0083,echec,10
2026-04-21,g011,b0144,echec,18
2026-04-21,g011,b0055,echec,17
2026-04-21,g011,b0157,echec,11
2026-04-21,g011,b0143,reussite,1
2026-04-21,g013,b0055,reussite,1
2026-04-21,g013,b0077,echec,7
2026-04-21,g013,b0194,reussite,1
2026-04-21,g013,b0078,echec,11
2026-04-21,g013,b0138,echec,17
2026-04-21,g013,b0058,echec,14
2026-04-21,g013,b0118,echec,14
2026-04-21,g013,b0198,echec,12
2026-04-21,g033,b0057,echec,10
2026-04-21,g033,b0109,echec,8
2026-04-21,g033,b0176,reussite,14
2026-04-21,g033,b0168,echec,5
2026-04-21,g033,b0083,reussite,1
2026-04-21,g033,b0116,echec,6
2026-04-21,g033,b0096,echec,7
2026-04-21,g033,b0177,echec,10
2026-04-21,g047,b0172,reussite,2
2026-04-21,g047,b0105,echec,4
2026-04-21,g047,b0065,echec,13
2026-04-21,g047,b0124,echec,6
2026-04-21,g047,b0175,reussite,11
2026-04-21,g047,b0113,echec,8
2026-04-21,g048,b0183,reussite,1
2026-04-21,g048,b0093,reussite,1
2026-04-21,g048,b0134,echec,13
2026-04-21,g048,b0133,echec,11
2026-04-22,g002,b0164,reussite,1
2026-04-22,g002,b0194,reussite,1
2026-04-22,g002,b0134,reussite,13
2026-04-22,g002,b0184,reussite,1
2026-04-22,g002,b0197,echec,6
2026-04-22,g002,b0064,reussite,6
2026-04-22,g002,b0065,echec,15
2026-04-22,g002,b0124,echec,8
2026-04-22,g002,b0185,reussite,4
2026-04-22,g002,b0145,echec,6
2026-04-22,g002,b0054,reussite,2
2026-04-22,g009,b0081,echec,1
2026-04-22,g009,b0116,echec,6
2026-04-22,g009,b0077,echec,13
2026-04-22,g009,b0087,echec,13
2026-04-22,g009,b0064,reussite,1
2026-04-22,g009,b0096,echec,9
2026-04-22,g009,b0125,echec,9
2026-04-22,g009,b0057,echec,10
2026-04-22,g016,b0053,reussite,1
2026-04-22,g016,b0066,reussite,2
2026-04-22,g016,b0062,reussite,1
2026-04-22,g016,b0157,echec,15
2026-04-22,g016,b0073,echec,6
2026-04-22,g016,b0133,echec,9
2026-04-22,g016,b0172,reussite,1
2026-04-22,g016,b0174,echec,10
2026-04-22,g016,b0181,reussite,1
2026-04-22,g016,b0134,reussite,9
2026-04-22,g016,b0162,echec,7
2026-04-22,g017,b0091,reussite,1
2026-04-22,g017,b0183,reussite,1
2026-04-22,g017,b0147,echec,14
2026-04-22,g017,b0172,reussite,2
2026-04-22,g017,b0142,reussite,2
2026-04-22,g017,b0161,reussite,1
2026-04-22,g017,b0123,reussite,3
2026-04-22,g017,b0136,echec,15
2026-04-22,g017,b0115,echec,4
2026-04-22,g017,b0175,echec,9
2026-04-22,g017,b0075,echec,15
2026-04-22,g017,b0132,reussite,1
2026-04-22,g017,b0170,reussite,1
2026-04-22,g017,b0169,reussite,1
2026-04-22,g017,b0123,reussite,2
2026-04-22,g017,b0153,reussite,10
2026-04-22,g017,b0166,echec,6
2026-04-22,g017,b0066,echec,14
2026-04-22,g017,b0063,reussite,1
2026-04-22,g017,b0142,reussite,3
2026-04-22,g017,b0136,echec,9
2026-04-22,g017,b0083,echec,9
2026-04-22,g017,b0093,reussite,1
2026-04-22,g021,b0103,echec,2
2026-04-22,g021,b0166,echec,11
2026-04-22,g021,b0075,echec,12
2026-04-22,g021,b0183,reussite,1
2026-04-22,g021,b0185,echec,15
2026-04-22,g021,b0162,echec,6
2026-04-22,g021,b0155,echec,14
2026-04-22,g021,b0091,reussite,3
2026-04-22,g026,b0165,reussite,1
2026-04-22,g026,b0067,echec,17
2026-04-22,g026,b0065,echec,2
2026-04-22,g026,b0186,echec,16
2026-04-22,g026,b0128,echec,7
2026-04-22,g026,b0115,reussite,1
2026-04-22,g026,b0086,echec,5
2026-04-22,g026,b0164,reussite,1
2026-04-22,g026,b0056,echec,17
2026-04-22,g026,b0073,reussite,2
2026-04-22,g026,b0088,echec,12
2026-04-22,g029,b0172,reussite,1
2026-04-22,g029,b0053,reussite,1
2026-04-22,g029,b0175,reussite,9
2026-04-22,g029,b0183,reussite,1
2026-04-22,g029,b0194,echec,8
2026-04-22,g029,b0174,echec,10
2026-04-22,g029,b0081,echec,6
2026-04-22,g029,b0162,echec,8
2026-04-22,g029,b0155,echec,13
2026-04-22,g029,b0066,echec,10
2026-04-22,g029,b0115,reussite,1
2026-04-22,g029,b0164,reussite,4
2026-04-22,g035,b0164,reussite,1
2026-04-22,g035,b0183,reussite,1
2026-04-22,g035,b0142,reussite,10
2026-04-22,g035,b0195,echec,11
2026-04-22,g037,b0065,reussite,1
2026-04-22,g037,b0075,reussite,1
2026-04-22,g037,b0153,reussite,1
2026-04-22,g037,b0076,reussite,3
2026-04-22,g037,b0154,echec,17
2026-04-22,g037,b0195,echec,11
2026-04-22,g037,b0135,echec,7
2026-04-22,g037,b0146,echec,15
2026-04-22,g037,b0096,echec,9
2026-04-22,g037,b0066,reussite,1
2026-04-22,g044,b0113,reussite,1
2026-04-22,g044,b0115,reussite,2
2026-04-22,g044,b0105,echec,7
2026-04-22,g044,b0155,reussite,10
2026-04-22,g044,b0064,reussite,8
2026-04-22,g044,b0181,reussite,2
2026-04-22,g044,b0081,echec,6
2026-04-22,g044,b0136,echec,12
2026-04-22,g046,b0182,reussite,1
2026-04-22,g046,b0183,reussite,1
2026-04-22,g046,b0066,echec,7
2026-04-22,g046,b0072,reussite,3
2026-04-22,g046,b0061,reussite,2
2026-04-22,g046,b0075,echec,15
2026-04-22,g046,b0200,reussite,1
2026-04-22,g046,b0093,reussite,1
2026-04-22,g046,b0063,reussite,2
2026-04-22,g046,b0152,reussite,2
2026-04-22,g047,b0172,reussite,1
2026-04-22,g047,b0061,reussite,1
2026-04-22,g047,b0143,reussite,1
2026-04-22,g047,b0173,reussite,1
2026-04-22,g047,b0177,echec,14
2026-04-22,g047,b0147,echec,15
2026-04-22,g047,b0056,echec,13
2026-04-22,g047,b0088,echec,12
2026-04-22,g047,b0182,reussite,1
2026-04-22,g047,b0076,reussite,11
2026-04-22,g047,b0055,echec,10
2026-04-22,g047,b0087,echec,17
2026-04-22,g050,b0184,reussite,1
2026-04-22,g050,b0163,reussite,1
2026-04-22,g050,b0057,echec,14
2026-04-22,g050,b0075,echec,6
2026-04-22,g050,b0066,echec,7
2026-04-22,g050,b0113,echec,16
2026-04-22,g050,b0081,echec,14
2026-04-22,g050,b0157,echec,13
2026-04-22,g050,b0073,echec,17
2026-04-22,g050,b0114,echec,16
2026-04-22,g052,b0072,reussite,4
2026-04-22,g052,b0075,echec,6
2026-04-22,g052,b0053,echec,4
2026-04-22,g052,b0136,echec,11
2026-04-22,g052,b0174,reussite,7
2026-04-22,g052,b0165,echec,17
2026-04-22,g052,b0197,echec,9
2026-04-22,g052,b0063,reussite,1
2026-04-23,g003,b0055,echec,9
2026-04-23,g003,b0096,echec,7
2026-04-23,g003,b0056,echec,13
2026-04-23,g003,b0198,echec,8
2026-04-23,g003,b0127,echec,15
2026-04-23,g003,b0078,echec,16
2026-04-23,g003,b0063,reussite,1
2026-04-23,g003,b0089,echec,17
2026-04-23,g005,b0197,reussite,1
2026-04-23,g005,b0156,echec,14
2026-04-23,g005,b0087,reussite,6
2026-04-23,g005,b0158,echec,11
2026-04-23,g005,b0074,reussite,1
2026-04-23,g005,b0177,echec,11
2026-04-23,g005,b0055,reussite,6
2026-04-23,g010,b0093,reussite,1
2026-04-23,g010,b0116,echec,15
2026-04-23,g010,b0107,echec,10
2026-04-23,g010,b0143,reussite,1
2026-04-23,g010,b0055,echec,6
2026-04-23,g010,b0126,echec,13
2026-04-23,g010,b0135,echec,12
2026-04-23,g010,b0168,echec,16
2026-04-23,g010,b0176,echec,16
2026-04-23,g016,b0155,reussite,1
2026-04-23,g016,b0164,reussite,2
2026-04-23,g016,b0174,echec,6
2026-04-23,g016,b0064,reussite,3
2026-04-23,g016,b0194,echec,4
2026-04-23,g016,b0153,reussite,3
2026-04-23,g016,b0197,echec,14
2026-04-23,g016,b0175,echec,15
2026-04-23,g022,b0094,echec,11
2026-04-23,g022,b0074,reussite,15
2026-04-23,g022,b0083,reussite,4
2026-04-23,g022,b0108,echec,13
2026-04-23,g022,b0055,echec,8
2026-04-23,g022,b0076,echec,15
2026-04-23,g022,b0093,reussite,1
2026-04-23,g022,b0054,reussite,1
2026-04-23,g023,b0142,reussite,1
2026-04-23,g023,b0173,reussite,1
2026-04-23,g023,b0064,echec,6
2026-04-23,g023,b0075,echec,11
2026-04-23,g023,b0083,echec,7
2026-04-23,g023,b0136,reussite,7
2026-04-23,g023,b0145,echec,13
2026-04-23,g025,b0195,reussite,1
2026-04-23,g025,b0096,echec,15
2026-04-23,g025,b0176,echec,14
2026-04-23,g025,b0136,reussite,3
2026-04-23,g027,b0151,reussite,1
2026-04-23,g027,b0127,echec,14
2026-04-23,g027,b0081,echec,17
2026-04-23,g027,b0083,echec,10
2026-04-23,g027,b0073,echec,9
2026-04-23,g027,b0088,echec,9
2026-04-23,g027,b0144,echec,11
2026-04-23,g033,b0176,reussite,1
2026-04-23,g033,b0167,reussite,1
2026-04-23,g033,b0106,reussite,12
2026-04-23,g033,b0118,echec,17
2026-04-23,g033,b0074,reussite,3
2026-04-23,g033,b0088,echec,6
2026-04-23,g033,b0087,echec,9
2026-04-23,g033,b0177,echec,10
2026-04-23,g033,b0107,echec,12
2026-04-23,g033,b0076,echec,2
2026-04-23,g035,b0164,reussite,1
2026-04-23,g035,b0164,reussite,1
2026-04-23,g035,b0142,echec,8
2026-04-23,g035,b0172,reussite,12
2026-04-23,g035,b0091,reussite,8
2026-04-23,g035,b0183,reussite,8
2026-04-23,g035,b0195,echec,17
2026-04-23,g042,b0055,echec,6
2026-04-23,g042,b0076,echec,8
2026-04-23,g042,b0157,echec,13
2026-04-23,g042,b0197,reussite,6
2026-04-23,g042,b0178,echec,16
2026-04-23,g042,b0106,echec,10
2026-04-23,g042,b0195,echec,16
2026-04-23,g046,b0144,echec,11
2026-04-23,g046,b0123,reussite,7
2026-04-23,g046,b0114,echec,14
2026-04-23,g046,b0094,echec,8
2026-04-23,g046,b0053,echec,6
2026-04-23,g046,b0081,reussite,5
2026-04-23,g046,b0145,echec,9
2026-04-23,g046,b0164,echec,6
2026-04-23,g046,b0064,reussite,12
2026-04-23,g047,b0062,reussite,1
2026-04-23,g047,b0072,reussite,2
2026-04-23,g047,b0076,echec,9
2026-04-23,g047,b0183,reussite,1
2026-04-23,g047,b0095,reussite,14
2026-04-23,g047,b0081,reussite,2
2026-04-23,g047,b0116,reussite,13
2026-04-23,g047,b0086,echec,15
2026-04-23,g047,b0084,echec,10
2026-04-23,g047,b0094,reussite,1
2026-04-23,g047,b0117,echec,16
2026-04-23,g047,b0055,echec,10
2026-04-23,g047,b0057,echec,12
2026-04-23,g047,b0132,reussite,1
2026-04-23,g047,b0051,reussite,1
2026-04-23,g047,b0056,echec,15
2026-04-23,g047,b0129,echec,9
2026-04-23,g047,b0192,reussite,1
2026-04-23,g047,b0078,echec,7
2026-04-23,g050,b0091,reussite,1
2026-04-23,g050,b0142,reussite,2
2026-04-23,g050,b0153,echec,16
2026-04-23,g050,b0103,reussite,2
2026-04-23,g050,b0083,echec,14
2026-04-23,g050,b0145,echec,11
2026-04-23,g050,b0062,reussite,3
2026-04-23,g050,b0163,reussite,1
2026-04-23,g052,b0105,reussite,1
2026-04-23,g052,b0115,reussite,1
2026-04-23,g052,b0061,reussite,2
2026-04-23,g052,b0093,reussite,1
2026-04-23,g052,b0151,reussite,1
2026-04-23,g052,b0143,reussite,1
2026-04-23,g052,b0094,echec,17
2026-04-23,g052,b0125,echec,11
2026-04-23,g052,b0192,reussite,1
2026-04-23,g052,b0134,echec,6
2026-04-23,g054,b0066,echec,5
2026-04-23,g054,b0075,reussite,10
2026-04-23,g054,b0142,echec,2
2026-04-23,g054,b0083,echec,6
2026-04-23,g054,b0165,echec,15
2026-04-23,g054,b0175,echec,11
2026-04-23,g054,b0074,echec,16
2026-04-23,g054,b0153,reussite,7
2026-04-23,g054,b0066,reussite,1
2026-04-23,g054,b0166,reussite,1
2026-04-23,g054,b0061,reussite,1
2026-04-23,g054,b0157,echec,14
2026-04-23,g054,b0143,reussite,1
2026-04-23,g054,b0076,echec,13
2026-04-23,g054,b0093,reussite,1
2026-04-23,g054,b0192,reussite,1
2026-04-24,g001,b0121,reussite,1
2026-04-24,g001,b0184,reussite,1
2026-04-24,g001,b0061,reussite,1
2026-04-24,g001,b0054,reussite,5
2026-04-24,g001,b0195,echec,16
2026-04-24,g001,b0073,echec,9
2026-04-24,g001,b0055,echec,7
2026-04-24,g001,b0072,reussite,4
2026-04-24,g001,b0053,reussite,3
2026-04-24,g001,b0091,reussite,1
2026-04-24,g001,b0066,echec,9
2026-04-24,g001,b0114,echec,14
2026-04-24,g002,b0181,reussite,1
2026-04-24,g002,b0083,reussite,2
2026-04-24,g002,b0072,reussite,3
2026-04-24,g002,b0076,echec,8
2026-04-24,g002,b0167,echec,9
2026-04-24,g002,b0157,echec,12
2026-04-24,g002,b0133,echec,6
2026-04-24,g003,b0086,echec,11
2026-04-24,g003,b0075,reussite,7
2026-04-24,g003,b0087,echec,7
2026-04-24,g003,b0064,reussite,6
2026-04-24,g003,b0107,echec,11
2026-04-24,g003,b0128,echec,7
2026-04-24,g003,b0146,echec,15
2026-04-24,g003,b0072,reussite,2
2026-04-24,g003,b0053,reussite,2
2026-04-24,g003,b0117,echec,10
2026-04-24,g004,b0174,reussite,4
2026-04-24,g004,b0185,reussite,4
2026-04-24,g004,b0128,echec,12
2026-04-24,g004,b0086,echec,8
2026-04-24,g004,b0074,echec,6
2026-04-24,g004,b0194,echec,3
2026-04-24,g004,b0087,echec,11
2026-04-24,g004,b0166,echec,3
2026-04-24,g008,b0074,reussite,11
2026-04-24,g008,b0087,echec,15
2026-04-24,g008,b0094,echec,6
2026-04-24,g008,b0066,reussite,2
2026-04-24,g008,b0073,reussite,1
2026-04-24,g008,b0084,echec,11
2026-04-24,g008,b0055,echec,10
2026-04-24,g008,b0126,echec,12
2026-04-24,g013,b0188,echec,13
2026-04-24,g013,b0175,reussite,1
2026-04-24,g013,b0098,echec,8
2026-04-24,g013,b0068,echec,11
2026-04-24,g013,b0185,reussite,1
2026-04-24,g013,b0199,echec,10
2026-04-24,g013,b0166,reussite,1
2026-04-24,g014,b0172,reussite,1
2026-04-24,g014,b0175,reussite,1
2026-04-24,g014,b0076,echec,12
2026-04-24,g014,b0053,reussite,1
2026-04-24,g014,b0072,reussite,1
2026-04-24,g014,b0181,reussite,1
2026-04-24,g014,b0054,reussite,1
2026-04-24,g014,b0074,echec,7
2026-04-24,g014,b0086,echec,7
2026-04-24,g014,b0055,echec,8
2026-04-24,g022,b0061,reussite,1
2026-04-24,g022,b0162,reussite,5
2026-04-24,g022,b0155,reussite,4
2026-04-24,g022,b0104,echec,12
2026-04-24,g022,b0107,echec,11
2026-04-24,g022,b0194,reussite,11
2026-04-24,g022,b0095,echec,8
2026-04-24,g023,b0132,reussite,1
2026-04-24,g023,b0153,reussite,2
2026-04-24,g023,b0084,echec,16
2026-04-24,g023,b0075,echec,6
2026-04-24,g023,b0053,reussite,4
2026-04-24,g023,b0197,echec,13
2026-04-24,g023,b0054,reussite,2
2026-04-24,g024,b0143,reussite,1
2026-04-24,g024,b0081,echec,11
2026-04-24,g024,b0075,echec,12
2026-04-24,g024,b0093,reussite,2
2026-04-24,g024,b0083,echec,15
2026-04-24,g024,b0051,reussite,1
2026-04-24,g024,b0160,reussite,1
2026-04-24,g027,b0191,reussite,1
2026-04-24,g027,b0131,reussite,1
2026-04-24,g027,b0086,echec,11
2026-04-24,g027,b0056,echec,15
2026-04-24,g027,b0081,echec,16
2026-04-24,g027,b0094,echec,13
2026-04-24,g027,b0138,echec,7
2026-04-24,g027,b0078,echec,8
2026-04-24,g027,b0064,echec,7
2026-04-24,g027,b0072,echec,12
2026-04-24,g028,b0185,echec,13
2026-04-24,g028,b0057,echec,12
2026-04-24,g028,b0134,echec,6
2026-04-24,g028,b0064,reussite,4
2026-04-24,g028,b0062,reussite,3
2026-04-24,g028,b0194,echec,6
2026-04-24,g030,b0075,echec,11
2026-04-24,g030,b0062,echec,2
2026-04-24,g030,b0133,echec,15
2026-04-24,g030,b0072,echec,11
2026-04-24,g030,b0073,echec,10
2026-04-24,g030,b0064,echec,7
2026-04-24,g030,b0083,echec,8
2026-04-24,g033,b0154,reussite,1
2026-04-24,g033,b0070,echec,16
2026-04-24,g033,b0094,reussite,2
2026-04-24,g033,b0065,reussite,3
2026-04-24,g033,b0114,reussite,2
2026-04-24,g033,b0086,echec,2
2026-04-24,g033,b0146,echec,18
2026-04-24,g033,b0162,reussite,1
2026-04-24,g033,b0128,echec,8
2026-04-24,g033,b0109,echec,11
2026-04-24,g033,b0107,echec,6
2026-04-24,g033,b0056,reussite,10
2026-04-24,g033,b0078,echec,12
2026-04-24,g033,b0198,echec,11
2026-04-24,g033,b0137,echec,11
2026-04-24,g033,b0086,reussite,2
2026-04-24,g035,b0051,reussite,1
2026-04-24,g035,b0122,reussite,1
2026-04-24,g035,b0134,echec,18
2026-04-24,g035,b0114,echec,17
2026-04-24,g035,b0084,echec,6
2026-04-24,g035,b0076,echec,9
2026-04-24,g035,b0074,echec,11
2026-04-24,g035,b0065,echec,16
2026-04-24,g035,b0104,echec,8
2026-04-24,g044,b0102,reussite,1
2026-04-24,g044,b0081,reussite,2
2026-04-24,g044,b0084,echec,10
2026-04-24,g044,b0065,echec,10
2026-04-24,g044,b0055,echec,9
2026-04-24,g044,b0111,reussite,1
2026-04-24,g044,b0057,echec,13
2026-04-24,g044,b0056,echec,12
2026-04-24,g049,b0123,reussite,1
2026-04-24,g049,b0072,reussite,1
2026-04-24,g049,b0064,echec,11
2026-04-24,g049,b0083,echec,12
2026-04-24,g049,b0184,echec,7
2026-04-24,g049,b0105,echec,10
2026-04-24,g049,b0194,echec,17
2026-04-24,g049,b0153,echec,8
2026-04-24,g049,b0081,reussite,12
2026-04-24,g054,b0123,reussite,1
2026-04-24,g054,b0166,reussite,1
2026-04-24,g054,b0053,reussite,2
2026-04-24,g054,b0105,echec,3
2026-04-24,g054,b0194,echec,10
2026-04-24,g054,b0136,echec,8
2026-04-24,g054,b0055,echec,15
2026-04-24,g054,b0074,echec,11
2026-04-24,g054,b0134,echec,6
2026-04-24,g054,b0174,echec,8
2026-04-24,g054,b0054,echec,3
2026-04-25,g002,b0075,reussite,1
2026-04-25,g002,b0124,reussite,1
2026-04-25,g002,b0162,reussite,5
2026-04-25,g002,b0174,echec,10
2026-04-25,g002,b0066,echec,7
2026-04-25,g002,b0136,echec,8
2026-04-25,g002,b0113,reussite,6
2026-04-25,g002,b0155,reussite,8
2026-04-25,g002,b0055,echec,8
2026-04-25,g002,b0175,echec,5
2026-04-25,g004,b0064,reussite,2
2026-04-25,g004,b0065,reussite,4
2026-04-25,g004,b0081,reussite,1
2026-04-25,g004,b0114,echec,11
2026-04-25,g004,b0076,echec,14
2026-04-25,g004,b0108,echec,7
2026-04-25,g007,b0081,reussite,5
2026-04-25,g007,b0055,echec,12
2026-04-25,g007,b0185,reussite,12
2026-04-25,g007,b0194,echec,16
2026-04-25,g007,b0106,echec,9
2026-04-25,g007,b0164,reussite,2
2026-04-25,g013,b0085,echec,13
2026-04-25,g013,b0127,echec,14
2026-04-25,g013,b0065,echec,2
2026-04-25,g013,b0058,echec,11
2026-04-25,g016,b0185,echec,12
2026-04-25,g016,b0153,echec,5
2026-04-25,g016,b0194,echec,16
2026-04-25,g016,b0166,echec,5
2026-04-25,g016,b0136,echec,14
2026-04-25,g016,b0053,reussite,1
2026-04-25,g016,b0145,reussite,11
2026-04-25,g016,b0106,echec,17
2026-04-25,g016,b0066,echec,9
2026-04-25,g016,b0081,reussite,6
2026-04-25,g017,b0101,reussite,1
2026-04-25,g017,b0090,reussite,1
2026-04-25,g017,b0067,echec,7
2026-04-25,g017,b0068,echec,13
2026-04-25,g017,b0097,echec,15
2026-04-25,g017,b0100,echec,14
2026-04-25,g017,b0058,echec,10
2026-04-25,g017,b0079,echec,6
2026-04-25,g023,b0143,reussite,1
2026-04-25,g023,b0144,echec,8
2026-04-25,g023,b0124,echec,9
2026-04-25,g023,b0134,echec,17
2026-04-25,g023,b0081,echec,4
2026-04-25,g023,b0195,echec,17
2026-04-25,g023,b0164,reussite,3
2026-04-25,g023,b0125,echec,16
2026-04-25,g024,b0082,reussite,1
2026-04-25,g025,b0145,reussite,1
2026-04-25,g025,b0114,echec,4
2026-04-25,g025,b0076,reussite,3
2026-04-25,g025,b0108,reussite,14
2026-04-25,g025,b0055,echec,5
2026-04-25,g025,b0057,echec,18
2026-04-25,g025,b0065,reussite,4
2026-04-25,g025,b0117,echec,8
2026-04-25,g025,b0074,echec,3
2026-04-25,g025,b0066,reussite,1
2026-04-25,g031,b0151,reussite,1
2026-04-25,g031,b0164,reussite,1
2026-04-25,g031,b0051,reussite,1
2026-04-25,g031,b0082,reussite,1
2026-04-25,g031,b0096,echec,10
2026-04-25,g031,b0060,reussite,1
2026-04-25,g031,b0057,echec,14
2026-04-25,g031,b0089,echec,16
2026-04-25,g031,b0058,echec,8
2026-04-25,g031,b0148,echec,9
2026-04-25,g031,b0069,reussite,1
2026-04-25,g031,b0101,reussite,1
2026-04-25,g034,b0057,echec,13
2026-04-25,g034,b0166,reussite,7
2026-04-25,g034,b0168,echec,9
2026-04-25,g034,b0084,echec,13
2026-04-25,g034,b0153,echec,2
2026-04-25,g034,b0176,echec,17
2026-04-25,g034,b0066,echec,4
2026-04-25,g034,b0136,reussite,6
2026-04-25,g035,b0161,reussite,1
2026-04-25,g035,b0182,reussite,1
2026-04-25,g035,b0053,echec,12
2026-04-25,g035,b0066,echec,14
2026-04-25,g035,b0054,echec,10
2026-04-25,g035,b0115,echec,9
2026-04-25,g035,b0141,reussite,2
2026-04-25,g035,b0090,reussite,1
2026-04-25,g035,b0093,reussite,4
2026-04-25,g035,b0112,reussite,2
2026-04-25,g037,b0174,reussite,1
2026-04-25,g037,b0094,reussite,2
2026-04-25,g037,b0076,echec,4
2026-04-25,g037,b0126,echec,16
2026-04-25,g037,b0167,echec,9
2026-04-25,g037,b0177,echec,5
2026-04-25,g037,b0168,echec,12
2026-04-25,g037,b0087,echec,11
2026-04-25,g039,b0166,reussite,1
2026-04-25,g039,b0095,echec,10
2026-04-25,g039,b0106,echec,10
2026-04-25,g039,b0142,reussite,2
2026-04-25,g039,b0145,echec,8
2026-04-25,g039,b0157,echec,8
2026-04-25,g039,b0136,echec,5
2026-04-25,g039,b0195,echec,10
2026-04-25,g043,b0080,reussite,1
2026-04-25,g043,b0165,echec,15
2026-04-25,g043,b0073,reussite,14
2026-04-25,g043,b0081,reussite,7
2026-04-25,g043,b0066,reussite,13
2026-04-25,g043,b0155,echec,11
2026-04-25,g043,b0175,echec,6
2026-04-25,g043,b0162,reussite,1
2026-04-25,g043,b0094,reussite,18
2026-04-25,g043,b0076,echec,12
2026-04-25,g043,b0114,echec,9
2026-04-25,g043,b0074,echec,7
2026-04-25,g043,b0095,echec,10
2026-04-25,g043,b0134,echec,8
2026-04-25,g043,b0065,echec,12
2026-04-25,g043,b0129,echec,18
2026-04-25,g043,b0091,reussite,1
2026-04-25,g043,b0057,echec,8
2026-04-25,g043,b0090,reussite,1
2026-04-25,g043,b0076,echec,13
2026-04-25,g043,b0084,echec,11
2026-04-25,g043,b0082,reussite,1
2026-04-25,g043,b0130,reussite,1
2026-04-25,g043,b0095,echec,15
2026-04-25,g043,b0167,echec,15
2026-04-25,g043,b0074,echec,18
2026-04-25,g045,b0125,reussite,1
2026-04-25,g045,b0166,reussite,1
2026-04-25,g045,b0144,echec,13
2026-04-25,g045,b0055,echec,9
2026-04-25,g045,b0174,reussite,2
2026-04-25,g045,b0136,reussite,9
2026-04-25,g046,b0139,reussite,1
2026-04-25,g046,b0059,echec,13
2026-04-25,g046,b0154,echec,15
2026-04-25,g046,b0067,echec,8
2026-04-25,g046,b0177,echec,6
2026-04-25,g046,b0110,echec,14
2026-04-25,g046,b0100,echec,8
2026-04-25,g050,b0121,reussite,1
2026-04-25,g050,b0094,echec,7
2026-04-25,g050,b0093,reussite,2
2026-04-25,g050,b0066,echec,10
2026-04-25,g050,b0081,echec,10
2026-04-25,g050,b0075,echec,8
2026-04-25,g050,b0072,echec,6
2026-04-25,g050,b0073,echec,8
2026-04-25,g050,b0064,echec,7
2026-04-25,g050,b0082,reussite,1
2026-04-25,g050,b0076,echec,16
2026-04-25,g051,b0115,reussite,1
2026-04-25,g051,b0136,reussite,1
2026-04-25,g051,b0057,echec,9
2026-04-25,g051,b0168,echec,7
2026-04-25,g051,b0125,echec,6
2026-04-25,g051,b0144,echec,13
2026-04-25,g051,b0065,reussite,9
2026-04-25,g051,b0072,reussite,2
2026-04-25,g051,b0094,echec,12
2026-04-25,g051,b0084,echec,5
2026-04-25,g051,b0062,reussite,1
2026-04-26,g001,b0180,reussite,1
2026-04-26,g001,b0180,reussite,1
2026-04-26,g001,b0058,echec,15
2026-04-26,g001,b0052,reussite,1
2026-04-26,g001,b0068,echec,15
2026-04-26,g001,b0097,echec,10
2026-04-26,g001,b0082,reussite,1
2026-04-26,g001,b0069,reussite,1
2026-04-26,g001,b0100,echec,17
2026-04-26,g003,b0141,reussite,1
2026-04-26,g003,b0132,reussite,1
2026-04-26,g003,b0055,echec,12
2026-04-26,g003,b0060,reussite,1
2026-04-26,g003,b0074,echec,12
2026-04-26,g003,b0096,echec,8
2026-04-26,g003,b0186,echec,14
2026-04-26,g003,b0102,reussite,1
2026-04-26,g003,b0135,echec,12
2026-04-26,g008,b0125,reussite,1
2026-04-26,g008,b0152,reussite,1
2026-04-26,g008,b0053,reussite,1
2026-04-26,g008,b0055,echec,7
2026-04-26,g008,b0095,reussite,5
2026-04-26,g008,b0084,reussite,9
2026-04-26,g008,b0097,echec,18
2026-04-26,g008,b0061,reussite,1
2026-04-26,g010,b0133,echec,12
2026-04-26,g010,b0096,echec,14
2026-04-26,g010,b0062,reussite,1
2026-04-26,g010,b0057,echec,18
2026-04-26,g010,b0104,reussite,9
2026-04-26,g010,b0076,echec,9
2026-04-26,g010,b0074,echec,4
2026-04-26,g010,b0053,reussite,1
2026-04-26,g010,b0181,reussite,1
2026-04-26,g010,b0117,echec,11
2026-04-26,g014,b0178,echec,12
2026-04-26,g014,b0113,reussite,2
2026-04-26,g014,b0134,echec,7
2026-04-26,g014,b0105,reussite,2
2026-04-26,g014,b0075,reussite,6
2026-04-26,g014,b0136,reussite,10
2026-04-26,g014,b0095,echec,9
2026-04-26,g014,b0084,echec,15
2026-04-26,g014,b0104,echec,8
2026-04-26,g017,b0159,reussite,1
2026-04-26,g017,b0109,echec,9
2026-04-26,g017,b0059,echec,13
2026-04-26,g017,b0158,echec,18
2026-04-26,g017,b0140,echec,17
2026-04-26,g017,b0199,echec,7
2026-04-26,g017,b0179,echec,10
2026-04-26,g017,b0188,echec,10
2026-04-26,g017,b0098,echec,10
2026-04-26,g017,b0149,echec,13
2026-04-26,g022,b0123,reussite,1
2026-04-26,g022,b0173,reussite,1
2026-04-26,g022,b0055,echec,10
2026-04-26,g022,b0076,echec,6
2026-04-26,g022,b0114,echec,9
2026-04-26,g022,b0065,reussite,14
2026-04-26,g022,b0157,reussite,15
2026-04-26,g022,b0168,echec,11
2026-04-26,g022,b0096,echec,10
2026-04-26,g022,b0080,reussite,1
2026-04-26,g022,b0102,reussite,1
2026-04-26,g022,b0177,echec,14
2026-04-26,g026,b0074,reussite,1
2026-04-26,g026,b0165,reussite,1
2026-04-26,g026,b0096,echec,8
2026-04-26,g026,b0162,reussite,2
2026-04-26,g026,b0095,reussite,7
2026-04-26,g026,b0175,reussite,3
2026-04-26,g026,b0057,echec,12
2026-04-26,g026,b0166,reussite,1
2026-04-26,g026,b0084,reussite,6
2026-04-26,g026,b0107,echec,13
2026-04-26,g031,b0066,reussite,7
2026-04-26,g031,b0095,echec,8
2026-04-26,g031,b0054,echec,4
2026-04-26,g031,b0053,echec,4
2026-04-26,g031,b0075,echec,13
2026-04-26,g031,b0061,reussite,1
2026-04-26,g031,b0093,reussite,1
2026-04-26,g031,b0062,reussite,1
2026-04-26,g031,b0084,echec,14
2026-04-26,g031,b0065,echec,10
2026-04-26,g031,b0074,echec,16
2026-04-26,g031,b0200,reussite,1
2026-04-26,g031,b0090,reussite,1
2026-04-26,g031,b0111,reussite,1
2026-04-26,g031,b0106,echec,8
2026-04-26,g031,b0112,reussite,1
2026-04-26,g038,b0200,reussite,1
2026-04-26,g038,b0062,echec,15
2026-04-26,g038,b0053,reussite,14
2026-04-26,g038,b0175,echec,15
2026-04-26,g038,b0073,echec,18
2026-04-26,g038,b0145,echec,14
2026-04-26,g038,b0163,reussite,1
2026-04-26,g038,b0074,echec,15
2026-04-26,g041,b0164,reussite,1
2026-04-26,g041,b0112,reussite,1
2026-04-26,g041,b0084,echec,8
2026-04-26,g041,b0095,reussite,10
2026-04-26,g041,b0147,echec,10
2026-04-26,g041,b0195,echec,14
2026-04-26,g041,b0096,echec,8
2026-04-26,g041,b0052,reussite,1
2026-04-26,g041,b0082,reussite,1
2026-04-26,g044,b0053,reussite,1
2026-04-26,g044,b0136,echec,16
2026-04-26,g044,b0054,echec,4
2026-04-26,g044,b0073,echec,9
2026-04-26,g044,b0175,echec,7
2026-04-26,g044,b0145,echec,6
2026-04-26,g044,b0105,echec,5
2026-04-26,g044,b0162,reussite,5
2026-04-26,g044,b0124,reussite,8
2026-04-26,g044,b0062,reussite,2
2026-04-26,g044,b0055,echec,9
2026-04-26,g044,b0073,reussite,1
2026-04-26,g044,b0061,reussite,1
2026-04-26,g044,b0065,echec,10
2026-04-26,g044,b0114,echec,10
2026-04-26,g044,b0122,reussite,1
2026-04-26,g044,b0183,reussite,2
2026-04-26,g044,b0134,echec,16
2026-04-26,g044,b0161,reussite,1
2026-04-26,g044,b0103,reussite,1
2026-04-26,g044,b0095,echec,11
2026-04-26,g044,b0108,echec,12
2026-04-26,g045,b0166,reussite,1
2026-04-26,g045,b0144,echec,8
2026-04-26,g045,b0055,echec,13
2026-04-26,g045,b0104,echec,7
2026-04-26,g045,b0124,reussite,3
2026-04-26,g045,b0084,reussite,1
2026-04-26,g045,b0167,reussite,1
2026-04-26,g045,b0106,echec,11
2026-04-26,g045,b0076,echec,9
2026-04-26,g045,b0154,echec,7
2026-04-26,g045,b0095,reussite,12
2026-04-26,g045,b0157,echec,7
2026-04-26,g045,b0058,echec,10
2026-04-26,g045,b0196,echec,8
2026-04-26,g046,b0176,echec,7
2026-04-26,g046,b0085,echec,11
2026-04-26,g046,b0196,echec,11
2026-04-26,g046,b0089,echec,6
2026-04-26,g046,b0198,echec,8
2026-04-26,g046,b0177,echec,13
2026-04-26,g046,b0154,echec,10
2026-04-26,g046,b0178,echec,14
2026-04-26,g047,b0142,reussite,1
2026-04-26,g047,b0055,echec,11
2026-04-26,g047,b0181,reussite,1
2026-04-26,g047,b0074,echec,9
2026-04-26,g047,b0076,echec,8
2026-04-26,g047,b0147,echec,10
2026-04-26,g047,b0126,echec,6
2026-04-26,g047,b0121,reussite,1
2026-04-26,g047,b0106,reussite,18
2026-04-26,g047,b0093,reussite,1
2026-04-26,g048,b0157,echec,9
2026-04-26,g050,b0091,reussite,1
2026-04-26,g050,b0172,reussite,1
2026-04-26,g050,b0166,reussite,8
2026-04-26,g050,b0124,echec,13
2026-04-26,g050,b0105,reussite,11
2026-04-26,g050,b0136,echec,13
2026-04-26,g050,b0155,echec,15
2026-04-26,g050,b0194,echec,13
2026-04-26,g052,b0165,echec,10
2026-04-26,g052,b0053,reussite,3
2026-04-26,g052,b0076,echec,11
2026-04-26,g052,b0075,echec,5
2026-04-26,g052,b0110,echec,17
2026-04-26,g052,b0173,reussite,1
2026-04-26,g052,b0105,echec,11
2026-04-26,g052,b0115,reussite,3
2026-04-27,g002,b0124,reussite,1
2026-04-27,g002,b0162,echec,5
2026-04-27,g002,b0145,reussite,16
2026-04-27,g002,b0125,echec,13
2026-04-27,g002,b0113,echec,7
2026-04-27,g002,b0155,echec,7
2026-04-27,g002,b0075,reussite,6
2026-04-27,g002,b0175,echec,10
2026-04-27,g012,b0073,reussite,6
2026-04-27,g012,b0065,echec,9
2026-04-27,g012,b0075,reussite,4
2026-04-27,g012,b0074,echec,8
2026-04-27,g012,b0144,echec,16
2026-04-27,g012,b0076,echec,9
2026-04-27,g012,b0062,reussite,1
2026-04-27,g017,b0143,reussite,1
2026-04-27,g017,b0093,reussite,1
2026-04-27,g017,b0162,echec,17
2026-04-27,g017,b0164,reussite,7
2026-04-27,g017,b0124,echec,10
2026-04-27,g017,b0194,echec,9
2026-04-27,g017,b0155,echec,13
2026-04-27,g017,b0055,echec,12
2026-04-27,g017,b0133,echec,7
2026-04-27,g017,b0181,reussite,2
2026-04-27,g027,b0055,echec,13
2026-04-27,g027,b0177,echec,8
2026-04-27,g027,b0084,echec,17
2026-04-27,g027,b0147,echec,12
2026-04-27,g027,b0053,reussite,14
2026-04-27,g027,b0075,echec,7
2026-04-27,g027,b0117,echec,12
2026-04-27,g027,b0087,echec,11
2026-04-27,g027,b0096,echec,11
2026-04-27,g027,b0057,echec,12
2026-04-27,g027,b0066,echec,11
2026-04-27,g027,b0146,echec,9
2026-04-27,g027,b0073,echec,16
2026-04-27,g027,b0075,echec,17
2026-04-27,g027,b0089,echec,17
2026-04-27,g027,b0085,echec,7
2026-04-27,g027,b0156,echec,9
2026-04-27,g027,b0186,echec,14
2026-04-27,g028,b0093,reussite,1
2026-04-27,g028,b0123,reussite,2
2026-04-27,g028,b0066,echec,10
2026-04-27,g028,b0113,echec,9
2026-04-27,g028,b0172,reussite,2
2026-04-27,g028,b0136,echec,12
2026-04-27,g028,b0054,echec,7
2026-04-27,g034,b0114,echec,16
2026-04-27,g034,b0053,reussite,1
2026-04-27,g034,b0095,echec,10
2026-04-27,g034,b0094,reussite,15
2026-04-27,g034,b0065,echec,10
2026-04-27,g034,b0144,echec,16
2026-04-27,g034,b0054,echec,2
2026-04-27,g034,b0093,reussite,1
2026-04-27,g034,b0076,echec,7
2026-04-27,g037,b0145,reussite,1
2026-04-27,g037,b0104,reussite,1
2026-04-27,g037,b0174,reussite,2
2026-04-27,g037,b0197,echec,3
2026-04-27,g037,b0055,reussite,7
2026-04-27,g037,b0162,reussite,1
2026-04-27,g037,b0164,reussite,1
2026-04-27,g037,b0095,echec,7
2026-04-27,g037,b0075,reussite,1
2026-04-27,g037,b0073,echec,1
2026-04-27,g040,b0136,reussite,8
2026-04-27,g040,b0073,echec,7
2026-04-27,g040,b0175,echec,12
2026-04-27,g040,b0185,echec,9
2026-04-27,g040,b0162,reussite,4
2026-04-27,g040,b0145,echec,6
2026-04-27,g040,b0073,reussite,1
2026-04-27,g040,b0080,reussite,1
2026-04-27,g040,b0160,reussite,1
2026-04-27,g040,b0117,echec,9
2026-04-27,g040,b0071,reussite,1
2026-04-27,g040,b0084,echec,12
2026-04-27,g040,b0135,echec,8
2026-04-27,g040,b0095,echec,12
2026-04-27,g040,b0129,echec,7
2026-04-27,g040,b0065,reussite,7
2026-04-27,g041,b0161,reussite,1
2026-04-27,g041,b0174,reussite,10
2026-04-27,g041,b0066,echec,12
2026-04-27,g041,b0076,echec,12
2026-04-27,g041,b0164,reussite,7
2026-04-27,g041,b0093,reussite,2
2026-04-27,g041,b0185,echec,12
2026-04-27,g048,b0193,reussite,1
2026-04-27,g048,b0054,echec,7
2026-04-27,g048,b0162,echec,9
2026-04-27,g048,b0062,reussite,3
2026-04-27,g048,b0172,reussite,2
2026-04-27,g048,b0053,reussite,6
2026-04-27,g048,b0113,echec,13
2026-04-27,g048,b0184,echec,5
2026-04-27,g049,b0054,reussite,1
2026-04-27,g049,b0136,echec,6
2026-04-27,g049,b0181,reussite,2
2026-04-27,g049,b0066,echec,8
2026-04-27,g049,b0062,reussite,11
2026-04-27,g049,b0115,echec,9
2026-04-27,g049,b0113,echec,12
2026-04-27,g049,b0105,echec,8
2026-04-27,g050,b0163,reussite,1
2026-04-27,g050,b0054,reussite,7
2026-04-27,g050,b0055,echec,17
2026-04-27,g050,b0115,reussite,3
2026-04-27,g050,b0165,echec,12
2026-04-27,g050,b0061,reussite,2
2026-04-27,g050,b0066,echec,14
2026-04-27,g050,b0053,reussite,3
2026-04-27,g050,b0175,echec,14
2026-04-27,g050,b0073,echec,16
2026-04-27,g050,b0123,reussite,4
2026-04-27,g055,b0173,reussite,1
2026-04-27,g055,b0054,reussite,1
2026-04-27,g055,b0065,echec,8
2026-04-27,g055,b0124,echec,5
2026-04-27,g055,b0095,echec,14
2026-04-27,g055,b0053,reussite,1
2026-04-27,g055,b0194,echec,8
2026-04-28,g009,b0154,echec,13
2026-04-28,g009,b0055,reussite,14
2026-04-28,g009,b0194,echec,6
2026-04-28,g009,b0195,echec,11
2026-04-28,g009,b0175,reussite,2
2026-04-28,g009,b0176,echec,15
2026-04-28,g009,b0153,reussite,1
2026-04-28,g009,b0113,echec,2
2026-04-28,g009,b0167,echec,11
2026-04-28,g009,b0178,echec,10
2026-04-28,g009,b0177,reussite,16
2026-04-28,g009,b0155,reussite,2
2026-04-28,g009,b0166,reussite,1
2026-04-28,g013,b0095,reussite,3
2026-04-28,g013,b0096,echec,13
2026-04-28,g013,b0145,echec,1
2026-04-28,g013,b0057,echec,12
2026-04-28,g013,b0107,echec,15
2026-04-28,g013,b0055,reussite,5
2026-04-28,g013,b0144,reussite,3
2026-04-28,g013,b0106,reussite,8
2026-04-28,g013,b0055,reussite,1
2026-04-28,g013,b0096,echec,8
2026-04-28,g013,b0145,reussite,2
2026-04-28,g013,b0074,reussite,2
2026-04-28,g013,b0197,reussite,2
2026-04-28,g013,b0107,echec,8
2026-04-28,g013,b0057,echec,8
2026-04-28,g033,b0195,reussite,7
2026-04-28,g033,b0116,echec,5
2026-04-28,g033,b0157,reussite,7
2026-04-28,g033,b0084,reussite,1
2026-04-28,g033,b0109,echec,15
2026-04-28,g033,b0134,reussite,1
2026-04-28,g033,b0117,echec,14
2026-04-28,g033,b0176,echec,8
2026-04-28,g033,b0134,reussite,1
2026-04-28,g033,b0174,reussite,1
2026-04-28,g033,b0137,echec,12
2026-04-28,g033,b0096,echec,11
2026-04-28,g033,b0128,echec,16
2026-04-28,g033,b0058,echec,17
2026-04-28,g033,b0107,echec,13
2026-04-28,g033,b0089,echec,15
2026-04-28,g033,b0129,echec,8
2026-04-28,g040,b0053,reussite,3
2026-04-28,g040,b0054,reussite,3
2026-04-28,g040,b0066,reussite,8
2026-04-28,g040,b0183,reussite,2
2026-04-28,g040,b0197,reussite,15
2026-04-28,g040,b0145,echec,15
2026-04-28,g040,b0175,echec,6
2026-04-28,g040,b0115,reussite,3
2026-04-28,g043,b0080,reussite,1
2026-04-28,g043,b0169,reussite,1
2026-04-28,g043,b0176,echec,9
2026-04-28,g043,b0135,echec,9
2026-04-28,g043,b0071,reussite,1
2026-04-28,g043,b0076,echec,14
2026-04-28,g043,b0074,echec,17
2026-04-28,g043,b0089,echec,14
2026-04-28,g044,b0185,reussite,1
2026-04-28,g044,b0175,reussite,1
2026-04-28,g044,b0096,echec,17
2026-04-28,g044,b0074,echec,6
2026-04-28,g044,b0054,reussite,1
2026-04-28,g044,b0165,echec,7
2026-04-28,g044,b0125,echec,11
2026-04-28,g044,b0065,echec,17
2026-04-28,g044,b0114,echec,7
2026-04-28,g044,b0094,echec,7
2026-04-28,g044,b0104,echec,6
2026-04-28,g044,b0076,echec,6
2026-04-28,g046,b0053,echec,7
2026-04-28,g046,b0145,echec,6
2026-04-28,g046,b0114,echec,9
2026-04-28,g046,b0197,echec,17
2026-04-28,g046,b0153,echec,11
2026-04-28,g046,b0136,echec,17
2026-04-28,g046,b0193,reussite,1
2026-04-28,g046,b0054,reussite,6
2026-04-28,g046,b0151,reussite,1
2026-04-28,g055,b0175,reussite,1
2026-04-28,g055,b0066,reussite,4
2026-04-28,g055,b0122,reussite,1
2026-04-28,g055,b0106,echec,7
2026-04-28,g055,b0156,echec,15
2026-04-28,g055,b0142,reussite,1
2026-04-28,g055,b0147,echec,15
2026-04-29,g016,b0155,reussite,1
2026-04-29,g016,b0145,reussite,1
2026-04-29,g016,b0166,reussite,3
2026-04-29,g016,b0066,echec,8
2026-04-29,g016,b0095,echec,13
2026-04-29,g016,b0124,echec,11
2026-04-29,g016,b0162,echec,7
2026-04-29,g016,b0074,reussite,9
2026-04-29,g016,b0113,echec,7
2026-04-29,g016,b0076,echec,12
2026-04-29,g016,b0136,echec,11
2026-04-29,g016,b0065,echec,7
2026-04-29,g016,b0124,reussite,6
2026-04-29,g016,b0115,echec,1
2026-04-29,g016,b0066,echec,2
2026-04-29,g016,b0094,echec,8
2026-04-29,g016,b0104,echec,16
2026-04-29,g016,b0194,echec,10
2026-04-29,g016,b0076,echec,16
2026-04-29,g016,b0114,echec,6
2026-04-29,g017,b0191,reussite,1
2026-04-29,g017,b0139,reussite,1
2026-04-29,g017,b0153,reussite,12
2026-04-29,g017,b0184,echec,5
2026-04-29,g017,b0136,echec,8
2026-04-29,g017,b0115,echec,7
2026-04-29,g017,b0168,echec,10
2026-04-29,g017,b0181,reussite,2
2026-04-29,g017,b0054,echec,8
2026-04-29,g017,b0194,echec,15
2026-04-29,g027,b0061,echec,6
2026-04-29,g027,b0152,reussite,1
2026-04-29,g027,b0054,echec,15
2026-04-29,g027,b0143,echec,4
2026-04-29,g027,b0080,reussite,1
2026-04-29,g027,b0185,echec,7
2026-04-29,g028,b0166,echec,7
2026-04-29,g028,b0134,echec,7
2026-04-29,g028,b0157,echec,11
2026-04-29,g028,b0054,reussite,4
2026-04-29,g028,b0105,echec,13
2026-04-29,g028,b0175,echec,17
2026-04-29,g028,b0142,reussite,3
2026-04-29,g028,b0136,echec,9
2026-04-29,g028,b0062,echec,3
2026-04-29,g028,b0166,echec,5
2026-04-29,g028,b0066,echec,8
2026-04-29,g028,b0185,reussite,11
2026-04-29,g028,b0155,echec,15
2026-04-29,g028,b0175,echec,6
2026-04-29,g028,b0181,reussite,1
2026-04-29,g028,b0124,echec,10
2026-04-29,g028,b0122,reussite,2
2026-04-29,g028,b0174,reussite,1
2026-04-29,g028,b0115,reussite,1
2026-04-29,g028,b0157,echec,18
2026-04-29,g028,b0061,reussite,1
2026-04-29,g028,b0066,echec,10
2026-04-29,g028,b0075,echec,9
2026-04-29,g028,b0074,echec,7
2026-04-29,g028,b0124,echec,13
2026-04-29,g028,b0114,echec,8
2026-04-29,g028,b0197,echec,9
2026-04-29,g035,b0195,echec,11
2026-04-29,g035,b0142,echec,6
2026-04-29,g035,b0164,reussite,7
2026-04-29,g035,b0193,reussite,1
2026-04-29,g035,b0062,echec,14
2026-04-29,g035,b0115,echec,10
2026-04-29,g035,b0111,reussite,2
2026-04-29,g035,b0066,echec,12
2026-04-29,g035,b0113,echec,13
2026-04-29,g035,b0105,echec,12
2026-04-29,g035,b0194,echec,11
2026-04-29,g035,b0155,echec,18
2026-04-29,g035,b0054,reussite,9
2026-04-29,g035,b0102,reussite,1
2026-04-29,g035,b0143,reussite,1
2026-04-29,g035,b0139,reussite,1
2026-04-29,g035,b0163,reussite,1
2026-04-29,g035,b0071,reussite,1
2026-04-29,g035,b0062,reussite,14
2026-04-29,g035,b0073,echec,9
2026-04-29,g035,b0075,echec,6
2026-04-29,g035,b0130,echec,2
2026-04-29,g035,b0183,reussite,1
2026-04-29,g035,b0164,reussite,1
2026-04-29,g035,b0095,echec,15
2026-04-29,g035,b0096,echec,12
2026-04-29,g035,b0135,echec,16
2026-04-29,g035,b0117,echec,9
2026-04-29,g035,b0084,echec,13
2026-04-29,g035,b0057,echec,11
2026-04-29,g035,b0186,echec,11
2026-04-29,g035,b0129,echec,7
2026-04-29,g035,b0128,echec,10
2026-04-29,g037,b0124,reussite,1
2026-04-29,g037,b0166,reussite,1
2026-04-29,g037,b0113,reussite,1
2026-04-29,g037,b0165,reussite,3
2026-04-29,g037,b0133,echec,4
2026-04-29,g037,b0144,reussite,2
2026-04-29,g037,b0106,echec,12
2026-04-29,g037,b0185,reussite,1
2026-04-29,g044,b0121,reussite,1
2026-04-29,g044,b0084,echec,12
2026-04-29,g044,b0089,echec,18
2026-04-29,g044,b0129,echec,17
2026-04-29,g044,b0082,reussite,1
2026-04-29,g044,b0074,echec,15
2026-04-29,g044,b0076,echec,14
2026-04-29,g044,b0148,echec,6
2026-04-29,g044,b0095,echec,15
2026-04-29,g044,b0090,reussite,1
2026-04-29,g046,b0191,reussite,1
2026-04-29,g046,b0132,reussite,1
2026-04-29,g046,b0140,echec,11
2026-04-29,g051,b0157,echec,16
2026-04-29,g051,b0156,echec,8
2026-04-29,g051,b0104,reussite,7
2026-04-29,g051,b0096,echec,10
2026-04-29,g051,b0165,reussite,11
2026-04-29,g051,b0106,echec,8
2026-04-29,g051,b0065,echec,14
2026-04-29,g051,b0133,echec,7
2026-04-29,g052,b0164,reussite,3
2026-04-29,g052,b0075,echec,11
2026-04-29,g052,b0184,echec,4
2026-04-29,g052,b0194,echec,14
2026-04-29,g052,b0062,reussite,1
2026-04-29,g052,b0054,reussite,5
2026-04-30,g001,b0152,reussite,1
2026-04-30,g001,b0115,reussite,1
2026-04-30,g001,b0059,echec,10
2026-04-30,g004,b0155,reussite,1
2026-04-30,g004,b0097,echec,9
2026-04-30,g004,b0108,echec,17
2026-04-30,g004,b0109,echec,6
2026-04-30,g004,b0146,echec,11
2026-04-30,g004,b0057,echec,12
2026-04-30,g004,b0079,echec,9
2026-04-30,g005,b0156,echec,12
2026-04-30,g005,b0057,echec,6
2026-04-30,g005,b0186,echec,7
2026-04-30,g005,b0129,echec,10
2026-04-30,g005,b0157,echec,5
2026-04-30,g005,b0195,echec,11
2026-04-30,g005,b0154,echec,10
2026-04-30,g005,b0134,reussite,2
2026-04-30,g005,b0106,reussite,4
2026-04-30,g005,b0087,echec,7
2026-04-30,g005,b0087,reussite,1
2026-04-30,g005,b0176,reussite,1
2026-04-30,g005,b0107,reussite,11
2026-04-30,g005,b0108,echec,9
2026-04-30,g005,b0147,reussite,5
2026-04-30,g005,b0057,echec,13
2026-04-30,g005,b0129,echec,8
2026-04-30,g005,b0117,echec,16
2026-04-30,g005,b0146,echec,9
2026-04-30,g005,b0058,echec,11
2026-04-30,g008,b0125,reussite,1
2026-04-30,g008,b0175,reussite,1
2026-04-30,g008,b0057,echec,6
2026-04-30,g008,b0087,reussite,14
2026-04-30,g008,b0076,echec,5
2026-04-30,g008,b0089,echec,10
2026-04-30,g008,b0058,echec,18
2026-04-30,g008,b0054,reussite,1
2026-04-30,g008,b0148,echec,7
2026-04-30,g008,b0181,reussite,1
2026-04-30,g008,b0151,reussite,1
2026-04-30,g008,b0121,reussite,1
2026-04-30,g024,b0142,reussite,8
2026-04-30,g024,b0172,reussite,2
2026-04-30,g034,b0172,reussite,1
2026-04-30,g034,b0157,echec,13
2026-04-30,g034,b0133,reussite,5
2026-04-30,g034,b0061,reussite,1
2026-04-30,g034,b0073,reussite,5
2026-04-30,g034,b0074,echec,17
2026-04-30,g034,b0108,echec,11
2026-04-30,g036,b0104,reussite,1
2026-04-30,g036,b0157,reussite,5
2026-04-30,g036,b0154,reussite,9
2026-04-30,g036,b0120,echec,13
2026-04-30,g036,b0116,echec,6
2026-04-30,g036,b0107,echec,7
2026-04-30,g036,b0106,echec,5
2026-04-30,g036,b0128,echec,14
2026-04-30,g040,b0105,reussite,1
2026-04-30,g040,b0183,reussite,1
2026-04-30,g040,b0073,reussite,4
2026-04-30,g040,b0094,echec,17
2026-04-30,g040,b0084,echec,6
2026-04-30,g040,b0157,echec,17
2026-04-30,g040,b0062,reussite,2
2026-04-30,g040,b0124,echec,5
2026-04-30,g040,b0133,echec,10
2026-04-30,g040,b0074,echec,17
2026-04-30,g040,b0061,reussite,1
2026-04-30,g041,b0080,reussite,1
2026-04-30,g041,b0089,echec,7
2026-04-30,g041,b0085,echec,7
2026-04-30,g041,b0109,echec,14
2026-04-30,g041,b0138,echec,6
2026-04-30,g041,b0068,echec,8
2026-04-30,g041,b0137,echec,18
2026-04-30,g043,b0172,reussite,1
2026-04-30,g043,b0172,reussite,1
2026-04-30,g043,b0142,reussite,4
2026-04-30,g043,b0164,reussite,9
2026-04-30,g043,b0123,echec,5
2026-04-30,g043,b0115,echec,3
2026-04-30,g043,b0144,echec,11
2026-04-30,g043,b0166,echec,14
2026-04-30,g043,b0122,reussite,1
2026-04-30,g043,b0142,reussite,1
2026-04-30,g043,b0115,reussite,4
2026-04-30,g043,b0062,reussite,3
2026-04-30,g043,b0184,reussite,7
2026-04-30,g043,b0183,reussite,1
2026-04-30,g043,b0136,echec,12
2026-04-30,g043,b0123,reussite,4
2026-04-30,g043,b0166,echec,7
2026-04-30,g043,b0061,reussite,2
2026-04-30,g043,b0124,echec,9
2026-04-30,g043,b0197,echec,11
2026-04-30,g044,b0172,reussite,1
2026-04-30,g044,b0175,echec,12
2026-04-30,g044,b0066,reussite,9
2026-04-30,g044,b0157,echec,14
2026-04-30,g044,b0105,echec,13
2026-04-30,g044,b0194,echec,9
2026-04-30,g044,b0164,reussite,2
2026-04-30,g045,b0174,reussite,1
2026-04-30,g045,b0197,echec,12
2026-04-30,g045,b0194,echec,3
2026-04-30,g045,b0145,echec,6
2026-04-30,g045,b0157,echec,10
2026-04-30,g045,b0184,reussite,1
2026-04-30,g045,b0065,echec,8
2026-04-30,g045,b0114,echec,13
2026-04-30,g045,b0177,echec,6
2026-04-30,g045,b0074,reussite,9
2026-04-30,g045,b0168,echec,11
2026-04-30,g047,b0166,reussite,1
2026-04-30,g047,b0074,echec,9
2026-04-30,g047,b0145,echec,11
2026-04-30,g047,b0176,echec,17
2026-04-30,g047,b0104,echec,17
2026-04-30,g047,b0155,reussite,7
2026-04-30,g047,b0162,echec,4
2026-04-30,g047,b0066,reussite,4
2026-04-30,g049,b0200,reussite,1
2026-04-30,g049,b0093,reussite,1
2026-04-30,g049,b0094,echec,16
2026-04-30,g049,b0144,echec,9
2026-04-30,g055,b0161,reussite,1
2026-04-30,g055,b0161,reussite,1
2026-04-30,g055,b0057,echec,11
2026-04-30,g055,b0061,reussite,1
2026-04-30,g055,b0093,reussite,1
2026-04-30,g055,b0089,echec,13
2026-04-30,g055,b0112,reussite,1
2026-04-30,g055,b0163,reussite,1
2026-04-30,g055,b0058,echec,10
2026-05-01,g010,b0186,echec,11
2026-05-01,g010,b0076,echec,11
2026-05-01,g010,b0196,echec,9
2026-05-01,g010,b0166,reussite,2
2026-05-01,g010,b0105,reussite,2
2026-05-01,g010,b0136,echec,10
2026-05-01,g010,b0118,echec,9
2026-05-01,g010,b0168,echec,17
2026-05-01,g010,b0113,reussite,3
2026-05-01,g010,b0125,reussite,8
2026-05-01,g011,b0123,reussite,1
2026-05-01,g011,b0073,reussite,10
2026-05-01,g011,b0076,echec,10
2026-05-01,g011,b0124,echec,9
2026-05-01,g014,b0144,echec,11
2026-05-01,g014,b0175,reussite,7
2026-05-01,g014,b0124,echec,4
2026-05-01,g014,b0185,echec,7
2026-05-01,g014,b0153,reussite,2
2026-05-01,g014,b0166,reussite,4
2026-05-01,g015,b0106,reussite,7
2026-05-01,g015,b0147,echec,7
2026-05-01,g015,b0146,echec,10
2026-05-01,g019,b0142,reussite,1
2026-05-01,g019,b0123,reussite,4
2026-05-01,g019,b0066,echec,7
2026-05-01,g019,b0185,reussite,9
2026-05-01,g019,b0136,echec,13
2026-05-01,g019,b0062,echec,9
2026-05-01,g019,b0175,echec,10
2026-05-01,g020,b0174,reussite,1
2026-05-01,g020,b0066,reussite,2
2026-05-01,g020,b0076,reussite,7
2026-05-01,g020,b0126,echec,10
2026-05-01,g020,b0157,reussite,15
2026-05-01,g020,b0108,echec,8
2026-05-01,g020,b0054,reussite,1
2026-05-01,g020,b0134,echec,8
2026-05-01,g022,b0066,reussite,6
2026-05-01,g022,b0128,echec,7
2026-05-01,g022,b0094,echec,15
2026-05-01,g022,b0084,reussite,14
2026-05-01,g022,b0134,echec,8
2026-05-01,g022,b0126,echec,11
2026-05-01,g022,b0087,echec,15
2026-05-01,g022,b0154,echec,10
2026-05-01,g026,b0125,reussite,1
2026-05-01,g026,b0135,echec,8
2026-05-01,g026,b0157,echec,10
2026-05-01,g026,b0065,echec,7
2026-05-01,g026,b0133,echec,4
2026-05-01,g026,b0076,reussite,6
2026-05-01,g026,b0084,echec,5
2026-05-01,g026,b0145,echec,8
2026-05-01,g026,b0134,reussite,8
2026-05-01,g026,b0167,reussite,10
2026-05-01,g035,b0183,reussite,1
2026-05-01,g035,b0141,reussite,1
2026-05-01,g035,b0136,echec,6
2026-05-01,g035,b0174,echec,17
2026-05-01,g035,b0175,echec,16
2026-05-01,g035,b0066,echec,8
2026-05-01,g035,b0145,echec,17
2026-05-01,g035,b0133,echec,15
2026-05-01,g035,b0154,echec,10
2026-05-01,g035,b0105,echec,11
2026-05-01,g035,b0180,reussite,1
2026-05-01,g035,b0200,reussite,1
2026-05-01,g035,b0106,echec,9
2026-05-01,g035,b0165,echec,9
2026-05-01,g035,b0087,echec,13
2026-05-01,g035,b0107,echec,17
2026-05-01,g035,b0146,echec,13
2026-05-01,g035,b0089,echec,15
2026-05-01,g035,b0134,echec,11
2026-05-01,g035,b0065,echec,17
2026-05-01,g035,b0094,echec,15
2026-05-01,g038,b0171,reussite,1
2026-05-01,g038,b0141,reussite,2
2026-05-01,g038,b0160,reussite,1
2026-05-01,g038,b0073,echec,13
2026-05-01,g038,b0105,echec,12
2026-05-01,g038,b0062,echec,9
2026-05-01,g038,b0066,echec,11
2026-05-01,g038,b0082,reussite,2
2026-05-01,g043,b0166,echec,12
2026-05-01,g043,b0153,echec,7
2026-05-01,g043,b0124,echec,14
2026-05-01,g043,b0185,echec,6
2026-05-01,g043,b0157,echec,15
2026-05-01,g043,b0136,echec,16
2026-05-01,g043,b0174,echec,16
2026-05-01,g043,b0197,echec,12
2026-05-01,g043,b0144,echec,16
2026-05-01,g043,b0142,reussite,1
2026-05-01,g043,b0181,reussite,1
2026-05-01,g043,b0065,echec,11
2026-05-01,g043,b0113,reussite,10
2026-05-01,g043,b0066,echec,8
2026-05-01,g043,b0195,echec,16
2026-05-01,g043,b0200,reussite,1
2026-05-01,g043,b0105,echec,13
2026-05-01,g043,b0103,reussite,2
2026-05-01,g043,b0175,echec,10
2026-05-01,g044,b0115,reussite,1
2026-05-01,g044,b0173,reussite,1
2026-05-01,g044,b0076,echec,8
2026-05-01,g044,b0176,echec,14
2026-05-01,g044,b0112,reussite,1
2026-05-01,g044,b0133,echec,17
2026-05-01,g044,b0135,echec,17
2026-05-01,g044,b0084,echec,12
2026-05-01,g046,b0191,reussite,1
2026-05-01,g046,b0079,echec,11
2026-05-01,g046,b0117,echec,11
2026-05-01,g046,b0128,echec,11
2026-05-01,g046,b0146,echec,7
2026-05-01,g046,b0176,echec,10
2026-05-01,g046,b0135,echec,16
2026-05-01,g046,b0089,echec,14
2026-05-01,g046,b0107,echec,13
2026-05-01,g046,b0150,echec,8
2026-05-01,g049,b0065,echec,8
2026-05-01,g049,b0155,echec,11
2026-05-01,g049,b0162,echec,13
2026-05-01,g049,b0166,echec,8
2026-05-01,g049,b0185,echec,7
2026-05-01,g049,b0093,reussite,1
2026-05-01,g051,b0123,reussite,1
2026-05-01,g051,b0054,reussite,1
2026-05-01,g051,b0174,echec,3
2026-05-01,g051,b0145,reussite,5
2026-05-01,g051,b0168,echec,13
2026-05-01,g051,b0115,reussite,1
2026-05-01,g051,b0165,echec,10
2026-05-01,g051,b0155,reussite,2
2026-05-01,g054,b0123,reussite,1
2026-05-01,g054,b0054,reussite,3
2026-05-01,g054,b0194,echec,10
2026-05-01,g054,b0174,echec,8
2026-05-01,g054,b0134,echec,12
2026-05-01,g054,b0181,reussite,1
2026-05-01,g054,b0165,echec,11
2026-05-02,g001,b0155,echec,11
2026-05-02,g001,b0127,echec,14
2026-05-02,g001,b0124,echec,7
2026-05-02,g001,b0142,reussite,1
2026-05-02,g001,b0136,echec,10
2026-05-02,g001,b0116,echec,8
2026-05-02,g001,b0145,echec,6
2026-05-02,g001,b0128,echec,6
2026-05-02,g001,b0185,echec,8
2026-05-02,g001,b0175,reussite,7
2026-05-02,g003,b0087,echec,7
2026-05-02,g003,b0146,echec,10
2026-05-02,g003,b0141,reussite,1
2026-05-02,g003,b0108,echec,11
2026-05-02,g003,b0128,echec,15
2026-05-02,g003,b0132,reussite,1
2026-05-02,g003,b0195,echec,7
2026-05-02,g003,b0107,echec,16
2026-05-02,g003,b0192,reussite,1
2026-05-02,g012,b0166,reussite,1
2026-05-02,g012,b0084,reussite,1
2026-05-02,g012,b0153,reussite,2
2026-05-02,g012,b0197,echec,13
2026-05-02,g012,b0175,echec,3
2026-05-02,g012,b0065,echec,13
2026-05-02,g012,b0134,reussite,10
2026-05-02,g012,b0066,reussite,3
2026-05-02,g012,b0113,reussite,5
2026-05-02,g012,b0094,echec,8
2026-05-02,g012,b0134,reussite,1
2026-05-02,g012,b0066,reussite,1
2026-05-02,g012,b0116,echec,16
2026-05-02,g012,b0076,echec,8
2026-05-02,g012,b0144,echec,8
2026-05-02,g012,b0114,echec,7
2026-05-02,g012,b0115,reussite,1
2026-05-02,g012,b0157,echec,13
2026-05-02,g014,b0115,reussite,1
2026-05-02,g014,b0104,reussite,1
2026-05-02,g014,b0065,echec,13
2026-05-02,g014,b0094,echec,9
2026-05-02,g014,b0073,reussite,6
2026-05-02,g014,b0133,echec,14
2026-05-02,g014,b0117,echec,7
2026-05-02,g014,b0054,echec,1
2026-05-02,g014,b0134,echec,7
2026-05-02,g014,b0087,echec,13
2026-05-02,g014,b0062,reussite,1
2026-05-02,g014,b0076,echec,16
2026-05-02,g031,b0108,echec,16
2026-05-02,g031,b0080,reussite,1
2026-05-02,g031,b0154,echec,13
2026-05-02,g031,b0117,echec,15
2026-05-02,g031,b0139,reussite,1
2026-05-02,g031,b0171,reussite,1
2026-05-02,g037,b0129,echec,15
2026-05-02,g037,b0146,echec,15
2026-05-02,g037,b0106,echec,10
2026-05-02,g037,b0194,reussite,1
2026-05-02,g037,b0144,echec,6
2026-05-02,g037,b0136,reussite,3
2026-05-02,g037,b0145,echec,4
2026-05-02,g037,b0124,reussite,1
2026-05-02,g037,b0117,echec,9
2026-05-02,g048,b0172,echec,2
2026-05-02,g048,b0073,echec,11
2026-05-02,g048,b0066,echec,6
2026-05-02,g048,b0115,echec,4
2026-05-02,g048,b0142,reussite,3
2026-05-02,g048,b0105,echec,8
2026-05-02,g048,b0113,echec,8
2026-05-02,g048,b0164,echec,9
2026-05-03,g001,b0184,reussite,1
2026-05-03,g001,b0098,echec,6
2026-05-03,g002,b0153,reussite,1
2026-05-03,g002,b0134,reussite,1
2026-05-03,g002,b0174,echec,10
2026-05-03,g002,b0136,echec,8
2026-05-03,g002,b0197,echec,8
2026-05-03,g002,b0166,reussite,6
2026-05-03,g002,b0125,echec,15
2026-05-03,g002,b0084,echec,12
2026-05-03,g002,b0157,echec,14
2026-05-03,g002,b0115,reussite,1
2026-05-03,g005,b0157,reussite,1
2026-05-03,g005,b0168,reussite,8
2026-05-03,g005,b0145,echec,2
2026-05-03,g005,b0177,echec,5
2026-05-03,g005,b0198,echec,7
2026-05-03,g005,b0094,reussite,1
2026-05-03,g005,b0196,reussite,11
2026-05-03,g005,b0144,reussite,2
2026-05-03,g005,b0167,echec,4
2026-05-03,g008,b0181,reussite,1
2026-05-03,g008,b0173,reussite,1
2026-05-03,g008,b0080,reussite,1
2026-05-03,g008,b0102,reussite,1
2026-05-03,g008,b0146,echec,14
2026-05-03,g008,b0132,reussite,1
2026-05-03,g008,b0079,echec,18
2026-05-03,g008,b0149,echec,6
2026-05-03,g008,b0198,echec,17
2026-05-03,g008,b0098,echec,6
2026-05-03,g012,b0174,reussite,1
2026-05-03,g012,b0194,reussite,1
2026-05-03,g012,b0165,echec,14
2026-05-03,g012,b0175,reussite,4
2026-05-03,g012,b0168,echec,11
2026-05-03,g012,b0197,reussite,10
2026-05-03,g012,b0114,echec,11
2026-05-03,g012,b0184,reussite,1
2026-05-03,g012,b0142,reussite,1
2026-05-03,g012,b0076,reussite,10
2026-05-03,g012,b0087,echec,7
2026-05-03,g012,b0089,echec,17
2026-05-03,g012,b0094,echec,10
2026-05-03,g012,b0154,echec,13
2026-05-03,g012,b0196,reussite,14
2026-05-03,g012,b0141,reussite,1
2026-05-03,g012,b0112,reussite,1
2026-05-03,g012,b0135,echec,7
2026-05-03,g012,b0157,echec,6
2026-05-03,g013,b0076,reussite,1
2026-05-03,g013,b0155,reussite,1
2026-05-03,g013,b0079,echec,8
2026-05-03,g013,b0109,echec,8
2026-05-03,g013,b0120,echec,9
2026-05-03,g016,b0105,reussite,1
2026-05-03,g016,b0145,reussite,1
2026-05-03,g016,b0164,echec,1
2026-05-03,g016,b0136,echec,13
2026-05-03,g016,b0185,reussite,4
2026-05-03,g016,b0144,echec,14
2026-05-03,g016,b0184,reussite,3
2026-05-03,g016,b0124,echec,6
2026-05-03,g016,b0113,echec,6
2026-05-03,g016,b0155,reussite,6
2026-05-03,g016,b0194,echec,9
2026-05-03,g022,b0062,reussite,1
2026-05-03,g022,b0076,echec,8
2026-05-03,g022,b0084,echec,16
2026-05-03,g022,b0197,reussite,6
2026-05-03,g022,b0195,echec,7
2026-05-03,g022,b0114,echec,12
2026-05-03,g022,b0094,echec,17
2026-05-03,g022,b0196,echec,7
2026-05-03,g023,b0132,reussite,1
2026-05-03,g023,b0136,reussite,1
2026-05-03,g023,b0124,echec,7
2026-05-03,g023,b0195,echec,14
2026-05-03,g023,b0105,reussite,10
2026-05-03,g023,b0145,reussite,9
2026-05-03,g023,b0125,echec,16
2026-05-03,g030,b0094,echec,7
2026-05-03,g030,b0145,echec,18
2026-05-03,g030,b0112,reussite,1
2026-05-03,g030,b0139,reussite,1
2026-05-03,g030,b0116,echec,12
2026-05-03,g030,b0062,echec,5
2026-05-03,g030,b0080,reussite,1
2026-05-03,g030,b0134,echec,17
2026-05-03,g030,b0065,echec,13
2026-05-03,g030,b0141,reussite,1
2026-05-03,g032,b0142,reussite,1
2026-05-03,g032,b0115,reussite,1
2026-05-03,g032,b0166,echec,15
2026-05-03,g032,b0103,reussite,1
2026-05-03,g032,b0121,reussite,1
2026-05-03,g032,b0181,reussite,2
2026-05-03,g032,b0113,echec,11
2026-05-03,g032,b0105,echec,9
2026-05-03,g037,b0065,reussite,2
2026-05-03,g037,b0197,echec,3
2026-05-03,g037,b0085,echec,8
2026-05-03,g037,b0084,reussite,3
2026-05-03,g037,b0177,echec,15
2026-05-03,g037,b0076,echec,7
2026-05-03,g037,b0094,echec,4
2026-05-03,g037,b0157,echec,9
2026-05-03,g037,b0176,reussite,8
2026-05-03,g037,b0118,echec,8
2026-05-03,g038,b0151,reussite,2
2026-05-03,g038,b0183,reussite,8
2026-05-03,g038,b0181,reussite,6
2026-05-03,g038,b0115,echec,13
2026-05-03,g038,b0136,echec,12
2026-05-03,g038,b0123,reussite,9
2026-05-03,g038,b0062,echec,7
2026-05-03,g038,b0113,echec,13
2026-05-03,g045,b0117,echec,9
2026-05-03,g045,b0155,reussite,2
2026-05-03,g045,b0094,reussite,9
2026-05-03,g045,b0142,reussite,1
2026-05-03,g045,b0164,reussite,1
2026-05-03,g045,b0115,reussite,1
2026-05-03,g045,b0123,reussite,1
2026-05-03,g045,b0165,echec,4
2026-05-03,g045,b0195,echec,9
2026-05-03,g045,b0127,echec,15
2026-05-03,g046,b0161,reussite,1
2026-05-03,g046,b0076,echec,15
2026-05-03,g046,b0080,reussite,1
2026-05-03,g046,b0065,echec,16
2026-05-03,g046,b0168,echec,12
2026-05-03,g046,b0076,echec,17
2026-05-03,g046,b0102,reussite,1
2026-05-03,g046,b0104,echec,16
2026-05-03,g046,b0171,reussite,1
2026-05-03,g046,b0116,echec,8
2026-05-03,g046,b0065,echec,9
2026-05-03,g046,b0112,reussite,1
2026-05-03,g046,b0157,echec,14
2026-05-03,g046,b0139,reussite,1
2026-05-03,g050,b0163,reussite,1
2026-05-03,g050,b0134,echec,11
2026-05-03,g050,b0133,echec,17
2026-05-03,g050,b0102,reussite,1
2026-05-03,g050,b0144,echec,9
2026-05-03,g050,b0065,echec,17
2026-05-03,g050,b0076,echec,10
2026-05-03,g050,b0147,echec,9
2026-05-03,g050,b0177,echec,15
2026-05-03,g050,b0080,reussite,1
2026-05-03,g050,b0084,echec,13
2026-05-04,g001,b0139,reussite,1
2026-05-04,g001,b0193,reussite,1
2026-05-04,g001,b0080,reussite,1
2026-05-04,g001,b0131,reussite,1
2026-05-04,g001,b0138,echec,16
2026-05-04,g001,b0089,echec,16
2026-05-04,g001,b0186,echec,11
2026-05-04,g001,b0071,reussite,1
2026-05-04,g001,b0085,echec,12
2026-05-04,g001,b0118,echec,9
2026-05-04,g001,b0119,reussite,1
2026-05-04,g001,b0137,echec,8
2026-05-04,g001,b0101,reussite,1
2026-05-04,g001,b0148,echec,13
2026-05-04,g001,b0109,echec,14
2026-05-04,g001,b0079,echec,7
2026-05-04,g001,b0110,echec,13
2026-05-04,g002,b0114,echec,16
2026-05-04,g002,b0094,echec,15
2026-05-04,g002,b0132,reussite,1
2026-05-04,g002,b0126,echec,9
2026-05-04,g002,b0196,echec,10
2026-05-04,g002,b0108,echec,12
2026-05-04,g003,b0178,echec,13
2026-05-04,g003,b0155,echec,12
2026-05-04,g003,b0194,echec,9
2026-05-04,g003,b0147,echec,15
2026-05-04,g003,b0105,echec,10
2026-05-04,g003,b0124,echec,9
2026-05-04,g003,b0136,echec,17
2026-05-04,g003,b0062,reussite,1
2026-05-04,g003,b0153,reussite,1
2026-05-04,g003,b0172,reussite,1
2026-05-04,g003,b0145,echec,16
2026-05-04,g003,b0065,echec,14
2026-05-04,g003,b0142,reussite,1
2026-05-04,g003,b0134,reussite,7
2026-05-04,g003,b0115,reussite,1
2026-05-04,g003,b0094,reussite,9
2026-05-04,g003,b0177,echec,14
2026-05-04,g003,b0164,reussite,1
2026-05-04,g003,b0084,echec,11
2026-05-04,g003,b0114,echec,8
2026-05-04,g003,b0076,echec,9
2026-05-04,g003,b0133,echec,16
2026-05-04,g003,b0106,echec,17
2026-05-04,g003,b0065,echec,16
2026-05-04,g003,b0116,echec,6
2026-05-04,g003,b0126,echec,17
2026-05-04,g003,b0157,echec,13
2026-05-04,g004,b0094,reussite,1
2026-05-04,g004,b0145,reussite,1
2026-05-04,g004,b0200,reussite,1
2026-05-04,g004,b0143,reussite,1
2026-05-04,g004,b0076,reussite,14
2026-05-04,g004,b0106,echec,15
2026-05-04,g004,b0084,echec,5
2026-05-04,g004,b0085,echec,8
2026-05-04,g004,b0196,echec,16
2026-05-04,g004,b0138,echec,8
2026-05-04,g004,b0089,echec,14
2026-05-04,g013,b0168,reussite,1
2026-05-04,g013,b0106,reussite,1
2026-05-04,g013,b0196,reussite,10
2026-05-04,g013,b0133,reussite,1
2026-05-04,g013,b0177,reussite,9
2026-05-04,g013,b0135,echec,15
2026-05-04,g013,b0146,echec,11
2026-05-04,g013,b0089,echec,16
2026-05-04,g013,b0156,echec,9
2026-05-04,g013,b0110,echec,13
2026-05-04,g013,b0076,reussite,2
2026-05-04,g014,b0175,reussite,1
2026-05-04,g014,b0175,reussite,1
2026-05-04,g014,b0113,echec,4
2026-05-04,g014,b0116,echec,14
2026-05-04,g014,b0076,echec,17
2026-05-04,g014,b0168,echec,16
2026-05-04,g014,b0197,reussite,6
2026-05-04,g014,b0155,reussite,3
2026-05-04,g022,b0115,reussite,1
2026-05-04,g022,b0185,reussite,1
2026-05-04,g022,b0116,echec,15
2026-05-04,g022,b0065,echec,14
2026-05-04,g022,b0157,echec,16
2026-05-04,g022,b0144,echec,15
2026-05-04,g022,b0154,echec,11
2026-05-04,g022,b0107,echec,7
2026-05-04,g030,b0172,reussite,1
2026-05-04,g030,b0200,reussite,1
2026-05-04,g030,b0151,reussite,1
2026-05-04,g030,b0087,echec,9
2026-05-04,g030,b0152,reussite,1
2026-05-04,g030,b0136,echec,10
2026-05-04,g030,b0084,echec,10
2026-05-04,g030,b0171,reussite,1
2026-05-04,g031,b0142,reussite,1
2026-05-04,g031,b0102,reussite,1
2026-05-04,g031,b0130,reussite,1
2026-05-04,g031,b0129,echec,16
2026-05-04,g031,b0071,reussite,1
2026-05-04,g031,b0135,echec,18
2026-05-04,g031,b0107,echec,9
2026-05-04,g031,b0146,echec,14
2026-05-04,g034,b0164,reussite,2
2026-05-04,g034,b0103,reussite,1
2026-05-04,g034,b0145,echec,15
2026-05-04,g034,b0175,echec,11
2026-05-04,g034,b0113,echec,5
2026-05-04,g034,b0124,echec,7
2026-05-04,g034,b0105,echec,5
2026-05-04,g034,b0117,echec,12
2026-05-04,g034,b0198,echec,15
2026-05-04,g040,b0115,reussite,1
2026-05-04,g040,b0065,echec,8
2026-05-04,g040,b0134,echec,7
2026-05-04,g040,b0155,echec,8
2026-05-04,g040,b0167,echec,7
2026-05-04,g040,b0124,echec,6
2026-05-04,g040,b0125,echec,14
2026-05-04,g040,b0176,echec,15
2026-05-04,g042,b0197,reussite,1
2026-05-04,g042,b0136,reussite,1
2026-05-04,g042,b0076,reussite,7
2026-05-04,g042,b0126,echec,9
2026-05-04,g042,b0079,echec,10
2026-05-04,g042,b0177,echec,8
2026-05-04,g042,b0094,echec,4
2026-05-04,g042,b0087,echec,9
2026-05-04,g042,b0196,echec,5
2026-05-04,g042,b0186,echec,9
2026-05-04,g042,b0147,echec,13
2026-05-04,g042,b0136,reussite,1
2026-05-04,g042,b0114,echec,3
2026-05-04,g042,b0107,echec,15
2026-05-04,g042,b0094,reussite,6
2026-05-04,g042,b0134,reussite,7
2026-05-04,g042,b0199,echec,17
2026-05-04,g042,b0123,reussite,1
2026-05-04,g042,b0145,reussite,6
2026-05-04,g042,b0084,reussite,10
2026-05-04,g042,b0186,echec,15
2026-05-04,g042,b0108,echec,7
2026-05-04,g043,b0142,reussite,1
2026-05-04,g043,b0103,reussite,1
2026-05-04,g043,b0193,reussite,1
2026-05-04,g043,b0155,echec,9
2026-05-04,g043,b0175,echec,14
2026-05-04,g043,b0194,reussite,13
2026-05-04,g043,b0084,echec,15
2026-05-04,g043,b0168,echec,8
2026-05-04,g047,b0195,echec,8
2026-05-04,g047,b0154,echec,10
2026-05-04,g047,b0177,echec,8
2026-05-04,g047,b0085,echec,18
2026-05-04,g047,b0146,echec,17
2026-05-04,g047,b0087,echec,7
2026-05-04,g047,b0117,echec,10
2026-05-04,g047,b0107,echec,11
2026-05-04,g047,b0178,echec,8
2026-05-04,g048,b0122,echec,2
2026-05-04,g048,b0164,reussite,3
2026-05-04,g048,b0181,reussite,1
2026-05-04,g048,b0167,echec,16
2026-05-04,g048,b0184,echec,3
2026-05-04,g048,b0103,reussite,2
2026-05-04,g048,b0195,echec,14
2026-05-04,g048,b0185,echec,9
2026-05-04,g048,b0153,echec,10
2026-05-04,g052,b0164,reussite,1
2026-05-04,g052,b0161,reussite,1
2026-05-04,g052,b0193,reussite,1
2026-05-04,g052,b0133,echec,12
2026-05-04,g052,b0084,reussite,6
2026-05-04,g052,b0134,echec,10
2026-05-04,g052,b0094,echec,17
2026-05-04,g052,b0104,echec,15
2026-05-04,g052,b0065,echec,10
2026-05-04,g052,b0182,reussite,1
2026-05-04,g052,b0116,echec,18
2026-05-05,g001,b0115,reussite,1
2026-05-05,g001,b0145,echec,9
2026-05-05,g001,b0166,echec,6
2026-05-05,g001,b0142,echec,2
2026-05-05,g001,b0062,reussite,4
2026-05-05,g001,b0155,echec,13
2026-05-05,g001,b0124,echec,15
2026-05-05,g001,b0175,echec,8
2026-05-05,g001,b0087,echec,17
2026-05-05,g001,b0153,echec,11
2026-05-05,g001,b0105,echec,7
2026-05-05,g004,b0113,reussite,1
2026-05-05,g004,b0144,echec,13
2026-05-05,g004,b0125,echec,9
2026-05-05,g004,b0094,reussite,7
2026-05-05,g004,b0195,echec,8
2026-05-05,g004,b0062,reussite,1
2026-05-05,g004,b0106,echec,17
2026-05-05,g004,b0084,echec,12
2026-05-05,g004,b0115,reussite,1
2026-05-05,g004,b0181,reussite,1
2026-05-05,g004,b0065,echec,6
2026-05-05,g012,b0175,echec,6
2026-05-05,g012,b0145,reussite,6
2026-05-05,g012,b0124,reussite,3
2026-05-05,g012,b0194,reussite,4
2026-05-05,g012,b0084,reussite,7
2026-05-05,g012,b0168,echec,11
2026-05-05,g012,b0065,echec,9
2026-05-05,g012,b0104,echec,10
2026-05-05,g012,b0197,echec,12
2026-05-05,g012,b0166,reussite,4
2026-05-05,g014,b0114,reussite,1
2026-05-05,g014,b0102,reussite,1
2026-05-05,g014,b0139,reussite,1
2026-05-05,g014,b0071,reussite,1
2026-05-05,g014,b0126,echec,10
2026-05-05,g014,b0089,echec,11
2026-05-05,g014,b0148,echec,15
2026-05-05,g014,b0080,reussite,1
2026-05-05,g014,b0112,reussite,1
2026-05-05,g014,b0079,echec,8
2026-05-05,g014,b0087,echec,10
2026-05-05,g014,b0168,reussite,1
2026-05-05,g014,b0162,reussite,1
2026-05-05,g014,b0147,echec,14
2026-05-05,g014,b0118,echec,10
2026-05-05,g014,b0195,echec,14
2026-05-05,g014,b0087,echec,8
2026-05-05,g014,b0170,reussite,1
2026-05-05,g014,b0200,reussite,1
2026-05-05,g014,b0128,echec,15
2026-05-05,g016,b0136,echec,11
2026-05-05,g016,b0145,echec,12
2026-05-05,g016,b0153,echec,5
2026-05-05,g016,b0166,echec,5
2026-05-05,g016,b0105,reussite,6
2026-05-05,g016,b0106,echec,15
2026-05-05,g016,b0197,echec,6
2026-05-05,g016,b0065,echec,17
2026-05-05,g018,b0125,reussite,1
2026-05-05,g018,b0104,reussite,1
2026-05-05,g018,b0149,echec,16
2026-05-05,g018,b0147,reussite,11
2026-05-05,g018,b0154,echec,13
2026-05-05,g018,b0177,echec,8
2026-05-05,g018,b0105,reussite,2
2026-05-05,g018,b0194,reussite,2
2026-05-05,g018,b0197,reussite,3
2026-05-05,g018,b0108,echec,11
2026-05-05,g018,b0196,echec,10
2026-05-05,g025,b0157,reussite,1
2026-05-05,g025,b0106,reussite,9
2026-05-05,g025,b0084,reussite,3
2026-05-05,g025,b0146,echec,12
2026-05-05,g025,b0174,reussite,1
2026-05-05,g025,b0145,echec,5
2026-05-05,g025,b0126,echec,10
2026-05-05,g025,b0104,reussite,4
2026-05-05,g025,b0108,echec,10
2026-05-05,g028,b0123,reussite,1
2026-05-05,g028,b0111,reussite,1
2026-05-05,g028,b0087,echec,18
2026-05-05,g028,b0071,reussite,1
2026-05-05,g028,b0094,echec,15
2026-05-05,g028,b0114,reussite,16
2026-05-05,g028,b0169,reussite,1
2026-05-05,g028,b0191,reussite,1
2026-05-05,g028,b0186,echec,16
2026-05-05,g032,b0164,reussite,1
2026-05-05,g032,b0173,reussite,1
2026-05-05,g032,b0122,reussite,2
2026-05-05,g032,b0155,echec,13
2026-05-05,g032,b0128,echec,11
2026-05-05,g032,b0144,echec,6
2026-05-05,g032,b0195,echec,12
2026-05-05,g032,b0166,reussite,5
2026-05-05,g032,b0197,echec,13
2026-05-05,g034,b0065,echec,7
2026-05-05,g034,b0196,echec,12
2026-05-05,g034,b0144,echec,6
2026-05-05,g034,b0094,echec,15
2026-05-05,g034,b0105,reussite,3
2026-05-05,g034,b0142,reussite,1
2026-05-05,g034,b0157,echec,17
2026-05-05,g043,b0143,reussite,1
2026-05-05,g043,b0161,reussite,1
2026-05-05,g043,b0134,reussite,12
2026-05-05,g043,b0145,echec,12
2026-05-05,g043,b0132,reussite,1
2026-05-05,g043,b0154,echec,17
2026-05-05,g043,b0160,reussite,1
2026-05-05,g043,b0084,echec,13
2026-05-05,g045,b0128,echec,10
2026-05-05,g045,b0094,echec,12
2026-05-05,g045,b0155,echec,2
2026-05-05,g045,b0134,reussite,3
2026-05-05,g045,b0168,reussite,15
2026-05-05,g045,b0105,reussite,2
2026-05-05,g045,b0084,echec,7
2026-05-05,g045,b0157,echec,17
2026-05-05,g045,b0113,reussite,3
2026-05-05,g046,b0184,reussite,1
2026-05-05,g046,b0170,reussite,1
2026-05-05,g046,b0125,echec,8
2026-05-05,g046,b0116,echec,10
2026-05-05,g046,b0157,echec,13
2026-05-05,g046,b0160,reussite,1
2026-05-05,g046,b0163,reussite,1
2026-05-05,g046,b0168,echec,16
2026-05-05,g046,b0190,reussite,1
2026-05-05,g046,b0147,echec,9
2026-05-05,g046,b0106,echec,16
2026-05-05,g047,b0062,reussite,1
2026-05-05,g047,b0087,echec,17
2026-05-05,g047,b0084,echec,6
2026-05-05,g047,b0161,reussite,1
2026-05-05,g047,b0154,echec,11
2026-05-05,g047,b0178,echec,7
2026-05-05,g047,b0146,echec,17
2026-05-05,g047,b0196,echec,6
2026-05-05,g047,b0106,echec,10
2026-05-05,g048,b0132,reussite,1
2026-05-05,g048,b0062,reussite,1
2026-05-05,g048,b0065,echec,10
2026-05-05,g048,b0143,reussite,1
2026-05-05,g048,b0151,reussite,1
2026-05-05,g048,b0114,echec,12
2026-05-05,g048,b0200,reussite,1
2026-05-05,g048,b0094,echec,17
2026-05-05,g049,b0062,reussite,1
2026-05-05,g049,b0161,reussite,1
2026-05-05,g049,b0166,echec,6
2026-05-05,g049,b0183,reussite,3
2026-05-05,g049,b0124,echec,12
2026-05-05,g049,b0155,echec,17
2026-05-05,g049,b0172,reussite,4
2026-05-05,g049,b0145,echec,7
2026-05-06,g002,b0105,reussite,1
2026-05-06,g002,b0165,echec,13
2026-05-06,g002,b0062,reussite,2
2026-05-06,g002,b0181,reussite,1
2026-05-06,g002,b0157,echec,14
2026-05-06,g002,b0168,echec,6
2026-05-06,g002,b0104,reussite,13
2026-05-06,g002,b0133,echec,13
2026-05-06,g002,b0106,echec,9
2026-05-06,g002,b0114,echec,7
2026-05-06,g004,b0185,reussite,1
2026-05-06,g004,b0155,reussite,1
2026-05-06,g004,b0065,echec,15
2026-05-06,g004,b0165,echec,9
2026-05-06,g004,b0134,reussite,12
2026-05-06,g004,b0145,reussite,4
2026-05-06,g004,b0157,echec,12
2026-05-06,g004,b0144,echec,10
2026-05-06,g004,b0114,echec,11
2026-05-06,g004,b0128,echec,6
2026-05-06,g004,b0087,echec,11
2026-05-06,g006,b0194,echec,16
2026-05-06,g006,b0106,echec,7
2026-05-06,g006,b0146,echec,17
2026-05-06,g006,b0153,echec,5
2026-05-06,g006,b0124,reussite,8
2026-05-06,g006,b0174,echec,15
2026-05-06,g006,b0166,echec,12
2026-05-06,g007,b0143,reussite,1
2026-05-06,g007,b0183,reussite,1
2026-05-06,g007,b0065,echec,11
2026-05-06,g007,b0125,echec,8
2026-05-06,g007,b0157,echec,9
2026-05-06,g007,b0196,echec,13
2026-05-06,g007,b0168,echec,11
2026-05-06,g007,b0114,echec,13
2026-05-06,g008,b0094,echec,6
2026-05-06,g008,b0126,echec,13
2026-05-06,g008,b0133,reussite,9
2026-05-06,g008,b0062,reussite,1
2026-05-06,g008,b0128,echec,8
2026-05-06,g008,b0123,reussite,1
2026-05-06,g008,b0107,echec,13
2026-05-06,g010,b0164,reussite,1
2026-05-06,g010,b0185,reussite,1
2026-05-06,g010,b0145,reussite,5
2026-05-06,g010,b0106,echec,15
2026-05-06,g010,b0115,reussite,1
2026-05-06,g010,b0065,echec,8
2026-05-06,g010,b0136,echec,2
2026-05-06,g010,b0094,echec,5
2026-05-06,g010,b0108,echec,9
2026-05-06,g010,b0146,echec,11
2026-05-06,g010,b0126,echec,15
2026-05-06,g010,b0122,reussite,1
2026-05-06,g010,b0161,reussite,1
2026-05-06,g010,b0167,echec,9
2026-05-06,g010,b0173,reussite,1
2026-05-06,g011,b0132,reussite,1
2026-05-06,g011,b0166,echec,7
2026-05-06,g011,b0153,echec,6
2026-05-06,g011,b0117,echec,16
2026-05-06,g011,b0145,echec,8
2026-05-06,g011,b0106,echec,17
2026-05-06,g011,b0104,echec,12
2026-05-06,g011,b0197,echec,13
2026-05-06,g011,b0115,reussite,2
2026-05-06,g011,b0162,echec,11
2026-05-06,g011,b0105,reussite,1
2026-05-06,g011,b0166,reussite,1
2026-05-06,g011,b0134,echec,12
2026-05-06,g011,b0155,reussite,9
2026-05-06,g014,b0122,reussite,1
2026-05-06,g014,b0127,echec,14
2026-05-06,g014,b0094,echec,7
2026-05-06,g014,b0065,reussite,6
2026-05-06,g014,b0157,reussite,17
2026-05-06,g014,b0154,echec,6
2026-05-06,g014,b0116,echec,7
2026-05-06,g014,b0167,echec,14
2026-05-06,g015,b0106,reussite,1
2026-05-06,g015,b0136,reussite,1
2026-05-06,g015,b0125,echec,5
2026-05-06,g015,b0135,echec,9
2026-05-06,g015,b0104,echec,8
2026-05-06,g015,b0145,reussite,9
2026-05-06,g015,b0065,echec,8
2026-05-06,g015,b0162,reussite,2
2026-05-06,g015,b0094,echec,7
2026-05-06,g015,b0116,echec,16
2026-05-06,g015,b0155,reussite,2
2026-05-06,g026,b0104,reussite,1
2026-05-06,g026,b0186,echec,10
2026-05-06,g026,b0108,echec,9
2026-05-06,g026,b0094,echec,6
2026-05-06,g026,b0114,reussite,9
2026-05-06,g026,b0156,echec,15
2026-05-06,g026,b0065,echec,4
2026-05-06,g026,b0133,reussite,5
2026-05-06,g026,b0085,echec,9
2026-05-06,g026,b0087,echec,15
2026-05-06,g035,b0142,reussite,1
2026-05-06,g035,b0173,echec,2
2026-05-06,g035,b0121,echec,7
2026-05-06,g035,b0122,reussite,4
2026-05-06,g035,b0153,echec,15
2026-05-06,g035,b0143,reussite,4
2026-05-06,g035,b0160,reussite,1
2026-05-06,g035,b0193,echec,2
2026-05-06,g035,b0103,echec,9
2026-05-06,g041,b0065,echec,16
2026-05-06,g041,b0071,reussite,1
2026-05-06,g041,b0170,reussite,1
2026-05-06,g041,b0080,reussite,1
2026-05-06,g041,b0094,echec,13
2026-05-06,g041,b0087,echec,11
2026-05-06,g041,b0169,reussite,1
2026-05-07,g001,b0172,reussite,1
2026-05-07,g001,b0126,echec,12
2026-05-07,g001,b0111,reussite,1
2026-05-07,g001,b0147,echec,14
2026-05-07,g001,b0132,reussite,1
2026-05-07,g001,b0139,reussite,1
2026-05-07,g001,b0152,reussite,1
2026-05-07,g001,b0171,reussite,1
2026-05-07,g001,b0112,reussite,1
2026-05-07,g005,b0156,echec,9
2026-05-07,g005,b0117,echec,6
2026-05-07,g005,b0065,reussite,2
2026-05-07,g005,b0146,echec,12
2026-05-07,g005,b0129,echec,12
2026-05-07,g005,b0085,echec,9
2026-05-07,g005,b0155,reussite,1
2026-05-07,g005,b0105,reussite,1
2026-05-07,g006,b0183,reussite,1
2026-05-07,g006,b0155,reussite,1
2026-05-07,g006,b0115,echec,1
2026-05-07,g006,b0114,echec,7
2026-05-07,g006,b0134,echec,15
2026-05-07,g006,b0065,echec,10
2026-05-07,g006,b0116,echec,16
2026-05-07,g006,b0143,reussite,1
2026-05-07,g008,b0155,reussite,1
2026-05-07,g008,b0087,reussite,1
2026-05-07,g008,b0109,echec,10
2026-05-07,g008,b0173,reussite,1
2026-05-07,g008,b0094,echec,4
2026-05-07,g008,b0135,echec,9
2026-05-07,g008,b0129,echec,13
2026-05-07,g008,b0085,echec,9
2026-05-07,g010,b0065,echec,10
2026-05-07,g010,b0136,echec,3
2026-05-07,g010,b0145,echec,4
2026-05-07,g010,b0157,echec,8
2026-05-07,g010,b0164,reussite,1
2026-05-07,g010,b0116,echec,9
2026-05-07,g011,b0164,reussite,1
2026-05-07,g011,b0115,reussite,1
2026-05-07,g011,b0155,echec,12
2026-05-07,g011,b0113,reussite,5
2026-05-07,g011,b0065,echec,12
2026-05-07,g013,b0125,reussite,1
2026-05-07,g013,b0136,reussite,1
2026-05-07,g013,b0127,echec,9
2026-05-07,g013,b0114,reussite,1
2026-05-07,g013,b0094,reussite,1
2026-05-07,g013,b0085,echec,7
2026-05-07,g027,b0129,echec,6
2026-05-07,g027,b0154,echec,10
2026-05-07,g027,b0108,echec,9
2026-05-07,g027,b0114,echec,13
2026-05-07,g027,b0128,echec,7
2026-05-07,g027,b0135,echec,13
2026-05-07,g027,b0107,echec,7
2026-05-07,g027,b0104,echec,7
2026-05-07,g028,b0124,echec,14
2026-05-07,g028,b0155,echec,7
2026-05-07,g028,b0138,echec,14
2026-05-07,g028,b0103,reussite,2
2026-05-07,g028,b0193,reussite,1
2026-05-07,g028,b0143,reussite,1
2026-05-07,g028,b0166,reussite,5
2026-05-07,g030,b0172,reussite,1
2026-05-07,g030,b0128,echec,7
2026-05-07,g030,b0124,echec,17
2026-05-07,g030,b0197,echec,18
2026-05-07,g030,b0192,reussite,1
2026-05-07,g030,b0145,echec,12
2026-05-07,g030,b0125,echec,13
2026-05-07,g030,b0114,echec,8
2026-05-07,g030,b0087,echec,12
2026-05-07,g030,b0065,echec,13
2026-05-07,g032,b0173,reussite,1
2026-05-07,g032,b0175,echec,9
2026-05-07,g032,b0134,echec,8
2026-05-07,g032,b0124,reussite,8
2026-05-07,g032,b0145,echec,14
2026-05-07,g032,b0151,reussite,1
2026-05-07,g032,b0065,echec,8
2026-05-07,g032,b0155,echec,12
2026-05-07,g032,b0144,echec,15
2026-05-07,g032,b0104,echec,14
2026-05-07,g032,b0133,echec,10
2026-05-07,g042,b0168,reussite,1
2026-05-07,g042,b0167,echec,15
2026-05-07,g042,b0154,echec,9
2026-05-07,g042,b0128,echec,17
2026-05-07,g042,b0144,reussite,7
2026-05-07,g042,b0166,reussite,1
2026-05-07,g042,b0176,echec,11
2026-05-07,g042,b0184,reussite,1
2026-05-07,g042,b0085,echec,12
2026-05-07,g042,b0146,echec,16
2026-05-07,g042,b0108,echec,9
2026-05-07,g042,b0115,reussite,1
2026-05-07,g042,b0172,reussite,1
2026-05-07,g042,b0183,reussite,1
2026-05-07,g042,b0156,echec,9
2026-05-07,g042,b0129,echec,16
2026-05-07,g042,b0114,echec,3
2026-05-07,g042,b0087,echec,14
2026-05-07,g044,b0153,reussite,1
2026-05-07,g044,b0113,reussite,9
2026-05-07,g044,b0142,reussite,1
2026-05-07,g044,b0115,echec,2
2026-05-07,g044,b0155,echec,6
2026-05-07,g044,b0145,echec,17
2026-05-07,g044,b0123,reussite,3
2026-05-07,g047,b0197,reussite,1
2026-05-07,g047,b0145,reussite,1
2026-05-07,g047,b0116,echec,10
2026-05-07,g047,b0133,echec,14
2026-05-07,g047,b0168,echec,12
2026-05-07,g047,b0115,reussite,2
2026-05-07,g047,b0094,reussite,8
2026-05-07,g047,b0142,reussite,1
2026-05-07,g047,b0108,echec,14
2026-05-07,g047,b0106,echec,6
2026-05-07,g047,b0126,echec,10
2026-05-07,g054,b0153,reussite,1
2026-05-07,g054,b0183,reussite,1
2026-05-07,g054,b0103,reussite,1
2026-05-07,g054,b0122,reussite,1
2026-05-07,g054,b0094,echec,10
2026-05-07,g054,b0128,echec,15
2026-05-07,g054,b0196,echec,13
2026-05-07,g054,b0157,echec,18
2026-05-07,g054,b0121,reussite,1
2026-05-07,g054,b0161,reussite,1
2026-05-08,g009,b0142,reussite,1
2026-05-08,g009,b0065,reussite,5
2026-05-08,g009,b0094,reussite,8
2026-05-08,g009,b0135,echec,14
2026-05-08,g009,b0115,reussite,1
2026-05-08,g009,b0143,reussite,1
2026-05-08,g009,b0121,reussite,1
2026-05-08,g009,b0085,echec,13
2026-05-08,g009,b0129,echec,16
2026-05-08,g009,b0107,echec,7
2026-05-08,g010,b0115,reussite,1
2026-05-08,g010,b0144,reussite,1
2026-05-08,g010,b0133,echec,9
2026-05-08,g010,b0104,echec,8
2026-05-08,g010,b0106,echec,7
2026-05-08,g010,b0168,echec,11
2026-05-08,g010,b0116,echec,9
2026-05-08,g010,b0103,reussite,1
2026-05-08,g010,b0085,echec,11
2026-05-08,g010,b0126,echec,14
2026-05-08,g010,b0183,reussite,1
2026-05-08,g015,b0108,echec,6
2026-05-08,g015,b0094,echec,3
2026-05-08,g015,b0087,echec,6
2026-05-08,g015,b0154,echec,14
2026-05-08,g015,b0105,reussite,1
2026-05-08,g015,b0177,echec,8
2026-05-08,g015,b0195,echec,8
2026-05-08,g015,b0135,echec,6
2026-05-08,g015,b0107,echec,9
2026-05-08,g015,b0115,reussite,1
2026-05-08,g016,b0144,echec,11
2026-05-08,g016,b0192,reussite,1
2026-05-08,g016,b0178,echec,14
2026-05-08,g016,b0114,reussite,6
2026-05-08,g016,b0151,reussite,1
2026-05-08,g016,b0182,reussite,1
2026-05-08,g016,b0160,reussite,1
2026-05-08,g017,b0184,reussite,1
2026-05-08,g017,b0132,reussite,1
2026-05-08,g017,b0163,reussite,1
2026-05-08,g017,b0160,reussite,1
2026-05-08,g017,b0152,reussite,1
2026-05-08,g017,b0157,echec,18
2026-05-08,g017,b0167,echec,18
2026-05-08,g017,b0196,echec,9
2026-05-08,g017,b0176,echec,12
2026-05-08,g017,b0085,echec,14
2026-05-08,g017,b0186,echec,11
2026-05-08,g017,b0148,echec,10
2026-05-08,g017,b0138,echec,11
2026-05-08,g017,b0198,echec,18
2026-05-08,g017,b0118,echec,8
2026-05-08,g017,b0156,echec,13
2026-05-08,g017,b0127,echec,12
2026-05-08,g017,b0187,echec,14
2026-05-08,g023,b0132,reussite,1
2026-05-08,g023,b0103,echec,1
2026-05-08,g023,b0094,echec,7
2026-05-08,g023,b0065,echec,10
2026-05-08,g023,b0196,echec,11
2026-05-08,g023,b0194,reussite,11
2026-05-08,g023,b0122,reussite,1
2026-05-08,g023,b0128,echec,11
2026-05-08,g023,b0126,echec,11
2026-05-08,g026,b0115,reussite,1
2026-05-08,g026,b0108,echec,10
2026-05-08,g026,b0121,reussite,1
2026-05-08,g026,b0147,echec,15
2026-05-08,g026,b0177,echec,10
2026-05-08,g026,b0126,echec,6
2026-05-08,g026,b0110,echec,13
2026-05-08,g027,b0153,echec,14
2026-05-08,g027,b0142,echec,10
2026-05-08,g027,b0123,reussite,14
2026-05-08,g027,b0115,echec,16
2026-05-08,g027,b0130,reussite,1
2026-05-08,g027,b0164,echec,12
2026-05-08,g027,b0182,reussite,3
2026-05-08,g027,b0122,reussite,6
2026-05-08,g027,b0122,reussite,1
2026-05-08,g027,b0197,echec,7
2026-05-08,g027,b0113,echec,16
2026-05-08,g027,b0071,reussite,2
2026-05-08,g027,b0134,echec,17
2026-05-08,g027,b0133,echec,7
2026-05-08,g027,b0124,echec,13
2026-05-08,g027,b0136,echec,12
2026-05-08,g027,b0125,echec,18
2026-05-08,g027,b0131,reussite,1
2026-05-08,g027,b0065,echec,17
2026-05-08,g042,b0153,reussite,1
2026-05-08,g042,b0155,reussite,2
2026-05-08,g042,b0178,echec,6
2026-05-08,g042,b0154,reussite,6
2026-05-08,g042,b0117,echec,14
2026-05-08,g042,b0126,echec,12
2026-05-08,g042,b0106,echec,12
2026-05-08,g044,b0185,reussite,1
2026-05-08,g044,b0122,reussite,1
2026-05-08,g044,b0152,reussite,1
2026-05-08,g044,b0133,echec,8
2026-05-08,g044,b0121,reussite,1
2026-05-08,g044,b0143,reussite,2
2026-05-08,g044,b0114,echec,16
2026-05-08,g044,b0144,echec,11
2026-05-08,g044,b0147,echec,14
2026-05-08,g044,b0134,echec,7
2026-05-08,g044,b0200,reussite,1
2026-05-08,g044,b0192,reussite,1
2026-05-08,g044,b0192,reussite,1
2026-05-08,g044,b0106,echec,12
2026-05-08,g044,b0126,echec,17
2026-05-08,g044,b0108,echec,10
2026-05-08,g044,b0094,reussite,10
2026-05-08,g044,b0087,echec,8
2026-05-08,g044,b0104,reussite,14
2026-05-08,g044,b0196,echec,17
2026-05-08,g045,b0124,reussite,1
2026-05-08,g045,b0125,reussite,1
2026-05-08,g045,b0153,reussite,2
2026-05-08,g045,b0065,echec,7
2026-05-08,g045,b0194,reussite,4
2026-05-08,g045,b0162,reussite,3
2026-05-08,g045,b0134,echec,4
2026-05-08,g045,b0197,reussite,6
2026-05-08,g045,b0145,reussite,5
2026-05-08,g045,b0168,echec,9
2026-05-08,g045,b0185,reussite,3
2026-05-08,g054,b0181,reussite,1
2026-05-08,g054,b0197,echec,17
2026-05-08,g054,b0065,reussite,15
2026-05-08,g054,b0125,echec,15
2026-05-08,g054,b0104,echec,10
2026-05-08,g054,b0115,reussite,2
2026-05-08,g054,b0116,echec,10
2026-05-08,g054,b0183,reussite,1
2026-05-09,g001,b0136,echec,17
2026-05-09,g001,b0123,reussite,3
2026-05-09,g001,b0113,echec,11
2026-05-09,g001,b0106,echec,9
2026-05-09,g001,b0133,echec,12
2026-05-09,g001,b0172,reussite,1
2026-05-09,g001,b0065,echec,14
2026-05-09,g001,b0181,reussite,1
2026-05-09,g001,b0134,echec,18
2026-05-09,g006,b0184,reussite,1
2026-05-09,g006,b0145,echec,7
2026-05-09,g006,b0094,echec,15
2026-05-09,g006,b0168,echec,15
2026-05-09,g006,b0128,echec,10
2026-05-09,g006,b0157,echec,17
2026-05-09,g006,b0146,echec,15
2026-05-09,g006,b0175,reussite,7
2026-05-09,g006,b0104,echec,17
2026-05-09,g006,b0154,echec,12
2026-05-09,g006,b0129,echec,18
2026-05-09,g008,b0175,reussite,1
2026-05-09,g008,b0153,reussite,1
2026-05-09,g008,b0166,reussite,1
2026-05-09,g008,b0164,reussite,2
2026-05-09,g008,b0168,echec,12
2026-05-09,g008,b0147,echec,12
2026-05-09,g008,b0144,echec,6
2026-05-09,g008,b0153,reussite,1
2026-05-09,g008,b0145,reussite,1
2026-05-09,g008,b0194,echec,2
2026-05-09,g008,b0154,echec,17
2026-05-09,g008,b0157,echec,13
2026-05-09,g008,b0114,reussite,7
2026-05-09,g008,b0165,echec,12
2026-05-09,g008,b0108,echec,16
2026-05-09,g008,b0065,reussite,11
2026-05-09,g008,b0116,reussite,16
2026-05-09,g008,b0143,reussite,1
2026-05-09,g008,b0120,echec,17
2026-05-09,g008,b0129,echec,8
2026-05-09,g008,b0140,echec,16
2026-05-09,g008,b0152,reussite,1
2026-05-09,g008,b0138,echec,11
2026-05-09,g008,b0085,echec,11
2026-05-09,g008,b0112,reussite,1
2026-05-09,g008,b0150,echec,17
2026-05-09,g014,b0103,reussite,1
2026-05-09,g014,b0125,reussite,1
2026-05-09,g014,b0143,reussite,1
2026-05-09,g014,b0177,echec,17
2026-05-09,g014,b0182,reussite,1
2026-05-09,g014,b0126,echec,11
2026-05-09,g014,b0111,reussite,1
2026-05-09,g014,b0106,echec,9
2026-05-09,g014,b0085,echec,9
2026-05-09,g014,b0192,reussite,1
2026-05-09,g014,b0132,reussite,1
2026-05-09,g026,b0161,reussite,1
2026-05-09,g026,b0143,reussite,1
2026-05-09,g026,b0147,echec,10
2026-05-09,g026,b0137,echec,12
2026-05-09,g026,b0108,echec,14
2026-05-09,g026,b0106,echec,13
2026-05-09,g026,b0118,echec,18
2026-05-09,g026,b0181,reussite,1
2026-05-09,g026,b0146,echec,8
2026-05-09,g028,b0172,reussite,1
2026-05-09,g028,b0113,echec,8
2026-05-09,g028,b0136,echec,9
2026-05-09,g028,b0164,reussite,3
2026-05-09,g028,b0153,reussite,11
2026-05-09,g028,b0194,echec,11
2026-05-09,g030,b0142,reussite,1
2026-05-09,g030,b0115,echec,8
2026-05-09,g030,b0113,reussite,11
2026-05-09,g030,b0184,echec,4
2026-05-09,g030,b0123,reussite,6
2026-05-09,g030,b0122,reussite,1
2026-05-09,g030,b0183,reussite,3
2026-05-09,g030,b0164,reussite,10
2026-05-09,g030,b0155,echec,12
2026-05-09,g041,b0173,reussite,1
2026-05-09,g041,b0142,reussite,1
2026-05-09,g041,b0172,reussite,1
2026-05-09,g041,b0123,echec,6
2026-05-09,g041,b0181,echec,2
2026-05-09,g041,b0103,reussite,1
2026-05-09,g041,b0155,echec,12
2026-05-09,g041,b0183,reussite,1
2026-05-09,g044,b0142,reussite,1
2026-05-09,g044,b0124,reussite,1
2026-05-09,g044,b0177,echec,11
2026-05-09,g044,b0154,echec,16
2026-05-09,g044,b0133,echec,11
2026-05-09,g044,b0144,echec,16
2026-05-09,g044,b0182,reussite,1
2026-05-09,g044,b0132,reussite,1
2026-05-09,g044,b0134,reussite,9
2026-05-09,g044,b0193,reussite,1
2026-05-09,g049,b0161,reussite,1
2026-05-09,g049,b0103,reussite,1
2026-05-09,g049,b0175,echec,6
2026-05-09,g049,b0182,echec,1
2026-05-09,g049,b0165,echec,10
2026-05-09,g050,b0164,echec,4
2026-05-09,g050,b0172,reussite,1
2026-05-09,g050,b0194,echec,14
2026-05-09,g050,b0124,echec,8
2026-05-09,g050,b0145,echec,8
2026-05-09,g050,b0105,echec,9
2026-05-09,g052,b0166,reussite,1
2026-05-09,g052,b0174,reussite,1
2026-05-09,g052,b0094,echec,12
2026-05-09,g052,b0175,reussite,11
2026-05-09,g052,b0134,echec,14
2026-05-09,g052,b0133,echec,11
2026-05-09,g052,b0145,echec,10
2026-05-09,g052,b0117,echec,12
2026-05-09,g052,b0125,echec,15
2026-05-09,g055,b0121,reussite,1
2026-05-09,g055,b0161,reussite,1
2026-05-09,g055,b0135,echec,15
2026-05-09,g055,b0200,reussite,1
2026-05-09,g055,b0186,echec,13
2026-05-09,g055,b0107,echec,18
2026-05-09,g055,b0146,echec,7
2026-05-09,g055,b0085,echec,11
2026-05-09,g055,b0176,echec,15
2026-05-09,g055,b0129,echec,16
2026-05-09,g055,b0117,echec,16
2026-05-09,g055,b0151,reussite,1
2026-05-10,g001,b0144,echec,8
2026-05-10,g001,b0194,echec,9
2026-05-10,g001,b0162,echec,9
2026-05-10,g001,b0183,echec,2
2026-05-10,g001,b0174,echec,16
2026-05-10,g001,b0115,reussite,2
2026-05-10,g001,b0164,echec,2
2026-05-10,g001,b0185,echec,12
2026-05-10,g001,b0120,echec,13
2026-05-10,g001,b0150,echec,12
2026-05-10,g001,b0140,echec,11
2026-05-10,g001,b0149,echec,12
2026-05-10,g005,b0134,reussite,1
2026-05-10,g005,b0134,reussite,1
2026-05-10,g005,b0146,echec,8
2026-05-10,g005,b0116,reussite,7
2026-05-10,g005,b0126,reussite,10
2026-05-10,g005,b0167,reussite,3
2026-05-10,g005,b0145,reussite,1
2026-05-10,g005,b0133,reussite,1
2026-05-10,g005,b0176,reussite,11
2026-05-10,g005,b0177,reussite,6
2026-05-10,g005,b0147,echec,6
2026-05-10,g005,b0124,reussite,1
2026-05-10,g006,b0124,reussite,1
2026-05-10,g006,b0124,reussite,1
2026-05-10,g006,b0194,reussite,13
2026-05-10,g006,b0153,reussite,5
2026-05-10,g006,b0172,reussite,2
2026-05-10,g006,b0105,echec,10
2026-05-10,g006,b0174,echec,7
2026-05-10,g006,b0144,echec,14
2026-05-10,g006,b0184,reussite,1
2026-05-10,g006,b0166,echec,10
2026-05-10,g006,b0133,echec,9
2026-05-10,g006,b0113,echec,12
2026-05-10,g008,b0176,echec,8
2026-05-10,g008,b0147,echec,7
2026-05-10,g008,b0175,reussite,4
2026-05-10,g010,b0166,reussite,1
2026-05-10,g010,b0123,reussite,1
2026-05-10,g010,b0177,echec,13
2026-05-10,g010,b0129,echec,14
2026-05-10,g010,b0167,echec,11
2026-05-10,g010,b0148,echec,13
2026-05-10,g010,b0152,reussite,1
2026-05-10,g010,b0108,echec,7
2026-05-10,g010,b0154,reussite,13
2026-05-10,g010,b0195,echec,16
2026-05-10,g010,b0198,echec,7
2026-05-10,g010,b0195,echec,14
2026-05-10,g010,b0102,reussite,1
2026-05-10,g010,b0132,reussite,1
2026-05-10,g010,b0108,echec,11
2026-05-10,g010,b0178,echec,11
2026-05-10,g010,b0193,reussite,1
2026-05-10,g010,b0171,reussite,1
2026-05-10,g010,b0177,echec,10
2026-05-10,g014,b0126,echec,7
2026-05-10,g014,b0114,reussite,7
2026-05-10,g014,b0193,reussite,1
2026-05-10,g014,b0168,reussite,6
2026-05-10,g014,b0106,echec,17
2026-05-10,g014,b0157,echec,14
2026-05-10,g014,b0161,reussite,1
2026-05-10,g014,b0167,echec,17
2026-05-10,g014,b0108,reussite,17
2026-05-10,g014,b0116,echec,12
2026-05-10,g014,b0176,echec,11
2026-05-10,g014,b0135,echec,17
2026-05-10,g014,b0106,echec,10
2026-05-10,g014,b0173,reussite,1
2026-05-10,g014,b0198,echec,10
2026-05-10,g015,b0153,reussite,1
2026-05-10,g015,b0164,reussite,1
2026-05-10,g015,b0125,reussite,3
2026-05-10,g015,b0116,echec,11
2026-05-10,g015,b0126,echec,9
2026-05-10,g015,b0108,echec,10
2026-05-10,g015,b0167,echec,10
2026-05-10,g015,b0134,reussite,4
2026-05-10,g015,b0177,echec,10
2026-05-10,g015,b0136,reussite,1
2026-05-10,g015,b0123,reussite,1
2026-05-10,g015,b0128,echec,15
2026-05-10,g015,b0195,echec,18
2026-05-10,g015,b0154,echec,8
2026-05-10,g015,b0107,echec,14
2026-05-10,g015,b0176,echec,10
2026-05-10,g018,b0125,reussite,1
2026-05-10,g018,b0105,reussite,1
2026-05-10,g018,b0133,reussite,3
2026-05-10,g018,b0108,reussite,12
2026-05-10,g018,b0144,echec,4
2026-05-10,g018,b0167,echec,6
2026-05-10,g018,b0154,echec,17
2026-05-10,g018,b0128,echec,11
2026-05-10,g018,b0126,echec,11
2026-05-10,g018,b0136,reussite,3
2026-05-10,g018,b0174,reussite,1
2026-05-10,g018,b0148,echec,11
2026-05-10,g023,b0185,reussite,1
2026-05-10,g023,b0105,reussite,1
2026-05-10,g023,b0166,echec,9
2026-05-10,g023,b0153,echec,9
2026-05-10,g023,b0157,echec,7
2026-05-10,g023,b0162,reussite,6
2026-05-10,g023,b0114,echec,16
2026-05-10,g023,b0155,echec,12
2026-05-10,g023,b0123,echec,1
2026-05-10,g023,b0134,echec,11
2026-05-10,g023,b0194,echec,14
2026-05-10,g024,b0182,reussite,1
2026-05-10,g024,b0186,echec,7
2026-05-10,g024,b0153,echec,15
2026-05-10,g024,b0174,echec,11
2026-05-10,g024,b0125,echec,10
2026-05-10,g024,b0114,echec,16
2026-05-10,g024,b0166,echec,10
2026-05-10,g024,b0136,echec,11
2026-05-10,g024,b0185,echec,6
2026-05-10,g024,b0105,echec,8
2026-05-10,g024,b0192,reussite,1
2026-05-10,g024,b0141,reussite,1
2026-05-10,g024,b0162,echec,11
2026-05-10,g024,b0174,echec,11
2026-05-10,g024,b0124,echec,16
2026-05-10,g024,b0134,echec,17
2026-05-10,g024,b0113,echec,11
2026-05-10,g024,b0104,echec,10
2026-05-10,g024,b0194,echec,17
2026-05-10,g025,b0196,reussite,1
2026-05-10,g025,b0155,reussite,1
2026-05-10,g025,b0109,echec,12
2026-05-10,g025,b0147,echec,13
2026-05-10,g025,b0177,echec,6
2026-05-10,g025,b0085,echec,7
2026-05-10,g025,b0135,echec,13
2026-05-10,g025,b0129,echec,12
2026-05-10,g025,b0115,reussite,1
2026-05-10,g025,b0118,echec,14
2026-05-10,g025,b0114,echec,3
2026-05-10,g028,b0153,reussite,1
2026-05-10,g028,b0142,reussite,1
2026-05-10,g028,b0162,echec,11
2026-05-10,g028,b0194,reussite,8
2026-05-10,g028,b0184,reussite,4
2026-05-10,g028,b0105,reussite,10
2026-05-10,g028,b0124,echec,15
2026-05-10,g028,b0196,echec,17
2026-05-10,g028,b0113,reussite,5
2026-05-10,g028,b0115,reussite,3
2026-05-10,g030,b0181,reussite,2
2026-05-10,g030,b0161,reussite,2
2026-05-10,g030,b0124,echec,14
2026-05-10,g030,b0121,echec,2
2026-05-10,g030,b0166,reussite,15
2026-05-10,g030,b0155,echec,8
2026-05-10,g030,b0194,echec,6
2026-05-10,g050,b0124,echec,17
2026-05-10,g050,b0153,echec,11
2026-05-10,g050,b0194,echec,12
2026-05-10,g050,b0145,echec,14
2026-05-10,g050,b0193,reussite,1
2026-05-11,g001,b0161,reussite,1
2026-05-11,g001,b0104,echec,7
2026-05-11,g001,b0197,echec,13
2026-05-11,g001,b0108,echec,7
2026-05-11,g001,b0103,reussite,1
2026-05-11,g001,b0122,reussite,1
2026-05-11,g001,b0117,echec,18
2026-05-11,g001,b0165,echec,11
2026-05-11,g001,b0121,reussite,1
2026-05-11,g001,b0160,reussite,1
2026-05-11,g001,b0144,echec,11
2026-05-11,g001,b0186,echec,13
2026-05-11,g001,b0162,echec,10
2026-05-11,g001,b0155,echec,14
2026-05-11,g001,b0157,echec,7
2026-05-11,g001,b0185,reussite,7
2026-05-11,g001,b0123,reussite,1
2026-05-11,g001,b0175,echec,5
2026-05-11,g005,b0154,reussite,1
2026-05-11,g005,b0128,reussite,1
2026-05-11,g005,b0138,echec,17
2026-05-11,g005,b0148,echec,13
2026-05-11,g005,b0187,echec,10
2026-05-11,g005,b0109,echec,7
2026-05-11,g005,b0120,echec,18
2026-05-11,g005,b0127,echec,13
2026-05-11,g005,b0118,echec,15
2026-05-11,g005,b0150,echec,10
2026-05-11,g005,b0123,reussite,1
2026-05-11,g005,b0184,reussite,1
2026-05-11,g006,b0146,echec,11
2026-05-11,g006,b0136,echec,12
2026-05-11,g006,b0167,echec,7
2026-05-11,g006,b0142,echec,2
2026-05-11,g006,b0105,echec,7
2026-05-11,g006,b0162,echec,14
2026-05-11,g006,b0183,reussite,1
2026-05-11,g009,b0177,reussite,1
2026-05-11,g009,b0113,reussite,2
2026-05-11,g009,b0104,echec,11
2026-05-11,g009,b0167,reussite,12
2026-05-11,g009,b0116,echec,7
2026-05-11,g009,b0105,reussite,2
2026-05-11,g009,b0124,echec,3
2026-05-11,g009,b0128,echec,7
2026-05-11,g009,b0157,echec,7
2026-05-11,g009,b0144,echec,10
2026-05-11,g014,b0153,reussite,1
2026-05-11,g014,b0185,reussite,1
2026-05-11,g014,b0123,reussite,1
2026-05-11,g014,b0144,reussite,15
2026-05-11,g014,b0155,echec,8
2026-05-11,g014,b0134,echec,11
2026-05-11,g014,b0196,echec,16
2026-05-11,g014,b0197,echec,14
2026-05-11,g014,b0125,echec,8
2026-05-11,g014,b0114,echec,13
2026-05-11,g014,b0142,reussite,1
2026-05-11,g014,b0184,reussite,1
2026-05-11,g020,b0134,reussite,7
2026-05-11,g020,b0116,echec,15
2026-05-11,g020,b0175,reussite,3
2026-05-11,g020,b0124,reussite,2
2026-05-11,g020,b0197,echec,3
2026-05-11,g020,b0107,echec,15
2026-05-11,g020,b0145,echec,4
2026-05-11,g020,b0165,echec,11
2026-05-11,g020,b0166,reussite,1
2026-05-11,g022,b0115,reussite,1
2026-05-11,g022,b0153,reussite,2
2026-05-11,g022,b0116,echec,8
2026-05-11,g022,b0154,echec,17
2026-05-11,g022,b0166,reussite,6
2026-05-11,g022,b0181,reussite,1
2026-05-11,g022,b0107,echec,17
2026-05-11,g022,b0123,reussite,1
2026-05-11,g022,b0133,echec,10
2026-05-11,g022,b0125,reussite,13
2026-05-11,g022,b0197,echec,8
2026-05-11,g022,b0134,echec,15
2026-05-11,g022,b0154,echec,10
2026-05-11,g022,b0114,echec,14
2026-05-11,g022,b0165,echec,16
2026-05-11,g022,b0144,echec,9
2026-05-11,g034,b0162,reussite,7
2026-05-11,g034,b0168,echec,11
2026-05-11,g034,b0176,echec,8
2026-05-11,g034,b0144,echec,8
2026-05-11,g034,b0145,echec,9
2026-05-11,g034,b0134,echec,17
2026-05-11,g034,b0195,echec,12
2026-05-11,g034,b0164,echec,2
2026-05-11,g038,b0155,echec,11
2026-05-11,g038,b0194,echec,14
2026-05-11,g038,b0169,reussite,1
2026-05-11,g038,b0125,echec,13
2026-05-11,g038,b0134,echec,15
2026-05-11,g038,b0195,echec,15
2026-05-11,g038,b0190,reussite,2
2026-05-11,g038,b0197,echec,8
2026-05-11,g041,b0157,echec,14
2026-05-11,g041,b0162,echec,8
2026-05-11,g041,b0165,echec,12
2026-05-11,g041,b0144,echec,15
2026-05-11,g041,b0121,reussite,1
2026-05-11,g041,b0122,reussite,1
2026-05-11,g041,b0193,reussite,1
2026-05-11,g041,b0104,echec,13
2026-05-11,g041,b0151,reussite,1
2026-05-11,g043,b0142,reussite,1
2026-05-11,g043,b0161,reussite,1
2026-05-11,g043,b0181,reussite,2
2026-05-11,g043,b0105,echec,11
2026-05-11,g043,b0162,reussite,12
2026-05-11,g043,b0175,echec,11
2026-05-11,g043,b0125,echec,11
2026-05-11,g043,b0113,echec,10
2026-05-11,g043,b0173,reussite,1
2026-05-11,g046,b0145,echec,16
2026-05-11,g046,b0144,echec,13
2026-05-11,g046,b0114,echec,13
2026-05-11,g049,b0161,reussite,1
2026-05-11,g049,b0133,echec,13
2026-05-11,g049,b0134,echec,17
2026-05-11,g049,b0144,echec,12
2026-05-11,g049,b0167,echec,15
2026-05-11,g049,b0111,reussite,1
2026-05-11,g050,b0134,echec,13
2026-05-11,g050,b0116,echec,18
2026-05-11,g050,b0133,echec,15
2026-05-11,g050,b0107,echec,13
2026-05-11,g050,b0131,reussite,1
2026-05-11,g050,b0111,reussite,1
2026-05-11,g050,b0106,echec,15
2026-05-11,g050,b0195,echec,9
2026-05-11,g050,b0112,reussite,1
2026-05-11,g050,b0167,echec,14
2026-05-11,g052,b0155,echec,9
2026-05-11,g052,b0175,echec,5
2026-05-11,g052,b0185,echec,8
2026-05-11,g052,b0144,echec,16
2026-05-11,g052,b0124,reussite,4
2026-05-11,g052,b0114,echec,12
2026-05-11,g052,b0172,reussite,1
2026-05-11,g052,b0181,reussite,1
2026-05-11,g052,b0145,echec,13
2026-05-11,g052,b0106,echec,16
2026-05-12,g004,b0124,reussite,1
2026-05-12,g004,b0164,reussite,1
2026-05-12,g004,b0184,reussite,1
2026-05-12,g004,b0123,reussite,1
2026-05-12,g004,b0153,reussite,2
2026-05-12,g004,b0116,echec,14
2026-05-12,g004,b0136,reussite,5
2026-05-12,g004,b0126,echec,15
2026-05-12,g004,b0172,reussite,1
2026-05-12,g004,b0174,echec,6
2026-05-12,g004,b0121,reussite,1
2026-05-12,g004,b0103,reussite,1
2026-05-12,g004,b0183,reussite,1
2026-05-12,g004,b0186,echec,7
2026-05-12,g004,b0165,echec,10
2026-05-12,g004,b0129,echec,7
2026-05-12,g004,b0135,echec,7
2026-05-12,g004,b0156,echec,6
2026-05-12,g004,b0147,echec,12
2026-05-12,g004,b0154,echec,15
2026-05-12,g004,b0106,echec,10
2026-05-12,g004,b0157,echec,12
2026-05-12,g007,b0162,reussite,1
2026-05-12,g007,b0164,reussite,1
2026-05-12,g007,b0116,echec,6
2026-05-12,g007,b0126,echec,16
2026-05-12,g007,b0105,echec,5
2026-05-12,g007,b0104,echec,15
2026-05-12,g007,b0156,echec,7
2026-05-12,g007,b0136,reussite,15
2026-05-12,g007,b0115,echec,2
2026-05-12,g014,b0105,reussite,1
2026-05-12,g014,b0172,reussite,1
2026-05-12,g014,b0126,echec,11
2026-05-12,g014,b0104,reussite,15
2026-05-12,g014,b0145,reussite,11
2026-05-12,g014,b0147,echec,15
2026-05-12,g014,b0134,echec,14
2026-05-12,g014,b0195,echec,9
2026-05-12,g022,b0144,echec,11
2026-05-12,g022,b0168,echec,6
2026-05-12,g022,b0167,echec,16
2026-05-12,g022,b0106,echec,18
2026-05-12,g022,b0197,echec,12
2026-05-12,g022,b0183,reussite,1
2026-05-12,g022,b0133,echec,7
2026-05-12,g022,b0108,echec,15
2026-05-12,g022,b0172,reussite,1
2026-05-12,g022,b0195,echec,12
2026-05-12,g022,b0142,reussite,1
2026-05-12,g022,b0134,echec,7
2026-05-12,g022,b0195,echec,14
2026-05-12,g022,b0116,echec,8
2026-05-12,g022,b0186,echec,6
2026-05-12,g022,b0103,reussite,1
2026-05-12,g022,b0143,reussite,1
2026-05-12,g024,b0173,reussite,1
2026-05-12,g024,b0162,echec,9
2026-05-12,g024,b0185,echec,12
2026-05-12,g024,b0121,reussite,1
2026-05-12,g024,b0124,echec,10
2026-05-12,g024,b0175,echec,12
2026-05-12,g024,b0105,echec,9
2026-05-12,g024,b0151,reussite,1
2026-05-12,g024,b0183,reussite,1
2026-05-12,g024,b0135,echec,9
2026-05-12,g024,b0193,reussite,1
2026-05-12,g024,b0200,reussite,1
2026-05-12,g024,b0166,echec,12
2026-05-12,g024,b0152,reussite,1
2026-05-12,g024,b0113,echec,16
2026-05-12,g024,b0112,reussite,2
2026-05-12,g024,b0102,reussite,1
2026-05-12,g024,b0185,echec,17
2026-05-12,g024,b0162,echec,12
2026-05-12,g028,b0135,echec,11
2026-05-12,g028,b0145,reussite,16
2026-05-12,g028,b0104,echec,17
2026-05-12,g028,b0165,echec,12
2026-05-12,g028,b0114,echec,8
2026-05-12,g028,b0133,echec,8
2026-05-12,g028,b0128,echec,7
2026-05-12,g028,b0144,echec,15
2026-05-12,g028,b0157,echec,9
2026-05-12,g028,b0116,echec,9
2026-05-12,g031,b0140,echec,17
2026-05-12,g037,b0124,reussite,1
2026-05-12,g037,b0175,reussite,1
2026-05-12,g037,b0145,reussite,2
2026-05-12,g037,b0135,echec,9
2026-05-12,g037,b0133,echec,6
2026-05-12,g037,b0156,echec,18
2026-05-12,g037,b0110,echec,9
2026-05-12,g037,b0106,echec,6
2026-05-12,g037,b0104,reussite,4
2026-05-12,g037,b0165,echec,2
2026-05-12,g040,b0106,echec,9
2026-05-12,g040,b0133,echec,14
2026-05-12,g040,b0151,reussite,1
2026-05-12,g040,b0104,echec,15
2026-05-12,g040,b0126,echec,16
2026-05-12,g040,b0192,reussite,1
2026-05-12,g040,b0154,echec,8
2026-05-12,g042,b0153,reussite,1
2026-05-12,g042,b0136,reussite,1
2026-05-12,g042,b0127,echec,8
2026-05-12,g042,b0103,reussite,1
2026-05-12,g042,b0148,echec,11
2026-05-12,g042,b0121,reussite,1
2026-05-12,g042,b0156,echec,12
2026-05-12,g042,b0118,echec,9
2026-05-12,g042,b0138,echec,7
2026-05-12,g042,b0137,echec,18
2026-05-12,g042,b0144,reussite,1
2026-05-12,g042,b0185,reussite,1
2026-05-12,g042,b0156,echec,6
2026-05-12,g042,b0198,echec,6
2026-05-12,g042,b0152,reussite,1
2026-05-12,g042,b0161,reussite,1
2026-05-12,g042,b0178,echec,10
2026-05-12,g042,b0118,echec,10
2026-05-12,g042,b0187,echec,16
2026-05-12,g042,b0173,reussite,1
2026-05-12,g042,b0105,reussite,1
2026-05-12,g042,b0105,reussite,1
2026-05-12,g042,b0118,echec,11
2026-05-12,g042,b0148,echec,10
2026-05-12,g042,b0198,echec,14
2026-05-12,g042,b0138,echec,12
2026-05-12,g042,b0187,echec,13
2026-05-12,g042,b0193,reussite,1
2026-05-12,g043,b0197,reussite,1
2026-05-12,g043,b0171,reussite,1
2026-05-12,g043,b0114,echec,6
2026-05-12,g043,b0167,echec,8
2026-05-12,g043,b0145,echec,13
2026-05-12,g043,b0134,echec,9
2026-05-12,g043,b0152,reussite,1
2026-05-12,g043,b0112,reussite,1
2026-05-12,g043,b0104,echec,9
2026-05-12,g043,b0106,echec,14
2026-05-12,g043,b0196,echec,12
2026-05-13,g003,b0106,echec,8
2026-05-13,g003,b0193,reussite,2
2026-05-13,g003,b0129,echec,12
2026-05-13,g003,b0126,echec,13
2026-05-13,g004,b0194,reussite,1
2026-05-13,g008,b0103,reussite,1
2026-05-13,g008,b0110,echec,18
2026-05-13,g008,b0104,reussite,5
2026-05-13,g008,b0138,echec,17
2026-05-13,g008,b0128,echec,13
2026-05-13,g008,b0117,echec,9
2026-05-13,g008,b0118,echec,11
2026-05-13,g008,b0108,echec,8
2026-05-13,g008,b0137,echec,7
2026-05-13,g008,b0142,reussite,1
2026-05-13,g015,b0185,reussite,1
2026-05-13,g015,b0126,echec,16
2026-05-13,g015,b0177,echec,9
2026-05-13,g015,b0125,echec,5
2026-05-13,g015,b0168,echec,7
2026-05-13,g015,b0104,reussite,5
2026-05-13,g015,b0196,echec,14
2026-05-13,g025,b0124,reussite,1
2026-05-13,g025,b0116,echec,10
2026-05-13,g025,b0194,reussite,2
2026-05-13,g025,b0176,echec,11
2026-05-13,g025,b0144,reussite,5
2026-05-13,g026,b0133,reussite,1
2026-05-13,g026,b0197,echec,6
2026-05-13,g026,b0154,echec,13
2026-05-13,g026,b0185,reussite,1
2026-05-13,g026,b0186,echec,6
2026-05-13,g026,b0153,reussite,1
2026-05-13,g026,b0177,echec,7
2026-05-13,g028,b0173,reussite,1
2026-05-13,g028,b0143,reussite,1
2026-05-13,g028,b0134,echec,11
2026-05-13,g028,b0126,echec,9
2026-05-13,g028,b0154,echec,17
2026-05-13,g028,b0130,reussite,1
2026-05-13,g028,b0171,reussite,1
2026-05-13,g028,b0106,echec,17
2026-05-13,g028,b0160,reussite,1
2026-05-13,g028,b0108,echec,7
2026-05-13,g028,b0104,echec,11
2026-05-13,g030,b0142,reussite,1
2026-05-13,g030,b0126,echec,11
2026-05-13,g030,b0108,echec,9
2026-05-13,g030,b0134,echec,9
2026-05-13,g030,b0133,echec,13
2026-05-13,g030,b0177,echec,18
2026-05-13,g030,b0154,echec,11
2026-05-13,g030,b0156,echec,8
2026-05-13,g035,b0183,reussite,1
2026-05-13,g035,b0156,echec,9
2026-05-13,g035,b0165,echec,13
2026-05-13,g035,b0106,echec,11
2026-05-13,g035,b0178,echec,12
2026-05-13,g035,b0198,echec,8
2026-05-13,g035,b0127,echec,7
2026-05-13,g035,b0137,echec,17
2026-05-13,g035,b0199,echec,11
2026-05-13,g035,b0110,echec,18
2026-05-13,g037,b0124,reussite,1
2026-05-13,g037,b0166,reussite,1
2026-05-13,g037,b0168,echec,6
2026-05-13,g037,b0197,echec,2
2026-05-13,g037,b0134,reussite,3
2026-05-13,g037,b0114,reussite,2
2026-05-13,g037,b0196,echec,10
2026-05-13,g037,b0157,echec,5
2026-05-13,g037,b0177,echec,7
2026-05-13,g037,b0147,reussite,10
2026-05-13,g037,b0116,echec,6
2026-05-13,g037,b0108,echec,9
2026-05-13,g038,b0152,reussite,2
2026-05-13,g038,b0111,reussite,1
2026-05-13,g038,b0121,reussite,2
2026-05-13,g038,b0123,echec,5
2026-05-13,g038,b0164,echec,16
2026-05-13,g038,b0115,echec,10
2026-05-13,g038,b0142,reussite,12
2026-05-13,g038,b0172,echec,6
2026-05-13,g038,b0136,echec,8
2026-05-13,g041,b0143,reussite,1
2026-05-13,g041,b0173,reussite,1
2026-05-13,g041,b0136,echec,14
2026-05-13,g041,b0142,reussite,3
2026-05-13,g041,b0168,echec,12
2026-05-13,g041,b0153,echec,16
2026-05-13,g043,b0114,echec,9
2026-05-13,g043,b0174,echec,5
2026-05-13,g043,b0157,echec,11
2026-05-13,g043,b0104,echec,14
2026-05-13,g043,b0105,reussite,12
2026-05-13,g043,b0133,echec,13
2026-05-13,g043,b0155,echec,11
2026-05-13,g043,b0185,reussite,5
2026-05-13,g043,b0116,echec,17
2026-05-13,g046,b0123,reussite,1
2026-05-13,g046,b0122,reussite,1
2026-05-13,g046,b0194,echec,9
2026-05-13,g046,b0174,echec,12
2026-05-13,g046,b0105,echec,9
2026-05-13,g046,b0175,echec,17
2026-05-13,g046,b0185,echec,7
2026-05-13,g046,b0124,echec,16
2026-05-13,g046,b0155,echec,12
2026-05-13,g046,b0162,reussite,10
2026-05-13,g046,b0168,echec,17
2026-05-13,g048,b0164,reussite,1
2026-05-13,g048,b0121,reussite,1
2026-05-13,g048,b0124,echec,16
2026-05-13,g048,b0175,echec,11
2026-05-13,g048,b0174,echec,11
2026-05-13,g048,b0194,echec,12
2026-05-13,g048,b0128,echec,8
2026-05-13,g048,b0145,echec,9
2026-05-13,g049,b0103,reussite,1
2026-05-13,g049,b0142,reussite,1
2026-05-13,g049,b0173,echec,1
2026-05-13,g049,b0193,reussite,1
2026-05-13,g049,b0151,reussite,1
2026-05-13,g049,b0164,echec,8
2026-05-13,g049,b0174,reussite,11
2026-05-13,g049,b0197,echec,17
2026-05-13,g049,b0175,echec,16
2026-05-13,g049,b0132,reussite,1
2026-05-13,g049,b0200,reussite,2
2026-05-13,g055,b0115,reussite,1
2026-05-13,g055,b0184,reussite,1
2026-05-13,g055,b0116,echec,17
2026-05-13,g055,b0133,echec,8
2026-05-13,g055,b0105,echec,5
2026-05-14,g004,b0107,echec,13
2026-05-14,g004,b0146,echec,10
2026-05-14,g004,b0110,echec,13
2026-05-14,g004,b0118,echec,7
2026-05-14,g004,b0151,reussite,1
2026-05-14,g004,b0127,echec,9
2026-05-14,g004,b0196,echec,11
2026-05-14,g004,b0148,echec,12
2026-05-14,g014,b0155,reussite,1
2026-05-14,g014,b0113,echec,5
2026-05-14,g014,b0157,echec,16
2026-05-14,g014,b0124,reussite,4
2026-05-14,g014,b0105,echec,5
2026-05-14,g014,b0115,echec,1
2026-05-14,g014,b0133,echec,13
2026-05-14,g014,b0116,echec,14
2026-05-14,g014,b0168,echec,13
2026-05-14,g014,b0104,echec,13
2026-05-14,g015,b0113,reussite,1
2026-05-14,g015,b0116,echec,9
2026-05-14,g015,b0104,echec,8
2026-05-14,g015,b0135,echec,6
2026-05-14,g015,b0167,echec,8
2026-05-14,g015,b0196,echec,12
2026-05-14,g015,b0108,echec,7
2026-05-14,g015,b0168,echec,11
2026-05-14,g016,b0184,reussite,1
2026-05-14,g016,b0122,reussite,1
2026-05-14,g016,b0126,echec,14
2026-05-14,g016,b0196,echec,17
2026-05-14,g016,b0174,reussite,8
2026-05-14,g016,b0103,reussite,1
2026-05-14,g016,b0175,echec,10
2026-05-14,g016,b0197,echec,14
2026-05-14,g016,b0161,reussite,1
2026-05-14,g020,b0125,echec,5
2026-05-14,g020,b0162,reussite,2
2026-05-14,g020,b0198,echec,9
2026-05-14,g020,b0129,echec,15
2026-05-14,g020,b0145,reussite,4
2026-05-14,g020,b0165,echec,10
2026-05-14,g020,b0164,reussite,1
2026-05-14,g020,b0142,reussite,1
2026-05-14,g020,b0114,reussite,8
2026-05-14,g020,b0168,echec,9
2026-05-14,g028,b0116,echec,10
2026-05-14,g028,b0176,echec,7
2026-05-14,g028,b0104,reussite,9
2026-05-14,g028,b0107,echec,12
2026-05-14,g028,b0112,reussite,1
2026-05-14,g028,b0144,echec,11
2026-05-14,g031,b0184,reussite,1
2026-05-14,g031,b0121,reussite,1
2026-05-14,g031,b0136,echec,17
2026-05-14,g031,b0105,reussite,9
2026-05-14,g031,b0114,echec,13
2026-05-14,g031,b0128,echec,15
2026-05-14,g031,b0134,echec,11
2026-05-14,g031,b0123,reussite,2
2026-05-14,g031,b0144,echec,12
2026-05-14,g031,b0157,echec,7
2026-05-14,g031,b0142,reussite,3
2026-05-14,g031,b0122,reussite,1
2026-05-14,g042,b0165,echec,4
2026-05-14,g042,b0116,echec,14
2026-05-14,g042,b0133,reussite,11
2026-05-14,g042,b0104,echec,9
2026-05-14,g042,b0185,reussite,2
2026-05-14,g042,b0195,echec,8
2026-05-14,g042,b0167,echec,17
2026-05-14,g043,b0107,echec,18
2026-05-14,g043,b0165,echec,17
2026-05-14,g043,b0133,echec,16
2026-05-14,g043,b0163,reussite,1
2026-05-14,g043,b0144,echec,11
2026-05-14,g043,b0126,echec,16
2026-05-14,g043,b0102,reussite,1
2026-05-14,g051,b0114,echec,4
2026-05-14,g051,b0195,echec,7
2026-05-14,g051,b0110,echec,18
2026-05-14,g051,b0145,echec,7
2026-05-14,g051,b0165,echec,14
2026-05-14,g051,b0149,echec,15
2026-05-14,g055,b0134,echec,14
2026-05-14,g055,b0123,echec,2
2026-05-14,g055,b0114,echec,15
2026-05-14,g055,b0126,echec,10
2026-05-14,g055,b0159,reussite,1
2026-05-14,g055,b0149,echec,16
2026-05-14,g055,b0102,reussite,1
2026-05-14,g055,b0130,reussite,1
2026-05-14,g055,b0119,reussite,1
2026-05-14,g055,b0140,echec,13
2026-05-14,g055,b0190,reussite,1
2026-05-14,g055,b0109,echec,11
2026-05-14,g055,b0131,reussite,1
2026-05-14,g055,b0189,reussite,1
2026-05-15,g001,b0171,reussite,1
2026-05-15,g001,b0161,reussite,1
2026-05-15,g001,b0102,reussite,1
2026-05-15,g001,b0107,echec,16
2026-05-15,g001,b0146,echec,8
2026-05-15,g001,b0170,reussite,1
2026-05-15,g001,b0135,echec,12
2026-05-15,g001,b0130,reussite,1
2026-05-15,g001,b0169,reussite,1
2026-05-15,g001,b0190,reussite,1
2026-05-15,g001,b0159,reussite,1
2026-05-15,g001,b0129,echec,8
2026-05-15,g004,b0133,echec,8
2026-05-15,g004,b0194,reussite,3
2026-05-15,g004,b0166,reussite,1
2026-05-15,g004,b0128,echec,8
2026-05-15,g004,b0168,echec,12
2026-05-15,g004,b0145,echec,15
2026-05-15,g005,b0168,reussite,1
2026-05-15,g005,b0117,echec,6
2026-05-15,g005,b0153,reussite,1
2026-05-15,g005,b0129,echec,9
2026-05-15,g005,b0118,echec,10
2026-05-15,g005,b0138,echec,7
2026-05-15,g005,b0186,echec,17
2026-05-15,g005,b0162,reussite,1
2026-05-15,g005,b0146,echec,7
2026-05-15,g005,b0113,reussite,1
2026-05-15,g008,b0153,reussite,1
2026-05-15,g008,b0147,echec,8
2026-05-15,g008,b0164,echec,1
2026-05-15,g008,b0144,echec,11
2026-05-15,g008,b0134,reussite,11
2026-05-15,g008,b0114,echec,11
2026-05-15,g008,b0157,echec,12
2026-05-15,g008,b0168,echec,11
2026-05-15,g008,b0194,echec,4
2026-05-15,g008,b0146,echec,17
2026-05-15,g009,b0154,echec,8
2026-05-15,g009,b0176,echec,14
2026-05-15,g009,b0195,echec,12
2026-05-15,g009,b0153,reussite,2
2026-05-15,g012,b0185,reussite,1
2026-05-15,g012,b0183,reussite,1
2026-05-15,g012,b0104,echec,11
2026-05-15,g012,b0114,echec,10
2026-05-15,g012,b0144,reussite,13
2026-05-15,g012,b0142,reussite,1
2026-05-15,g012,b0122,reussite,1
2026-05-15,g012,b0196,echec,18
2026-05-15,g012,b0168,reussite,13
2026-05-15,g012,b0173,reussite,1
2026-05-15,g014,b0136,reussite,1
2026-05-15,g014,b0115,reussite,1
2026-05-15,g014,b0165,echec,14
2026-05-15,g014,b0154,echec,12
2026-05-15,g014,b0128,echec,9
2026-05-15,g014,b0125,reussite,11
2026-05-15,g014,b0117,echec,12
2026-05-15,g014,b0107,echec,10
2026-05-15,g014,b0133,echec,15
2026-05-15,g014,b0114,echec,15
2026-05-15,g014,b0157,echec,16
2026-05-15,g014,b0129,echec,9
2026-05-15,g014,b0114,echec,11
2026-05-15,g014,b0165,reussite,9
2026-05-15,g014,b0168,echec,7
2026-05-15,g014,b0133,echec,9
2026-05-15,g014,b0146,echec,10
2026-05-15,g014,b0121,reussite,1
2026-05-15,g021,b0161,reussite,1
2026-05-15,g021,b0153,reussite,1
2026-05-15,g021,b0113,echec,8
2026-05-15,g021,b0123,echec,4
2026-05-15,g021,b0115,echec,10
2026-05-15,g027,b0103,reussite,8
2026-05-15,g027,b0153,echec,13
2026-05-15,g027,b0164,echec,11
2026-05-15,g027,b0200,reussite,3
2026-05-15,g027,b0170,reussite,1
2026-05-15,g027,b0166,echec,15
2026-05-15,g027,b0184,reussite,14
2026-05-15,g028,b0164,reussite,1
2026-05-15,g028,b0153,reussite,1
2026-05-15,g028,b0184,echec,4
2026-05-15,g028,b0155,echec,9
2026-05-15,g028,b0136,echec,17
2026-05-15,g028,b0113,echec,6
2026-05-15,g028,b0194,echec,11
2026-05-15,g028,b0166,echec,10
2026-05-15,g034,b0155,reussite,1
2026-05-15,g034,b0176,echec,7
2026-05-15,g034,b0125,reussite,9
2026-05-15,g034,b0104,reussite,17
2026-05-15,g034,b0114,echec,6
2026-05-15,g034,b0133,echec,10
2026-05-15,g034,b0115,reussite,1
2026-05-15,g034,b0123,reussite,1
2026-05-15,g034,b0113,reussite,4
2026-05-15,g038,b0142,echec,14
2026-05-15,g038,b0139,reussite,1
2026-05-15,g038,b0123,echec,15
2026-05-15,g038,b0136,echec,9
2026-05-15,g038,b0121,echec,6
2026-05-15,g038,b0115,echec,6
2026-05-15,g038,b0192,reussite,1
2026-05-15,g038,b0164,echec,17
2026-05-15,g050,b0159,reussite,1
2026-05-15,g050,b0113,reussite,11
2026-05-15,g050,b0134,echec,11
2026-05-15,g050,b0132,reussite,1
2026-05-15,g050,b0114,echec,12
2026-05-15,g050,b0144,echec,14
2026-05-15,g050,b0168,echec,9
2026-05-15,g050,b0133,echec,18
2026-05-15,g050,b0104,echec,12
2026-05-15,g052,b0115,reussite,1
2026-05-15,g052,b0155,reussite,5
2026-05-15,g052,b0107,echec,18
2026-05-15,g052,b0134,echec,10
2026-05-15,g052,b0103,reussite,1
2026-05-15,g052,b0133,echec,17
2026-05-15,g052,b0106,echec,13
2026-05-15,g052,b0127,echec,15
2026-05-15,g052,b0185,reussite,9
2026-05-15,g053,b0105,echec,12
2026-05-15,g053,b0113,reussite,13
2026-05-15,g053,b0145,echec,9
2026-05-15,g053,b0115,echec,6
2026-05-15,g053,b0166,reussite,10
2026-05-15,g053,b0153,echec,14
2026-05-16,g001,b0132,reussite,1
2026-05-16,g001,b0157,echec,16
2026-05-16,g001,b0194,echec,14
2026-05-16,g001,b0124,reussite,12
2026-05-16,g001,b0145,echec,15
2026-05-16,g001,b0136,echec,12
2026-05-16,g001,b0144,echec,13
2026-05-16,g001,b0105,echec,7
2026-05-16,g001,b0104,echec,11
2026-05-16,g007,b0143,reussite,1
2026-05-16,g007,b0174,reussite,1
2026-05-16,g007,b0113,echec,10
2026-05-16,g007,b0133,echec,11
2026-05-16,g007,b0155,echec,10
2026-05-16,g007,b0145,echec,17
2026-05-16,g007,b0124,echec,8
2026-05-16,g007,b0144,echec,6
2026-05-16,g009,b0166,reussite,1
2026-05-16,g009,b0153,reussite,1
2026-05-16,g009,b0106,echec,7
2026-05-16,g009,b0174,echec,4
2026-05-16,g009,b0168,echec,17
2026-05-16,g009,b0124,reussite,2
2026-05-16,g009,b0104,reussite,11
2026-05-16,g009,b0144,reussite,5
2026-05-16,g009,b0184,reussite,1
2026-05-16,g009,b0129,echec,10
2026-05-16,g009,b0134,echec,8
2026-05-16,g009,b0133,echec,10
2026-05-16,g009,b0185,reussite,1
2026-05-16,g009,b0127,echec,18
2026-05-16,g009,b0146,echec,12
2026-05-16,g009,b0135,echec,17
2026-05-16,g009,b0187,echec,7
2026-05-16,g009,b0137,echec,9
2026-05-16,g009,b0122,reussite,1
2026-05-16,g009,b0151,reussite,1
2026-05-16,g009,b0118,echec,15
2026-05-16,g009,b0200,reussite,1
2026-05-16,g010,b0172,reussite,1
2026-05-16,g010,b0162,reussite,1
2026-05-16,g010,b0197,reussite,4
2026-05-16,g010,b0144,echec,12
2026-05-16,g010,b0157,echec,12
2026-05-16,g010,b0156,echec,10
2026-05-16,g010,b0147,echec,13
2026-05-16,g010,b0196,echec,13
2026-05-16,g013,b0187,echec,8
2026-05-16,g013,b0162,reussite,1
2026-05-16,g013,b0109,echec,7
2026-05-16,g013,b0120,echec,6
2026-05-16,g020,b0153,reussite,1
2026-05-16,g020,b0113,reussite,1
2026-05-16,g020,b0157,echec,9
2026-05-16,g020,b0186,echec,12
2026-05-16,g020,b0128,echec,16
2026-05-16,g020,b0127,echec,15
2026-05-16,g020,b0144,reussite,12
2026-05-16,g020,b0185,reussite,2
2026-05-16,g020,b0108,echec,9
2026-05-16,g032,b0172,reussite,1
2026-05-16,g032,b0121,echec,1
2026-05-16,g032,b0195,echec,7
2026-05-16,g032,b0183,reussite,1
2026-05-16,g032,b0153,reussite,6
2026-05-16,g032,b0124,echec,8
2026-05-16,g033,b0177,reussite,1
2026-05-16,g033,b0117,reussite,1
2026-05-16,g033,b0128,echec,9
2026-05-16,g033,b0107,reussite,12
2026-05-16,g033,b0145,reussite,2
2026-05-16,g033,b0136,reussite,2
2026-05-16,g033,b0129,echec,7
2026-05-16,g033,b0187,echec,7
2026-05-16,g040,b0165,reussite,1
2026-05-16,g040,b0165,reussite,1
2026-05-16,g040,b0145,reussite,8
2026-05-16,g040,b0113,reussite,7
2026-05-16,g040,b0167,echec,10
2026-05-16,g040,b0103,reussite,1
2026-05-16,g040,b0155,echec,6
2026-05-16,g040,b0185,echec,4
2026-05-16,g047,b0166,reussite,8
2026-05-16,g047,b0164,reussite,2
2026-05-16,g047,b0125,echec,14
2026-05-16,g047,b0114,echec,14
2026-05-16,g047,b0134,echec,10
2026-05-16,g047,b0153,echec,4
2026-05-16,g047,b0197,echec,9
2026-05-16,g047,b0105,echec,4
2026-05-16,g047,b0136,echec,16
2026-05-16,g047,b0123,reussite,1
2026-05-16,g047,b0123,reussite,1
2026-05-16,g047,b0114,echec,15
2026-05-16,g047,b0108,echec,16
2026-05-16,g047,b0155,echec,10
2026-05-16,g047,b0134,echec,16
2026-05-16,g047,b0174,echec,9
2026-05-16,g047,b0165,echec,8
2026-05-17,g003,b0172,reussite,1
2026-05-17,g003,b0181,reussite,1
2026-05-17,g003,b0145,echec,7
2026-05-17,g003,b0121,reussite,2
2026-05-17,g003,b0183,reussite,1
2026-05-17,g003,b0125,echec,17
2026-05-17,g003,b0144,echec,8
2026-05-17,g003,b0103,reussite,1
2026-05-17,g003,b0167,echec,11
2026-05-17,g003,b0193,reussite,1
2026-05-17,g003,b0168,echec,6
2026-05-17,g003,b0195,echec,8
2026-05-17,g003,b0182,reussite,1
2026-05-17,g003,b0129,echec,12
2026-05-17,g003,b0124,reussite,1
2026-05-17,g003,b0153,reussite,1
2026-05-17,g003,b0139,reussite,1
2026-05-17,g003,b0135,echec,13
2026-05-17,g003,b0200,reussite,1
2026-05-17,g003,b0186,echec,17
2026-05-17,g003,b0111,reussite,1
2026-05-17,g003,b0112,reussite,1
2026-05-17,g003,b0171,reussite,1
2026-05-17,g003,b0170,reussite,1
2026-05-17,g003,b0160,reussite,1
2026-05-17,g004,b0136,reussite,1
2026-05-17,g004,b0123,reussite,1
2026-05-17,g004,b0142,reussite,1
2026-05-17,g004,b0173,reussite,1
2026-05-17,g004,b0107,echec,10
2026-05-17,g004,b0103,reussite,1
2026-05-17,g004,b0144,echec,8
2026-05-17,g004,b0121,reussite,1
2026-05-17,g004,b0114,echec,4
2026-05-17,g005,b0135,reussite,1
2026-05-17,g005,b0125,reussite,1
2026-05-17,g005,b0129,echec,15
2026-05-17,g005,b0104,reussite,2
2026-05-17,g005,b0114,reussite,1
2026-05-17,g005,b0174,reussite,1
2026-05-17,g005,b0127,echec,16
2026-05-17,g005,b0117,echec,12
2026-05-17,g005,b0146,echec,6
2026-05-17,g008,b0162,reussite,1
2026-05-17,g008,b0117,echec,6
2026-05-17,g008,b0115,reussite,1
2026-05-17,g008,b0107,echec,12
2026-05-17,g008,b0104,echec,5
2026-05-17,g008,b0108,echec,9
2026-05-17,g008,b0126,echec,13
2026-05-17,g008,b0122,reussite,1
2026-05-17,g008,b0146,echec,11
2026-05-17,g008,b0135,echec,15
2026-05-17,g008,b0154,echec,14
2026-05-17,g012,b0166,reussite,1
2026-05-17,g012,b0155,reussite,1
2026-05-17,g012,b0125,reussite,12
2026-05-17,g012,b0129,echec,18
2026-05-17,g012,b0104,echec,6
2026-05-17,g012,b0185,reussite,3
2026-05-17,g012,b0133,echec,9
2026-05-17,g012,b0144,echec,15
2026-05-17,g012,b0114,echec,14
2026-05-17,g012,b0117,echec,7
2026-05-17,g012,b0143,reussite,1
2026-05-17,g012,b0176,echec,11
2026-05-17,g012,b0151,reussite,1
2026-05-17,g012,b0128,echec,10
2026-05-17,g012,b0104,reussite,8
2026-05-17,g012,b0192,reussite,1
2026-05-17,g012,b0154,echec,17
2026-05-17,g013,b0176,reussite,1
2026-05-17,g013,b0108,reussite,1
2026-05-17,g013,b0135,echec,15
2026-05-17,g013,b0156,echec,11
2026-05-17,g013,b0165,reussite,3
2026-05-17,g013,b0196,echec,9
2026-05-17,g013,b0146,echec,9
2026-05-17,g013,b0110,echec,15
2026-05-17,g013,b0177,echec,9
2026-05-17,g013,b0157,reussite,5
2026-05-17,g020,b0133,reussite,11
2026-05-17,g020,b0134,echec,6
2026-05-17,g020,b0178,echec,7
2026-05-17,g020,b0197,echec,7
2026-05-17,g020,b0168,echec,9
2026-05-17,g020,b0155,reussite,2
2026-05-17,g020,b0104,reussite,10
2026-05-17,g020,b0147,echec,13
2026-05-17,g020,b0186,echec,11
2026-05-17,g024,b0164,echec,14
2026-05-17,g024,b0143,reussite,1
2026-05-17,g024,b0145,echec,14
2026-05-17,g024,b0194,echec,13
2026-05-17,g024,b0183,reussite,4
2026-05-17,g024,b0184,echec,7
2026-05-17,g024,b0103,reussite,3
2026-05-17,g024,b0173,reussite,2
2026-05-17,g025,b0196,reussite,1
2026-05-17,g025,b0144,reussite,1
2026-05-17,g025,b0168,reussite,13
2026-05-17,g025,b0154,echec,16
2026-05-17,g025,b0153,reussite,2
2026-05-17,g025,b0116,reussite,11
2026-05-17,g025,b0155,reussite,1
2026-05-17,g025,b0157,echec,12
2026-05-17,g025,b0176,echec,10
2026-05-17,g025,b0134,reussite,3
2026-05-17,g026,b0105,reussite,1
2026-05-17,g026,b0105,reussite,1
2026-05-17,g026,b0144,reussite,12
2026-05-17,g026,b0136,echec,3
2026-05-17,g026,b0116,echec,10
2026-05-17,g026,b0106,echec,12
2026-05-17,g026,b0135,echec,15
2026-05-17,g026,b0168,echec,17
2026-05-17,g027,b0184,reussite,1
2026-05-17,g027,b0174,echec,7
2026-05-17,g027,b0194,echec,8
2026-05-17,g027,b0132,reussite,1
2026-05-17,g027,b0139,reussite,2
2026-05-17,g027,b0102,reussite,2
2026-05-17,g027,b0145,echec,15
2026-05-17,g027,b0113,echec,7
2026-05-17,g027,b0143,reussite,4
2026-05-17,g027,b0111,reussite,2
2026-05-17,g027,b0169,reussite,2
2026-05-17,g027,b0174,echec,7
2026-05-17,g027,b0141,reussite,1
2026-05-17,g027,b0113,echec,16
2026-05-17,g027,b0175,echec,11
2026-05-17,g027,b0134,echec,8
2026-05-17,g027,b0194,echec,12
2026-05-17,g027,b0197,echec,9
2026-05-17,g027,b0145,echec,7
2026-05-17,g030,b0175,reussite,1
2026-05-17,g030,b0121,reussite,1
2026-05-17,g030,b0104,echec,15
2026-05-17,g030,b0102,reussite,1
2026-05-17,g030,b0130,reussite,1
2026-05-17,g030,b0131,reussite,1
2026-05-17,g030,b0147,echec,16
2026-05-17,g030,b0114,echec,7
2026-05-17,g030,b0180,reussite,1
2026-05-17,g030,b0189,reussite,1
2026-05-17,g030,b0154,echec,10
2026-05-17,g035,b0130,reussite,1
2026-05-17,g035,b0171,reussite,1
2026-05-17,g035,b0148,echec,11
2026-05-17,g035,b0138,echec,9
2026-05-17,g035,b0118,echec,11
2026-05-17,g035,b0149,echec,11
2026-05-17,g035,b0168,echec,13
2026-05-17,g035,b0108,echec,15
2026-05-17,g035,b0116,echec,15
2026-05-17,g035,b0133,echec,6
2026-05-17,g035,b0187,echec,7
2026-05-17,g036,b0116,reussite,1
2026-05-17,g036,b0195,reussite,1
2026-05-17,g036,b0126,reussite,2
2026-05-17,g036,b0147,echec,9
2026-05-17,g036,b0165,reussite,1
2026-05-17,g036,b0106,echec,3
2026-05-17,g036,b0178,echec,18
2026-05-17,g036,b0129,echec,16
2026-05-17,g036,b0146,echec,12
2026-05-17,g036,b0138,echec,7
2026-05-17,g036,b0179,echec,10
2026-05-17,g040,b0121,reussite,1
2026-05-17,g040,b0134,echec,14
2026-05-17,g040,b0116,echec,17
2026-05-17,g040,b0124,echec,4
2026-05-17,g040,b0125,echec,14
2026-05-17,g040,b0168,echec,16
2026-05-17,g040,b0104,echec,17
2026-05-17,g040,b0167,echec,8
2026-05-17,g040,b0161,reussite,1
2026-05-17,g040,b0144,echec,12
2026-05-17,g042,b0168,reussite,14
2026-05-17,g042,b0128,echec,6
2026-05-17,g042,b0153,reussite,2
2026-05-17,g042,b0105,reussite,1
2026-05-17,g042,b0176,echec,7
2026-05-17,g042,b0154,echec,13
2026-05-17,g042,b0124,reussite,3
2026-05-17,g042,b0184,reussite,1
2026-05-17,g042,b0124,reussite,1
2026-05-17,g042,b0135,echec,17
2026-05-17,g042,b0129,echec,16
2026-05-17,g042,b0117,echec,16
2026-05-17,g042,b0181,reussite,1
2026-05-17,g042,b0122,reussite,1
2026-05-17,g042,b0143,reussite,1
2026-05-17,g042,b0146,echec,9
2026-05-17,g046,b0196,echec,17
2026-05-17,g046,b0167,echec,10
2026-05-17,g046,b0147,echec,17
2026-05-17,g046,b0146,echec,14
2026-05-17,g046,b0126,echec,12
2026-05-17,g046,b0154,echec,14
2026-05-17,g046,b0195,echec,11
2026-05-17,g046,b0191,reussite,1
2026-05-17,g046,b0108,echec,14
2026-05-17,g046,b0117,echec,11
2026-05-17,g048,b0123,reussite,2
2026-05-17,g048,b0166,echec,12
2026-05-17,g048,b0115,echec,3
2026-05-17,g048,b0183,reussite,1
2026-05-17,g048,b0173,reussite,1
2026-05-17,g048,b0105,echec,7
2026-05-17,g048,b0153,echec,7
2026-05-17,g048,b0193,reussite,1
2026-05-17,g048,b0185,echec,10
2026-05-17,g049,b0163,reussite,1
2026-05-17,g049,b0139,reussite,1
2026-05-17,g049,b0112,reussite,2
2026-05-17,g049,b0141,reussite,1
2026-05-17,g049,b0106,echec,14
2026-05-17,g049,b0130,reussite,1
2026-05-17,g049,b0147,echec,13
2026-05-17,g055,b0143,reussite,1
2026-05-17,g055,b0193,reussite,1
2026-05-17,g055,b0192,reussite,1
2026-05-17,g055,b0127,echec,8
2026-05-17,g055,b0148,echec,15
2026-05-17,g055,b0152,reussite,1
2026-05-17,g055,b0198,echec,9
2026-05-17,g055,b0138,echec,10
2026-05-17,g055,b0178,echec,10
2026-05-17,g055,b0118,echec,16
2026-05-17,g055,b0187,echec,9
2026-05-18,g001,b0160,reussite,1
2026-05-18,g001,b0190,reussite,1
2026-05-18,g001,b0172,reussite,1
2026-05-18,g001,b0136,echec,6
2026-05-18,g001,b0197,echec,14
2026-05-18,g001,b0113,echec,9
2026-05-18,g001,b0155,echec,8
2026-05-18,g001,b0166,echec,9
2026-05-18,g001,b0142,reussite,1
2026-05-18,g001,b0144,echec,11
2026-05-18,g001,b0153,reussite,3
2026-05-18,g001,b0164,reussite,2
2026-05-18,g005,b0196,reussite,1
2026-05-18,g005,b0144,reussite,1
2026-05-18,g005,b0148,echec,14
2026-05-18,g005,b0185,reussite,1
2026-05-18,g005,b0186,echec,11
2026-05-18,g005,b0137,echec,7
2026-05-18,g005,b0156,echec,14
2026-05-18,g005,b0127,echec,11
2026-05-18,g005,b0110,echec,8
2026-05-18,g005,b0198,echec,15
2026-05-18,g015,b0124,echec,1
2026-05-18,g015,b0157,echec,13
2026-05-18,g015,b0144,echec,8
2026-05-18,g015,b0194,reussite,4
2026-05-18,g015,b0175,reussite,2
2026-05-18,g015,b0113,reussite,1
2026-05-18,g015,b0133,echec,10
2026-05-18,g015,b0185,reussite,1
2026-05-18,g015,b0142,reussite,1
2026-05-18,g015,b0114,reussite,6
2026-05-18,g026,b0144,reussite,1
2026-05-18,g026,b0175,reussite,1
2026-05-18,g026,b0117,echec,12
2026-05-18,g026,b0157,echec,14
2026-05-18,g026,b0129,echec,14
2026-05-18,g026,b0123,reussite,2
2026-05-18,g026,b0146,echec,17
2026-05-18,g026,b0142,reussite,1
2026-05-18,g026,b0108,echec,14
2026-05-18,g026,b0183,reussite,1
2026-05-18,g026,b0103,reussite,1
2026-05-18,g031,b0163,reussite,1
2026-05-18,g031,b0159,reussite,1
2026-05-18,g031,b0156,echec,15
2026-05-18,g031,b0138,echec,17
2026-05-18,g031,b0190,reussite,1
2026-05-18,g031,b0131,reussite,1
2026-05-18,g031,b0191,reussite,1
2026-05-18,g037,b0194,reussite,1
2026-05-18,g037,b0175,reussite,1
2026-05-18,g037,b0162,echec,1
2026-05-18,g037,b0106,echec,9
2026-05-18,g037,b0137,echec,8
2026-05-18,g037,b0115,reussite,1
2026-05-18,g037,b0133,reussite,3
2026-05-18,g037,b0178,echec,8
2026-05-18,g037,b0186,echec,8
2026-05-18,g037,b0129,echec,12
2026-05-18,g038,b0161,echec,5
2026-05-18,g038,b0174,echec,17
2026-05-18,g038,b0184,echec,13
2026-05-18,g038,b0193,echec,2
2026-05-18,g038,b0185,echec,10
2026-05-18,g038,b0153,echec,16
2026-05-18,g038,b0143,reussite,4
2026-05-18,g038,b0164,echec,14
2026-05-18,g038,b0103,reussite,1
2026-05-18,g038,b0193,reussite,1
2026-05-18,g038,b0145,echec,17
2026-05-18,g038,b0184,echec,7
2026-05-18,g038,b0174,echec,8
2026-05-18,g038,b0105,echec,10
2026-05-18,g038,b0112,reussite,2
2026-05-18,g038,b0153,echec,16
2026-05-18,g038,b0155,echec,17
2026-05-18,g038,b0200,reussite,2
2026-05-18,g038,b0113,echec,11
2026-05-18,g038,b0166,echec,7
2026-05-18,g040,b0114,echec,8
2026-05-18,g040,b0133,echec,17
2026-05-18,g040,b0104,echec,15
2026-05-18,g040,b0144,echec,16
2026-05-18,g040,b0176,echec,9
2026-05-18,g040,b0122,reussite,1
2026-05-18,g040,b0124,echec,6
2026-05-18,g047,b0123,reussite,1
2026-05-18,g047,b0166,reussite,1
2026-05-18,g047,b0128,echec,12
2026-05-18,g047,b0113,reussite,4
2026-05-18,g047,b0194,reussite,6
2026-05-18,g047,b0186,echec,10
2026-05-18,g047,b0105,echec,1
2026-05-18,g047,b0157,echec,13
2026-05-18,g047,b0136,reussite,10
2026-05-18,g047,b0185,reussite,3
2026-05-18,g047,b0167,echec,14
2026-05-18,g052,b0174,reussite,1
2026-05-18,g052,b0136,echec,6
2026-05-18,g052,b0197,reussite,10
2026-05-18,g052,b0165,echec,7
2026-05-18,g052,b0153,reussite,9
2026-05-18,g054,b0181,reussite,1
2026-05-18,g054,b0153,reussite,1
2026-05-18,g054,b0104,echec,17
2026-05-18,g054,b0124,echec,10
2026-05-18,g054,b0145,echec,12
2026-05-18,g054,b0162,echec,14
2026-05-18,g054,b0172,reussite,1
2026-05-18,g054,b0142,echec,2
2026-05-18,g054,b0175,echec,8
2026-05-18,g054,b0197,echec,17
2026-05-18,g054,b0144,echec,12
2026-05-19,g007,b0172,reussite,1
2026-05-19,g007,b0142,reussite,1
2026-05-19,g007,b0161,reussite,1
2026-05-19,g007,b0134,echec,14
2026-05-19,g007,b0114,echec,11
2026-05-19,g007,b0125,echec,16
2026-05-19,g007,b0103,reussite,1
2026-05-19,g007,b0121,reussite,1
2026-05-19,g007,b0167,echec,11
2026-05-19,g007,b0168,echec,15
2026-05-19,g009,b0134,reussite,7
2026-05-19,g009,b0108,echec,6
2026-05-19,g009,b0196,echec,11
2026-05-19,g009,b0125,echec,9
2026-05-19,g009,b0114,echec,6
2026-05-19,g009,b0126,echec,8
2026-05-19,g009,b0107,echec,14
2026-05-19,g009,b0145,echec,12
2026-05-19,g010,b0185,reussite,1
2026-05-19,g010,b0116,echec,16
2026-05-19,g010,b0123,reussite,1
2026-05-19,g010,b0196,echec,7
2026-05-19,g010,b0167,echec,16
2026-05-19,g010,b0106,echec,16
2026-05-19,g010,b0168,echec,10
2026-05-19,g010,b0114,reussite,6
2026-05-19,g016,b0124,reussite,1
2026-05-19,g016,b0153,reussite,1
2026-05-19,g016,b0129,echec,14
2026-05-19,g016,b0157,echec,14
2026-05-19,g016,b0106,echec,9
2026-05-19,g016,b0104,echec,16
2026-05-19,g016,b0123,reussite,1
2026-05-19,g016,b0142,reussite,1
2026-05-19,g016,b0194,echec,7
2026-05-19,g016,b0125,echec,9
2026-05-19,g016,b0134,echec,16
2026-05-19,g022,b0144,echec,13
2026-05-19,g022,b0147,echec,15
2026-05-19,g022,b0177,echec,11
2026-05-19,g022,b0122,reussite,1
2026-05-19,g022,b0133,reussite,7
2026-05-19,g022,b0134,echec,10
2026-05-19,g022,b0165,echec,14
2026-05-19,g022,b0162,reussite,1
2026-05-19,g022,b0200,reussite,1
2026-05-19,g022,b0117,echec,17
2026-05-19,g022,b0114,echec,9
2026-05-19,g022,b0144,echec,14
2026-05-19,g022,b0135,echec,7
2026-05-19,g022,b0178,echec,17
2026-05-19,g022,b0156,echec,6
2026-05-19,g027,b0160,reussite,1
2026-05-19,g027,b0114,echec,13
2026-05-19,g027,b0168,echec,8
2026-05-19,g027,b0157,echec,16
2026-05-19,g027,b0133,echec,13
2026-05-19,g027,b0106,echec,13
2026-05-19,g027,b0104,echec,7
2026-05-19,g027,b0165,echec,8
2026-05-19,g027,b0126,echec,15
2026-05-19,g027,b0101,reussite,1
2026-05-19,g027,b0144,echec,17
2026-05-19,g030,b0123,reussite,1
2026-05-19,g030,b0170,reussite,1
2026-05-19,g030,b0134,echec,6
2026-05-19,g030,b0125,echec,7
2026-05-19,g030,b0195,echec,16
2026-05-19,g030,b0168,echec,15
2026-05-19,g030,b0133,echec,10
2026-05-19,g030,b0106,echec,17
2026-05-19,g030,b0165,reussite,12
2026-05-19,g030,b0111,reussite,1
2026-05-19,g030,b0196,echec,13
2026-05-19,g035,b0142,reussite,1
2026-05-19,g035,b0181,reussite,5
2026-05-19,g035,b0122,echec,6
2026-05-19,g035,b0154,echec,7
2026-05-19,g035,b0170,reussite,1
2026-05-19,g035,b0185,echec,8
2026-05-19,g035,b0161,echec,6
2026-05-19,g036,b0104,reussite,1
2026-05-19,g036,b0128,echec,12
2026-05-19,g036,b0136,reussite,1
2026-05-19,g036,b0120,echec,11
2026-05-19,g036,b0144,reussite,2
2026-05-19,g036,b0168,reussite,6
2026-05-19,g036,b0154,echec,5
2026-05-19,g036,b0135,reussite,13
2026-05-19,g041,b0183,reussite,1
2026-05-19,g041,b0161,reussite,1
2026-05-19,g041,b0139,reussite,1
2026-05-19,g041,b0108,echec,12
2026-05-19,g041,b0117,echec,8
2026-05-19,g041,b0141,reussite,1
2026-05-19,g041,b0160,reussite,1
2026-05-19,g041,b0177,echec,8
2026-05-19,g041,b0126,echec,7
2026-05-19,g042,b0164,reussite,1
2026-05-19,g042,b0142,reussite,1
2026-05-19,g042,b0135,echec,10
2026-05-19,g042,b0114,echec,6
2026-05-19,g042,b0134,echec,9
2026-05-19,g042,b0158,echec,15
2026-05-19,g042,b0177,reussite,13
2026-05-19,g042,b0195,echec,17
2026-05-19,g042,b0126,echec,15
2026-05-19,g042,b0147,reussite,11
2026-05-19,g042,b0107,echec,7
2026-05-19,g054,b0136,echec,12
2026-05-19,g054,b0105,echec,13
2026-05-19,g054,b0123,reussite,3
2026-05-19,g054,b0144,echec,9
2026-05-19,g054,b0164,reussite,2
2026-05-19,g054,b0166,reussite,9
2026-05-20,g003,b0142,reussite,1
2026-05-20,g003,b0161,reussite,1
2026-05-20,g003,b0125,echec,16
2026-05-20,g003,b0104,echec,14
2026-05-20,g003,b0133,echec,8
2026-05-20,g003,b0114,echec,17
2026-05-20,g003,b0157,echec,17
2026-05-20,g003,b0144,echec,16
2026-05-20,g004,b0113,reussite,1
2026-05-20,g004,b0105,reussite,4
2026-05-20,g004,b0126,echec,10
2026-05-20,g004,b0116,echec,16
2026-05-20,g008,b0185,reussite,1
2026-05-20,g008,b0164,reussite,1
2026-05-20,g008,b0144,reussite,6
2026-05-20,g008,b0196,echec,14
2026-05-20,g008,b0105,echec,1
2026-05-20,g008,b0168,echec,12
2026-05-20,g008,b0116,echec,13
2026-05-20,g008,b0145,echec,8
2026-05-20,g015,b0142,reussite,1
2026-05-20,g015,b0133,reussite,1
2026-05-20,g015,b0157,reussite,7
2026-05-20,g015,b0106,echec,15
2026-05-20,g015,b0146,echec,18
2026-05-20,g015,b0153,reussite,2
2026-05-20,g015,b0144,reussite,5
2026-05-20,g016,b0185,reussite,1
2026-05-20,g016,b0175,reussite,8
2026-05-20,g016,b0197,echec,15
2026-05-20,g016,b0165,echec,16
2026-05-20,g016,b0125,echec,14
2026-05-20,g016,b0108,echec,11
2026-05-20,g016,b0173,reussite,1
2026-05-20,g016,b0114,echec,17
2026-05-20,g016,b0143,reussite,1
2026-05-20,g017,b0154,echec,13
2026-05-20,g017,b0121,echec,2
2026-05-20,g017,b0103,reussite,1
2026-05-20,g017,b0175,echec,8
2026-05-20,g017,b0174,echec,13
2026-05-20,g017,b0168,echec,14
2026-05-20,g017,b0159,reussite,1
2026-05-20,g017,b0191,reussite,1
2026-05-20,g017,b0180,reussite,1
2026-05-20,g017,b0195,echec,10
2026-05-20,g017,b0177,echec,7
2026-05-20,g017,b0189,reussite,1
2026-05-20,g017,b0129,echec,14
2026-05-20,g023,b0136,reussite,1
2026-05-20,g023,b0164,reussite,1
2026-05-20,g023,b0134,echec,13
2026-05-20,g023,b0184,reussite,1
2026-05-20,g023,b0115,reussite,1
2026-05-20,g023,b0194,echec,15
2026-05-20,g023,b0113,echec,7
2026-05-20,g023,b0166,echec,6
2026-05-20,g023,b0153,echec,6
2026-05-20,g023,b0162,echec,6
2026-05-20,g023,b0174,echec,10
2026-05-20,g031,b0171,reussite,1
2026-05-20,g031,b0120,echec,16
2026-05-20,g031,b0110,echec,16
2026-05-20,g031,b0188,echec,16
2026-05-20,g031,b0137,echec,8
2026-05-20,g031,b0150,echec,7
2026-05-20,g031,b0109,echec,8
2026-05-20,g031,b0149,echec,8
2026-05-20,g031,b0199,echec,11
2026-05-20,g031,b0158,echec,11
2026-05-20,g038,b0192,reussite,1
2026-05-20,g038,b0181,reussite,1
2026-05-20,g038,b0161,reussite,3
2026-05-20,g038,b0170,reussite,1
2026-05-20,g038,b0166,echec,14
2026-05-20,g038,b0132,reussite,2
2026-05-20,g038,b0193,reussite,1
2026-05-20,g038,b0124,echec,10
2026-05-20,g038,b0162,echec,14
2026-05-20,g038,b0182,reussite,1
2026-05-20,g038,b0184,echec,14
2026-05-20,g041,b0183,reussite,1
2026-05-20,g041,b0174,reussite,1
2026-05-20,g041,b0182,reussite,1
2026-05-20,g041,b0200,reussite,1
2026-05-20,g041,b0145,echec,13
2026-05-20,g041,b0197,echec,12
2026-05-20,g041,b0133,echec,13
2026-05-20,g041,b0125,echec,15
2026-05-20,g041,b0152,reussite,1
2026-05-20,g041,b0116,reussite,7
2026-05-20,g041,b0121,reussite,1
2026-05-20,g041,b0102,reussite,1
2026-05-20,g041,b0130,reussite,1
2026-05-20,g041,b0167,echec,9
2026-05-20,g041,b0171,reussite,1
2026-05-20,g041,b0106,echec,12
2026-05-20,g041,b0111,reussite,1
2026-05-20,g043,b0141,reussite,1
2026-05-20,g043,b0111,reussite,1
2026-05-20,g043,b0170,reussite,1
2026-05-20,g043,b0114,echec,12
2026-05-20,g043,b0133,echec,11
2026-05-20,g043,b0104,echec,12
2026-05-20,g043,b0154,echec,10
2026-05-20,g043,b0117,echec,17
2026-05-20,g043,b0165,echec,9
2026-05-20,g046,b0196,echec,9
2026-05-20,g046,b0159,reussite,1
2026-05-20,g046,b0119,reussite,1
2026-05-20,g046,b0167,echec,14
2026-05-20,g046,b0195,echec,14
2026-05-20,g046,b0106,echec,12
2026-05-20,g046,b0180,reussite,1
2026-05-20,g046,b0131,reussite,1
2026-05-20,g053,b0164,reussite,6
2026-05-20,g053,b0153,reussite,8
2026-05-21,g005,b0224,reussite,1
2026-05-21,g005,b0135,reussite,15
2026-05-21,g005,b0247,reussite,7
2026-05-21,g005,b0227,reussite,6
2026-05-21,g005,b0238,echec,9
2026-05-21,g005,b0198,echec,8
2026-05-21,g005,b0165,reussite,1
2026-05-21,g005,b0156,echec,11
2026-05-21,g005,b0125,echec,2
2026-05-21,g005,b0108,reussite,4
2026-05-21,g021,b0153,reussite,1
2026-05-21,g021,b0201,reussite,1
2026-05-21,g021,b0162,echec,13
2026-05-21,g021,b0235,echec,6
2026-05-21,g021,b0123,echec,7
2026-05-21,g021,b0113,echec,8
2026-05-21,g021,b0103,reussite,1
2026-05-21,g025,b0203,reussite,1
2026-05-21,g025,b0203,reussite,1
2026-05-21,g025,b0216,echec,6
2026-05-21,g027,b0122,reussite,1
2026-05-21,g027,b0122,reussite,1
2026-05-21,g027,b0164,echec,9
2026-05-21,g027,b0166,echec,11
2026-05-21,g027,b0192,reussite,2
2026-05-21,g027,b0210,reussite,10
2026-05-21,g027,b0216,echec,15
2026-05-21,g027,b0202,echec,16
2026-05-21,g027,b0142,reussite,7
2026-05-21,g027,b0172,reussite,6
2026-05-21,g027,b0234,echec,17
2026-05-21,g030,b0166,echec,16
2026-05-21,g030,b0235,echec,10
2026-05-21,g030,b0115,reussite,3
2026-05-21,g030,b0214,echec,8
2026-05-21,g030,b0105,echec,7
2026-05-21,g030,b0162,reussite,14
2026-05-21,g030,b0206,echec,8
2026-05-21,g030,b0172,reussite,3
2026-05-21,g030,b0153,echec,7
2026-05-21,g031,b0233,reussite,1
2026-05-21,g031,b0242,reussite,1
2026-05-21,g031,b0214,echec,16
2026-05-21,g031,b0121,reussite,1
2026-05-21,g031,b0115,reussite,3
2026-05-21,g031,b0235,echec,15
2026-05-21,g031,b0155,echec,7
2026-05-21,g031,b0245,echec,12
2026-05-21,g031,b0203,echec,14
2026-05-21,g032,b0164,reussite,1
2026-05-21,g032,b0174,echec,12
2026-05-21,g032,b0155,echec,8
2026-05-21,g032,b0105,reussite,13
2026-05-21,g032,b0197,echec,10
2026-05-21,g032,b0162,echec,10
2026-05-21,g032,b0113,echec,6
2026-05-21,g032,b0194,reussite,8
2026-05-21,g032,b0175,echec,15
2026-05-21,g035,b0164,reussite,1
2026-05-21,g035,b0125,echec,17
2026-05-21,g035,b0174,echec,7
2026-05-21,g035,b0206,echec,8
2026-05-21,g035,b0101,reussite,1
2026-05-21,g035,b0114,echec,11
2026-05-21,g035,b0134,echec,9
2026-05-21,g035,b0204,echec,6
2026-05-21,g035,b0116,echec,10
2026-05-21,g035,b0177,echec,7
2026-05-21,g035,b0126,echec,7
2026-05-21,g035,b0214,echec,8
2026-05-21,g035,b0248,echec,11
2026-05-21,g035,b0108,echec,11
2026-05-21,g035,b0174,echec,14
2026-05-21,g035,b0196,echec,17
2026-05-21,g035,b0176,echec,18
2026-05-21,g035,b0246,echec,14
2026-05-21,g036,b0136,reussite,1
2026-05-21,g036,b0154,reussite,1
2026-05-21,g036,b0116,reussite,3
2026-05-21,g036,b0226,reussite,1
2026-05-21,g036,b0186,echec,8
2026-05-21,g036,b0114,reussite,1
2026-05-21,g036,b0126,echec,7
2026-05-21,g036,b0207,echec,7
2026-05-21,g036,b0208,echec,12
2026-05-21,g036,b0215,reussite,5
2026-05-21,g036,b0188,echec,17
2026-05-21,g036,b0156,echec,17
2026-05-21,g042,b0168,reussite,1
2026-05-21,g042,b0139,reussite,1
2026-05-21,g042,b0211,reussite,1
2026-05-21,g042,b0229,echec,8
2026-05-21,g042,b0200,reussite,1
2026-05-21,g042,b0137,echec,13
2026-05-21,g042,b0249,echec,17
2026-05-21,g042,b0171,reussite,1
2026-05-21,g042,b0151,reussite,1
2026-05-21,g042,b0230,echec,7
2026-05-21,g042,b0179,echec,8
2026-05-21,g043,b0235,reussite,1
2026-05-21,g043,b0234,echec,7
2026-05-21,g043,b0128,echec,14
2026-05-21,g043,b0192,reussite,1
2026-05-21,g043,b0244,echec,10
2026-05-21,g043,b0204,echec,10
2026-05-21,g043,b0214,echec,11
2026-05-21,g043,b0227,echec,9
2026-05-21,g043,b0203,echec,12
2026-05-21,g043,b0126,echec,9
2026-05-21,g043,b0145,echec,9
2026-05-21,g043,b0103,reussite,1
2026-05-21,g043,b0152,reussite,1
2026-05-21,g043,b0224,echec,12
2026-05-21,g043,b0244,echec,9
2026-05-21,g043,b0216,echec,9
2026-05-21,g043,b0177,echec,17
2026-05-21,g043,b0147,echec,9
2026-05-21,g043,b0182,reussite,1
2026-05-21,g046,b0166,echec,7
2026-05-21,g046,b0121,reussite,1
2026-05-21,g046,b0105,echec,16
2026-05-21,g046,b0165,echec,12
2026-05-21,g046,b0103,reussite,2
2026-05-21,g046,b0143,reussite,2
2026-05-21,g046,b0224,echec,10
2026-05-21,g046,b0115,echec,3
2026-05-21,g046,b0175,echec,16
2026-05-21,g046,b0239,reussite,1
2026-05-21,g046,b0227,echec,15
2026-05-21,g046,b0211,reussite,1
2026-05-21,g046,b0130,reussite,1
2026-05-21,g046,b0236,echec,9
2026-05-21,g046,b0195,echec,6
2026-05-21,g046,b0234,reussite,1
2026-05-21,g046,b0205,echec,11
2026-05-21,g046,b0199,echec,13
2026-05-21,g046,b0188,echec,8
2026-05-21,g046,b0149,echec,7
2026-05-21,g046,b0176,echec,13
2026-05-21,g046,b0109,echec,12
2026-05-21,g046,b0135,echec,18
2026-05-21,g046,b0246,echec,12
2026-05-21,g054,b0155,echec,9
2026-05-21,g054,b0185,echec,5
2026-05-21,g054,b0242,reussite,1
2026-05-21,g054,b0114,echec,11
2026-05-21,g054,b0133,echec,14
2026-05-21,g054,b0115,echec,3
2026-05-21,g054,b0227,echec,15
2026-05-22,g004,b0105,reussite,1
2026-05-22,g004,b0145,echec,8
2026-05-22,g004,b0104,reussite,13
2026-05-22,g004,b0195,echec,16
2026-05-22,g004,b0197,echec,5
2026-05-22,g004,b0214,reussite,3
2026-05-22,g004,b0206,echec,14
2026-05-22,g004,b0233,reussite,1
2026-05-22,g004,b0236,reussite,5
2026-05-22,g004,b0186,echec,8
2026-05-22,g004,b0168,echec,8
2026-05-22,g004,b0113,reussite,1
2026-05-22,g004,b0104,reussite,1
2026-05-22,g004,b0154,echec,16
2026-05-22,g004,b0177,echec,16
2026-05-22,g004,b0139,reussite,1
2026-05-22,g004,b0246,echec,11
2026-05-22,g004,b0108,echec,7
2026-05-22,g004,b0188,echec,13
2026-05-22,g004,b0205,echec,6
2026-05-22,g017,b0244,echec,16
2026-05-22,g017,b0155,echec,11
2026-05-22,g017,b0202,echec,8
2026-05-22,g017,b0142,reussite,4
2026-05-22,g017,b0213,reussite,1
2026-05-22,g017,b0164,reussite,7
2026-05-22,g017,b0166,echec,13
2026-05-22,g017,b0153,reussite,14
2026-05-22,g017,b0153,reussite,13
2026-05-22,g017,b0201,reussite,2
2026-05-22,g017,b0204,echec,15
2026-05-22,g017,b0245,echec,17
2026-05-22,g017,b0236,echec,9
2026-05-22,g017,b0183,reussite,1
2026-05-22,g017,b0193,reussite,2
2026-05-22,g023,b0113,echec,8
2026-05-22,g023,b0185,echec,12
2026-05-22,g023,b0202,reussite,7
2026-05-22,g023,b0242,reussite,1
2026-05-22,g023,b0125,echec,15
2026-05-22,g023,b0214,echec,9
2026-05-22,g023,b0144,echec,13
2026-05-22,g023,b0155,echec,13
2026-05-22,g024,b0242,reussite,1
2026-05-22,g024,b0183,reussite,1
2026-05-22,g024,b0122,reussite,3
2026-05-22,g024,b0155,echec,14
2026-05-22,g024,b0121,echec,1
2026-05-22,g024,b0233,reussite,6
2026-05-22,g024,b0197,echec,17
2026-05-22,g024,b0161,reussite,2
2026-05-22,g027,b0102,reussite,1
2026-05-22,g027,b0200,reussite,1
2026-05-22,g027,b0145,echec,17
2026-05-22,g027,b0144,echec,16
2026-05-22,g027,b0114,echec,13
2026-05-22,g027,b0136,echec,11
2026-05-22,g027,b0195,echec,13
2026-05-22,g027,b0204,echec,15
2026-05-22,g027,b0134,echec,15
2026-05-22,g027,b0104,echec,7
2026-05-22,g027,b0125,echec,9
2026-05-22,g027,b0196,echec,16
2026-05-22,g030,b0121,reussite,1
2026-05-22,g030,b0145,echec,11
2026-05-22,g030,b0136,echec,6
2026-05-22,g030,b0197,echec,14
2026-05-22,g030,b0114,echec,13
2026-05-22,g030,b0182,reussite,1
2026-05-22,g030,b0157,echec,16
2026-05-22,g030,b0172,reussite,1
2026-05-22,g030,b0160,reussite,1
2026-05-22,g030,b0248,echec,9
2026-05-22,g030,b0219,reussite,1
2026-05-22,g030,b0225,echec,12
2026-05-22,g030,b0227,echec,7
2026-05-22,g030,b0104,echec,13
2026-05-22,g030,b0208,echec,13
2026-05-22,g030,b0231,reussite,1
2026-05-22,g030,b0101,reussite,1
2026-05-22,g030,b0176,echec,16
2026-05-22,g030,b0168,echec,14
2026-05-22,g035,b0213,reussite,1
2026-05-22,g035,b0152,reussite,1
2026-05-22,g035,b0115,echec,8
2026-05-22,g035,b0151,reussite,1
2026-05-22,g035,b0132,reussite,1
2026-05-22,g035,b0193,reussite,2
2026-05-22,g035,b0105,echec,13
2026-05-22,g035,b0166,echec,9
2026-05-22,g035,b0234,echec,9
2026-05-22,g040,b0147,echec,12
2026-05-22,g040,b0201,reussite,1
2026-05-22,g040,b0143,reussite,1
2026-05-22,g040,b0206,echec,14
2026-05-22,g040,b0243,reussite,1
2026-05-22,g040,b0108,echec,12
2026-05-22,g040,b0214,echec,6
2026-05-22,g040,b0118,echec,10
2026-05-22,g040,b0177,echec,14
2026-05-22,g042,b0234,reussite,1
2026-05-22,g042,b0132,reussite,1
2026-05-22,g042,b0148,echec,7
2026-05-22,g042,b0217,echec,9
2026-05-22,g042,b0137,echec,7
2026-05-22,g042,b0229,echec,14
2026-05-22,g042,b0138,echec,11
2026-05-22,g042,b0237,echec,12
2026-05-22,g042,b0127,echec,8
2026-05-22,g042,b0141,reussite,1
2026-05-22,g048,b0121,reussite,1
2026-05-22,g048,b0236,echec,14
2026-05-22,g048,b0145,echec,7
2026-05-22,g048,b0197,echec,15
2026-05-22,g048,b0203,echec,14
2026-05-22,g048,b0128,echec,14
2026-05-22,g048,b0165,echec,16
2026-05-22,g048,b0210,reussite,2
2026-05-22,g051,b0162,reussite,1
2026-05-22,g051,b0184,reussite,1
2026-05-22,g051,b0230,echec,15
2026-05-22,g051,b0203,echec,8
2026-05-22,g051,b0153,reussite,2
2026-05-22,g051,b0116,echec,16
2026-05-22,g051,b0206,echec,13
2026-05-22,g051,b0245,echec,16
2026-05-22,g051,b0197,reussite,12
2026-05-22,g051,b0226,echec,9
2026-05-22,g051,b0224,echec,6
2026-05-22,g051,b0233,echec,1
2026-05-22,g052,b0234,reussite,1
2026-05-22,g052,b0173,reussite,1
2026-05-22,g052,b0123,reussite,3
2026-05-22,g052,b0105,reussite,7
2026-05-22,g052,b0233,reussite,3
2026-05-22,g052,b0203,echec,8
2026-05-22,g052,b0166,echec,6
2026-05-22,g052,b0113,echec,6
2026-05-22,g052,b0162,reussite,6
2026-05-22,g052,b0136,echec,7
2026-05-22,g052,b0142,reussite,2
2026-05-23,g016,b0153,reussite,1
2026-05-23,g016,b0116,echec,13
2026-05-23,g016,b0146,echec,18
2026-05-23,g016,b0245,echec,17
2026-05-23,g016,b0167,echec,15
2026-05-23,g016,b0147,echec,8
2026-05-23,g016,b0154,echec,9
2026-05-23,g016,b0195,echec,12
2026-05-23,g017,b0150,echec,6
2026-05-23,g017,b0237,echec,10
2026-05-23,g017,b0240,echec,11
2026-05-23,g017,b0137,echec,10
2026-05-23,g017,b0218,echec,14
2026-05-23,g017,b0249,echec,7
2026-05-23,g017,b0230,echec,9
2026-05-23,g024,b0172,reussite,1
2026-05-23,g024,b0145,echec,6
2026-05-23,g024,b0197,echec,17
2026-05-23,g024,b0113,echec,10
2026-05-23,g024,b0212,reussite,3
2026-05-23,g024,b0223,reussite,1
2026-05-23,g024,b0153,echec,9
2026-05-23,g024,b0105,echec,11
2026-05-23,g024,b0181,reussite,3
2026-05-23,g024,b0223,reussite,1
2026-05-23,g024,b0143,reussite,1
2026-05-23,g024,b0153,echec,13
2026-05-23,g024,b0182,reussite,1
2026-05-23,g024,b0197,echec,9
2026-05-23,g024,b0220,reussite,2
2026-05-23,g024,b0234,echec,15
2026-05-23,g024,b0105,echec,6
2026-05-23,g025,b0203,reussite,1
2026-05-23,g025,b0216,reussite,4
2026-05-23,g025,b0206,reussite,10
2026-05-23,g030,b0213,reussite,1
2026-05-23,g030,b0172,reussite,1
2026-05-23,g030,b0105,echec,12
2026-05-23,g030,b0185,echec,6
2026-05-23,g030,b0143,reussite,1
2026-05-23,g030,b0157,echec,14
2026-05-23,g030,b0175,echec,9
2026-05-23,g030,b0132,reussite,1
2026-05-23,g030,b0144,echec,12
2026-05-23,g030,b0173,reussite,1
2026-05-23,g041,b0226,echec,9
2026-05-23,g041,b0204,echec,13
2026-05-23,g041,b0245,echec,13
2026-05-23,g041,b0203,echec,8
2026-05-23,g041,b0243,reussite,2
2026-05-23,g041,b0241,reussite,1
2026-05-23,g041,b0201,echec,1
2026-05-23,g041,b0222,reussite,1
2026-05-23,g041,b0232,reussite,1
2026-05-23,g041,b0164,reussite,1
2026-05-23,g041,b0156,echec,17
2026-05-23,g041,b0101,reussite,1
2026-05-23,g041,b0135,echec,15
2026-05-23,g041,b0146,echec,11
2026-05-23,g041,b0198,echec,10
2026-05-23,g041,b0187,echec,10
2026-05-23,g041,b0118,echec,7
2026-05-23,g041,b0229,echec,9
2026-05-23,g046,b0222,reussite,1
2026-05-23,g046,b0159,reussite,1
2026-05-23,g046,b0138,echec,12
2026-05-23,g046,b0148,echec,16
2026-05-23,g046,b0118,echec,8
2026-05-23,g046,b0137,echec,6
2026-05-23,g046,b0249,echec,18
2026-05-23,g046,b0216,echec,16
2026-05-23,g046,b0120,echec,11
2026-05-23,g046,b0230,echec,13
2026-05-23,g050,b0113,echec,8
2026-05-23,g050,b0104,echec,17
2026-05-23,g050,b0122,reussite,1
2026-05-23,g050,b0175,echec,14
2026-05-23,g050,b0245,echec,8
2026-05-23,g050,b0114,echec,18
2026-05-23,g050,b0136,echec,7
2026-05-23,g050,b0203,echec,16
2026-05-23,g050,b0192,reussite,1
2026-05-24,g001,b0192,reussite,1
2026-05-24,g001,b0215,echec,13
2026-05-24,g001,b0116,echec,12
2026-05-24,g001,b0156,echec,10
2026-05-24,g001,b0243,reussite,1
2026-05-24,g001,b0168,echec,18
2026-05-24,g001,b0182,reussite,1
2026-05-24,g001,b0201,reussite,1
2026-05-24,g003,b0223,reussite,1
2026-05-24,g003,b0113,reussite,1
2026-05-24,g003,b0205,echec,11
2026-05-24,g003,b0108,echec,7
2026-05-24,g003,b0243,reussite,1
2026-05-24,g003,b0196,echec,18
2026-05-24,g003,b0151,reussite,1
2026-05-24,g003,b0154,echec,14
2026-05-24,g003,b0246,echec,12
2026-05-24,g007,b0175,reussite,1
2026-05-24,g007,b0143,reussite,1
2026-05-24,g007,b0155,echec,9
2026-05-24,g007,b0208,echec,15
2026-05-24,g007,b0234,echec,10
2026-05-24,g007,b0206,echec,14
2026-05-24,g007,b0153,reussite,8
2026-05-24,g007,b0123,reussite,2
2026-05-24,g008,b0128,echec,10
2026-05-24,g008,b0195,echec,6
2026-05-24,g008,b0210,reussite,1
2026-05-24,g008,b0208,echec,8
2026-05-24,g008,b0107,echec,17
2026-05-24,g008,b0207,echec,7
2026-05-24,g008,b0243,reussite,1
2026-05-24,g008,b0117,echec,7
2026-05-24,g008,b0135,echec,15
2026-05-24,g008,b0182,reussite,1
2026-05-24,g013,b0104,reussite,1
2026-05-24,g013,b0144,reussite,1
2026-05-24,g013,b0187,echec,17
2026-05-24,g013,b0118,echec,17
2026-05-24,g013,b0148,echec,14
2026-05-24,g013,b0214,reussite,1
2026-05-24,g013,b0174,reussite,1
2026-05-24,g013,b0240,echec,12
2026-05-24,g013,b0217,echec,14
2026-05-24,g016,b0156,echec,14
2026-05-24,g016,b0197,reussite,7
2026-05-24,g016,b0114,echec,12
2026-05-24,g016,b0205,echec,6
2026-05-24,g016,b0125,echec,15
2026-05-24,g016,b0243,reussite,1
2026-05-24,g016,b0165,echec,14
2026-05-24,g016,b0104,reussite,8
2026-05-24,g016,b0133,echec,17
2026-05-24,g016,b0226,echec,11
2026-05-24,g024,b0121,reussite,1
2026-05-24,g024,b0144,echec,12
2026-05-24,g024,b0209,reussite,1
2026-05-24,g024,b0174,echec,6
2026-05-24,g024,b0235,echec,17
2026-05-24,g024,b0224,echec,13
2026-05-24,g024,b0170,reussite,1
2026-05-24,g024,b0165,echec,10
2026-05-24,g024,b0133,echec,13
2026-05-24,g024,b0175,echec,13
2026-05-24,g024,b0194,echec,15
2026-05-24,g024,b0165,echec,13
2026-05-24,g024,b0189,reussite,1
2026-05-24,g024,b0244,echec,6
2026-05-24,g024,b0227,echec,7
2026-05-24,g024,b0136,echec,12
2026-05-24,g026,b0168,reussite,1
2026-05-24,g026,b0172,reussite,1
2026-05-24,g026,b0133,echec,9
2026-05-24,g026,b0236,echec,7
2026-05-24,g026,b0224,echec,14
2026-05-24,g026,b0156,echec,7
2026-05-24,g026,b0227,echec,14
2026-05-24,g026,b0226,echec,6
2026-05-24,g026,b0247,echec,10
2026-05-24,g026,b0125,reussite,4
2026-05-24,g026,b0204,echec,2
2026-05-24,g047,b0247,reussite,1
2026-05-24,g047,b0184,reussite,1
2026-05-24,g047,b0144,reussite,11
2026-05-24,g047,b0133,echec,16
2026-05-24,g047,b0104,echec,6
2026-05-24,g047,b0145,reussite,12
2026-05-24,g047,b0168,echec,9
2026-05-24,g047,b0126,echec,10
2026-05-24,g047,b0215,echec,15
2026-05-24,g047,b0108,echec,18
2026-05-24,g047,b0194,reussite,1
2026-05-24,g047,b0184,reussite,1
2026-05-24,g047,b0168,echec,13
2026-05-24,g047,b0133,echec,7
2026-05-24,g047,b0225,echec,18
2026-05-24,g047,b0195,echec,10
2026-05-24,g047,b0107,echec,11
2026-05-24,g047,b0116,echec,8
2026-05-24,g047,b0210,reussite,1
2026-05-24,g047,b0196,echec,18
2026-05-24,g047,b0248,echec,10
2026-05-24,g052,b0174,reussite,1
2026-05-24,g052,b0175,echec,8
2026-05-24,g052,b0178,echec,8
2026-05-24,g052,b0185,echec,11
2026-05-24,g052,b0212,reussite,1
2026-05-24,g052,b0155,echec,10
2026-05-24,g052,b0203,echec,13
2026-05-24,g052,b0213,reussite,1
2026-05-24,g052,b0113,echec,8
2026-05-24,g052,b0166,reussite,6
2026-05-24,g052,b0235,reussite,16
2026-05-24,g055,b0113,reussite,1
2026-05-24,g055,b0160,reussite,1
2026-05-24,g055,b0132,reussite,1
2026-05-24,g055,b0230,echec,9
2026-05-24,g055,b0222,reussite,1
2026-05-24,g055,b0229,echec,15
2026-05-24,g055,b0182,reussite,1
2026-05-24,g055,b0171,reussite,1
2026-05-24,g055,b0111,reussite,1
2026-05-24,g055,b0101,reussite,1
2026-05-25,g001,b0191,reussite,1
2026-05-25,g001,b0164,reussite,1
2026-05-25,g001,b0202,reussite,4
2026-05-25,g001,b0236,reussite,10
2026-05-25,g001,b0203,echec,11
2026-05-25,g001,b0213,reussite,1
2026-05-25,g001,b0194,echec,7
2026-05-25,g001,b0224,echec,9
2026-05-25,g001,b0212,reussite,1
2026-05-25,g001,b0235,echec,11
2026-05-25,g001,b0145,echec,12
2026-05-25,g005,b0214,reussite,2
2026-05-25,g005,b0218,echec,14
2026-05-25,g005,b0149,echec,14
2026-05-25,g005,b0238,echec,16
2026-05-25,g005,b0117,echec,16
2026-05-25,g005,b0136,reussite,1
2026-05-25,g005,b0235,reussite,1
2026-05-25,g005,b0186,echec,9
2026-05-25,g005,b0229,echec,9
2026-05-25,g005,b0244,reussite,1
2026-05-25,g011,b0235,reussite,1
2026-05-25,g011,b0203,echec,11
2026-05-25,g011,b0133,reussite,13
2026-05-25,g011,b0105,echec,5
2026-05-25,g011,b0136,reussite,11
2026-05-25,g011,b0224,echec,11
2026-05-25,g011,b0104,echec,7
2026-05-25,g011,b0162,echec,13
2026-05-25,g011,b0154,echec,7
2026-05-25,g013,b0145,reussite,1
2026-05-25,g013,b0224,reussite,1
2026-05-25,g013,b0167,echec,4
2026-05-25,g013,b0215,echec,4
2026-05-25,g013,b0176,reussite,9
2026-05-25,g013,b0154,reussite,15
2026-05-25,g013,b0117,echec,13
2026-05-25,g013,b0178,echec,14
2026-05-25,g015,b0185,reussite,1
2026-05-25,g015,b0185,reussite,1
2026-05-25,g015,b0224,echec,7
2026-05-25,g015,b0147,echec,8
2026-05-25,g015,b0215,echec,12
2026-05-25,g016,b0210,reussite,1
2026-05-25,g016,b0162,echec,6
2026-05-25,g016,b0225,echec,14
2026-05-25,g016,b0113,reussite,5
2026-05-25,g016,b0214,echec,6
2026-05-25,g016,b0224,echec,18
2026-05-25,g016,b0226,echec,16
2026-05-25,g016,b0244,echec,13
2026-05-25,g016,b0206,echec,13
2026-05-25,g016,b0168,echec,10
2026-05-25,g017,b0171,reussite,1
2026-05-25,g017,b0141,reussite,1
2026-05-25,g017,b0120,echec,16
2026-05-25,g017,b0250,echec,11
2026-05-25,g017,b0228,echec,14
2026-05-25,g020,b0227,reussite,1
2026-05-25,g020,b0105,reussite,1
2026-05-25,g020,b0242,reussite,1
2026-05-25,g020,b0244,reussite,2
2026-05-25,g020,b0240,echec,14
2026-05-25,g020,b0154,echec,8
2026-05-25,g020,b0167,echec,8
2026-05-25,g020,b0247,echec,16
2026-05-25,g031,b0123,reussite,1
2026-05-25,g031,b0193,reussite,1
2026-05-25,g031,b0243,reussite,1
2026-05-25,g031,b0225,echec,13
2026-05-25,g031,b0147,echec,14
2026-05-25,g031,b0215,echec,10
2026-05-25,g031,b0196,echec,17
2026-05-25,g031,b0132,reussite,1
2026-05-25,g031,b0126,echec,16
2026-05-25,g032,b0242,reussite,1
2026-05-25,g032,b0123,reussite,2
2026-05-25,g032,b0214,echec,7
2026-05-25,g032,b0215,echec,18
2026-05-25,g039,b0197,echec,11
2026-05-25,g039,b0165,echec,11
2026-05-25,g039,b0194,echec,8
2026-05-25,g039,b0162,reussite,3
2026-05-25,g039,b0204,echec,9
2026-05-25,g039,b0195,echec,9
2026-05-25,g039,b0202,reussite,2
2026-05-25,g046,b0219,reussite,1
2026-05-25,g046,b0182,reussite,1
2026-05-25,g046,b0234,reussite,14
2026-05-25,g046,b0143,reussite,1
2026-05-25,g046,b0230,echec,11
2026-05-25,g046,b0186,echec,11
2026-05-25,g046,b0233,reussite,2
2026-05-25,g046,b0184,reussite,2
2026-05-25,g046,b0202,echec,4
2026-05-25,g046,b0127,echec,9
2026-05-25,g046,b0218,echec,7
2026-05-25,g048,b0233,reussite,7
2026-05-25,g048,b0234,echec,13
2026-05-25,g048,b0155,reussite,8
2026-05-25,g048,b0167,echec,10
2026-05-25,g048,b0195,echec,8
2026-05-25,g048,b0212,reussite,3
2026-05-25,g048,b0166,reussite,12
2026-05-25,g051,b0194,reussite,1
2026-05-25,g051,b0133,echec,6
2026-05-25,g051,b0104,echec,12
2026-05-25,g051,b0196,echec,10
2026-05-25,g051,b0224,echec,14
2026-05-25,g051,b0225,echec,14
2026-05-25,g051,b0172,reussite,1
2026-05-25,g051,b0195,echec,16
2026-05-25,g051,b0156,echec,11
2026-05-25,g055,b0185,reussite,1
2026-05-25,g055,b0223,reussite,1
2026-05-25,g055,b0241,reussite,1
2026-05-25,g055,b0103,reussite,1
2026-05-25,g055,b0121,reussite,1
2026-05-25,g055,b0205,echec,7
2026-05-25,g055,b0248,echec,8
2026-05-25,g055,b0128,echec,7
2026-05-25,g055,b0201,reussite,1
2026-05-25,g055,b0143,reussite,1
2026-05-25,g055,b0243,reussite,1
2026-05-25,g055,b0159,reussite,1
2026-05-25,g055,b0239,reussite,1
2026-05-25,g055,b0249,echec,8
2026-05-25,g055,b0237,echec,9
2026-05-25,g055,b0250,echec,17
2026-05-25,g055,b0231,reussite,1
2026-05-25,g055,b0191,reussite,1
2026-05-25,g055,b0158,echec,14
2026-05-25,g055,b0219,reussite,1
2026-05-25,g055,b0221,reussite,1
2026-05-26,g003,b0226,echec,8
2026-05-26,g003,b0204,echec,16
2026-05-26,g003,b0206,echec,15
2026-05-26,g003,b0203,echec,6
2026-05-26,g003,b0116,echec,14
2026-05-26,g003,b0225,echec,6
2026-05-26,g003,b0218,echec,6
2026-05-26,g004,b0136,echec,12
2026-05-26,g004,b0162,echec,5
2026-05-26,g004,b0248,echec,11
2026-05-26,g004,b0206,echec,10
2026-05-26,g004,b0126,echec,6
2026-05-26,g004,b0116,echec,11
2026-05-26,g006,b0174,reussite,4
2026-05-26,g006,b0166,reussite,4
2026-05-26,g006,b0164,reussite,4
2026-05-26,g006,b0113,echec,9
2026-05-26,g006,b0233,reussite,1
2026-05-26,g006,b0204,echec,10
2026-05-26,g006,b0234,echec,12
2026-05-26,g012,b0236,reussite,1
2026-05-26,g012,b0107,echec,9
2026-05-26,g012,b0224,echec,15
2026-05-26,g012,b0193,reussite,1
2026-05-26,g012,b0116,echec,16
2026-05-26,g012,b0200,reussite,1
2026-05-26,g012,b0118,echec,9
2026-05-26,g012,b0196,echec,10
2026-05-26,g012,b0201,reussite,1
2026-05-26,g012,b0218,echec,17
2026-05-26,g012,b0132,reussite,1
2026-05-26,g013,b0224,reussite,1
2026-05-26,g013,b0195,echec,12
2026-05-26,g013,b0168,reussite,9
2026-05-26,g013,b0245,reussite,1
2026-05-26,g013,b0218,echec,17
2026-05-26,g013,b0117,echec,14
2026-05-26,g013,b0186,echec,8
2026-05-26,g013,b0247,reussite,1
2026-05-26,g013,b0204,reussite,1
2026-05-26,g013,b0238,echec,11
2026-05-26,g013,b0198,echec,16
2026-05-26,g013,b0234,reussite,1
2026-05-26,g013,b0227,reussite,7
2026-05-26,g013,b0137,echec,18
2026-05-26,g013,b0229,echec,6
2026-05-26,g015,b0242,reussite,1
2026-05-26,g015,b0215,echec,13
2026-05-26,g015,b0202,reussite,1
2026-05-26,g015,b0224,echec,15
2026-05-26,g015,b0147,echec,12
2026-05-26,g015,b0174,reussite,3
2026-05-26,g015,b0197,reussite,9
2026-05-26,g015,b0166,reussite,2
2026-05-26,g018,b0128,echec,11
2026-05-26,g018,b0127,echec,16
2026-05-26,g018,b0196,echec,12
2026-05-26,g018,b0236,reussite,2
2026-05-26,g018,b0177,echec,12
2026-05-26,g018,b0154,echec,6
2026-05-26,g018,b0226,echec,4
2026-05-26,g018,b0153,reussite,1
2026-05-26,g018,b0133,echec,6
2026-05-26,g025,b0177,echec,13
2026-05-26,g025,b0208,echec,12
2026-05-26,g025,b0248,echec,8
2026-05-26,g025,b0128,echec,16
2026-05-26,g025,b0113,reussite,2
2026-05-26,g025,b0234,reussite,1
2026-05-26,g025,b0105,reussite,1
2026-05-26,g025,b0184,reussite,1
2026-05-26,g031,b0133,echec,9
2026-05-26,g031,b0173,reussite,1
2026-05-26,g031,b0104,echec,13
2026-05-26,g031,b0183,reussite,1
2026-05-26,g031,b0177,echec,16
2026-05-26,g031,b0201,reussite,1
2026-05-26,g031,b0116,echec,15
2026-05-26,g031,b0168,echec,17
2026-05-26,g031,b0143,reussite,1
2026-05-26,g032,b0125,echec,6
2026-05-26,g032,b0235,reussite,7
2026-05-26,g032,b0165,echec,14
2026-05-26,g032,b0128,echec,9
2026-05-26,g032,b0155,reussite,7
2026-05-26,g032,b0203,echec,9
2026-05-26,g032,b0214,echec,6
2026-05-26,g032,b0175,echec,12
2026-05-26,g034,b0184,reussite,1
2026-05-26,g034,b0242,reussite,1
2026-05-26,g034,b0172,reussite,1
2026-05-26,g034,b0175,echec,4
2026-05-26,g034,b0116,echec,15
2026-05-26,g034,b0133,echec,16
2026-05-26,g034,b0204,echec,14
2026-05-26,g034,b0154,echec,10
2026-05-26,g034,b0247,echec,9
2026-05-26,g034,b0147,echec,8
2026-05-26,g037,b0104,reussite,1
2026-05-26,g037,b0194,reussite,1
2026-05-26,g037,b0204,echec,5
2026-05-26,g037,b0117,echec,8
2026-05-26,g037,b0245,echec,4
2026-05-26,g037,b0125,echec,2
2026-05-26,g037,b0247,echec,12
2026-05-26,g037,b0205,echec,17
2026-05-26,g037,b0206,echec,7
2026-05-26,g037,b0177,echec,8
2026-05-26,g037,b0178,echec,9
2026-05-26,g039,b0162,reussite,1
2026-05-26,g039,b0202,reussite,1
2026-05-26,g039,b0194,reussite,4
2026-05-26,g039,b0197,reussite,7
2026-05-26,g039,b0175,reussite,2
2026-05-26,g039,b0165,reussite,7
2026-05-26,g039,b0203,reussite,8
2026-05-26,g039,b0144,reussite,11
2026-05-26,g039,b0167,echec,7
2026-05-26,g040,b0153,reussite,1
2026-05-26,g040,b0164,reussite,1
2026-05-26,g040,b0123,reussite,1
2026-05-26,g040,b0212,reussite,1
2026-05-26,g040,b0105,reussite,8
2026-05-26,g040,b0215,echec,11
2026-05-26,g040,b0162,echec,12
2026-05-26,g040,b0174,reussite,6
2026-05-26,g040,b0172,reussite,1
2026-05-26,g041,b0128,echec,7
2026-05-26,g041,b0189,reussite,1
2026-05-26,g041,b0154,echec,9
2026-05-26,g041,b0246,echec,11
2026-05-26,g041,b0176,echec,11
2026-05-26,g041,b0231,reussite,1
2026-05-26,g041,b0248,echec,18
2026-05-26,g041,b0107,echec,11
2026-05-26,g041,b0110,echec,6
2026-05-26,g041,b0127,echec,16
2026-05-26,g041,b0120,echec,11
2026-05-26,g041,b0199,echec,7
2026-05-26,g041,b0158,echec,10
2026-05-26,g041,b0150,echec,13
2026-05-26,g041,b0149,echec,6
2026-05-26,g042,b0117,echec,9
2026-05-26,g042,b0157,echec,9
2026-05-26,g042,b0204,reussite,5
2026-05-26,g042,b0113,reussite,1
2026-05-26,g042,b0194,reussite,2
2026-05-26,g042,b0236,reussite,6
2026-05-26,g042,b0107,echec,11
2026-05-26,g042,b0216,echec,9
2026-05-26,g042,b0248,echec,8
2026-05-26,g044,b0103,reussite,1
2026-05-26,g044,b0243,reussite,1
2026-05-26,g044,b0167,echec,11
2026-05-26,g044,b0241,reussite,1
2026-05-26,g044,b0195,echec,8
2026-05-26,g044,b0133,echec,9
2026-05-26,g044,b0128,echec,10
2026-05-26,g044,b0224,reussite,6
2026-05-26,g044,b0248,echec,11
2026-05-26,g044,b0107,echec,9
2026-05-26,g047,b0202,reussite,1
2026-05-26,g047,b0166,reussite,1
2026-05-26,g047,b0154,echec,11
2026-05-26,g047,b0205,echec,9
2026-05-26,g047,b0141,reussite,1
2026-05-26,g047,b0193,reussite,1
2026-05-26,g047,b0195,echec,12
2026-05-26,g047,b0177,echec,12
2026-05-26,g047,b0243,reussite,1
2026-05-26,g047,b0107,echec,16
2026-05-26,g047,b0222,reussite,1
2026-05-26,g047,b0156,echec,15
2026-05-26,g052,b0184,reussite,1
2026-05-26,g052,b0166,reussite,1
2026-05-26,g052,b0236,echec,9
2026-05-26,g052,b0185,echec,4
2026-05-26,g052,b0244,echec,14
2026-05-26,g052,b0144,echec,8
2026-05-26,g052,b0175,echec,6
2026-05-26,g052,b0224,echec,16
2026-05-26,g052,b0206,echec,14
2026-05-26,g052,b0122,reussite,2
2026-05-26,g052,b0216,echec,9
2026-05-26,g052,b0133,echec,7
2026-05-26,g052,b0125,echec,14
2026-05-26,g052,b0104,echec,9
2026-05-26,g052,b0215,echec,15
2026-05-26,g052,b0247,echec,13
2026-05-26,g052,b0208,echec,6
2026-05-26,g052,b0225,echec,18
2026-05-26,g052,b0161,reussite,2
2026-05-26,g052,b0245,echec,17
2026-05-26,g052,b0227,echec,10
2026-05-26,g054,b0213,reussite,1
2026-05-26,g054,b0153,reussite,1
2026-05-26,g054,b0125,echec,8
2026-05-26,g054,b0133,echec,7
2026-05-26,g054,b0193,reussite,1
2026-05-26,g054,b0116,echec,7
2026-05-26,g054,b0152,reussite,1
2026-05-26,g054,b0182,reussite,1
2026-05-26,g054,b0222,reussite,1
2026-05-26,g054,b0225,echec,6
2026-05-26,g055,b0160,reussite,1
2026-05-26,g055,b0232,reussite,1
2026-05-26,g055,b0110,echec,9
2026-05-26,g055,b0218,echec,15
2026-05-26,g055,b0120,echec,15
2026-05-26,g055,b0169,reussite,1
2026-05-26,g055,b0209,reussite,1
2026-05-26,g055,b0188,echec,13
2026-05-26,g055,b0139,reussite,1
2026-05-26,g055,b0150,echec,17
2026-05-26,g055,b0141,reussite,1
2026-05-26,g055,b0223,reussite,1
2026-05-26,g055,b0103,reussite,1
2026-05-26,g055,b0240,echec,13
2026-05-26,g055,b0211,reussite,1
2026-05-26,g055,b0179,echec,13
2026-05-26,g055,b0170,reussite,1
2026-05-26,g055,b0199,echec,9
2026-05-26,g055,b0180,reussite,1
2026-05-27,g015,b0185,reussite,1
2026-05-27,g015,b0174,reussite,1
2026-05-27,g015,b0165,reussite,7
2026-05-27,g015,b0136,reussite,7
2026-05-27,g015,b0244,echec,3
2026-05-27,g015,b0203,echec,8
2026-05-27,g020,b0224,echec,10
2026-05-27,g020,b0168,echec,10
2026-05-27,g020,b0245,echec,5
2026-05-27,g020,b0248,echec,15
2026-05-27,g020,b0197,echec,10
2026-05-27,g020,b0195,echec,15
2026-05-27,g020,b0126,echec,6
2026-05-27,g023,b0242,reussite,1
2026-05-27,g023,b0113,reussite,6
2026-05-27,g023,b0104,echec,16
2026-05-27,g023,b0144,echec,14
2026-05-27,g023,b0155,reussite,6
2026-05-27,g023,b0214,echec,10
2026-05-27,g023,b0133,echec,16
2026-05-27,g023,b0244,reussite,6
2026-05-27,g023,b0153,echec,2
2026-05-27,g023,b0235,echec,9
2026-05-27,g023,b0128,echec,6
2026-05-27,g023,b0143,reussite,1
2026-05-27,g023,b0212,reussite,1
2026-05-27,g023,b0226,echec,14
2026-05-27,g023,b0193,echec,1
2026-05-27,g023,b0224,echec,13
2026-05-27,g023,b0206,echec,15
2026-05-27,g023,b0172,reussite,2
2026-05-27,g023,b0144,echec,12
2026-05-27,g025,b0196,reussite,1
2026-05-27,g025,b0125,reussite,6
2026-05-27,g025,b0157,reussite,6
2026-05-27,g025,b0104,echec,2
2026-05-27,g025,b0225,echec,15
2026-05-27,g025,b0110,echec,16
2026-05-27,g025,b0126,echec,14
2026-05-27,g025,b0205,echec,13
2026-05-27,g025,b0133,reussite,3
2026-05-27,g025,b0154,echec,13
2026-05-27,g025,b0246,echec,12
2026-05-27,g026,b0241,reussite,1
2026-05-27,g026,b0147,reussite,14
2026-05-27,g026,b0122,reussite,1
2026-05-27,g026,b0192,reussite,1
2026-05-27,g026,b0126,echec,16
2026-05-27,g026,b0154,echec,15
2026-05-27,g026,b0246,echec,16
2026-05-27,g026,b0248,echec,8
2026-05-27,g028,b0160,reussite,1
2026-05-27,g028,b0117,echec,12
2026-05-27,g028,b0236,echec,13
2026-05-27,g028,b0147,echec,8
2026-05-27,g028,b0195,echec,7
2026-05-27,g028,b0248,echec,11
2026-05-27,g028,b0209,reussite,1
2026-05-27,g028,b0197,echec,17
2026-05-27,g028,b0245,echec,7
2026-05-27,g030,b0210,reussite,3
2026-05-27,g030,b0222,reussite,1
2026-05-27,g030,b0200,reussite,1
2026-05-27,g030,b0193,reussite,1
2026-05-27,g030,b0169,reussite,1
2026-05-27,g030,b0202,echec,12
2026-05-27,g030,b0155,echec,9
2026-05-27,g030,b0162,echec,13
2026-05-27,g030,b0164,echec,7
2026-05-27,g030,b0215,echec,12
2026-05-27,g033,b0137,echec,13
2026-05-27,g033,b0167,reussite,6
2026-05-27,g033,b0144,reussite,4
2026-05-27,g033,b0206,reussite,2
2026-05-27,g033,b0178,echec,9
2026-05-27,g033,b0165,reussite,1
2026-05-27,g033,b0208,echec,14
2026-05-27,g033,b0147,reussite,11
2026-05-27,g046,b0233,reussite,1
2026-05-27,g046,b0202,reussite,1
2026-05-27,g046,b0204,echec,10
2026-05-27,g046,b0226,echec,7
2026-05-27,g046,b0169,reussite,1
2026-05-27,g046,b0246,echec,7
2026-05-27,g046,b0245,echec,16
2026-05-27,g046,b0189,reussite,1
2026-05-27,g046,b0203,echec,11
2026-05-27,g046,b0206,echec,14
2026-05-27,g046,b0116,echec,7
2026-05-27,g046,b0177,echec,16
2026-05-27,g047,b0123,reussite,1
2026-05-27,g047,b0103,reussite,1
2026-05-27,g047,b0205,echec,12
2026-05-27,g047,b0122,reussite,1
2026-05-27,g047,b0216,echec,9
2026-05-27,g047,b0227,echec,14
2026-05-27,g047,b0213,reussite,1
2026-05-27,g047,b0196,echec,9
2026-05-27,g047,b0147,echec,9
2026-05-27,g047,b0225,echec,9
2026-05-28,g001,b0243,reussite,1
2026-05-28,g001,b0172,reussite,1
2026-05-28,g001,b0128,echec,14
2026-05-28,g001,b0248,echec,15
2026-05-28,g001,b0163,reussite,1
2026-05-28,g001,b0239,reussite,1
2026-05-28,g001,b0222,reussite,1
2026-05-28,g001,b0211,reussite,1
2026-05-28,g001,b0141,reussite,1
2026-05-28,g001,b0176,echec,7
2026-05-28,g003,b0242,reussite,1
2026-05-28,g003,b0166,reussite,1
2026-05-28,g003,b0153,reussite,10
2026-05-28,g003,b0162,echec,12
2026-05-28,g003,b0175,echec,7
2026-05-28,g003,b0194,echec,17
2026-05-28,g003,b0174,echec,9
2026-05-28,g003,b0105,echec,6
2026-05-28,g003,b0226,echec,9
2026-05-28,g003,b0122,reussite,1
2026-05-28,g003,b0235,echec,9
2026-05-28,g003,b0113,reussite,8
2026-05-28,g003,b0164,reussite,1
2026-05-28,g003,b0181,reussite,1
2026-05-28,g003,b0136,echec,6
2026-05-28,g003,b0197,echec,15
2026-05-28,g003,b0118,echec,9
2026-05-28,g003,b0236,echec,13
2026-05-28,g003,b0248,echec,13
2026-05-28,g003,b0244,echec,13
2026-05-28,g003,b0123,echec,2
2026-05-28,g003,b0165,echec,8
2026-05-28,g003,b0178,echec,15
2026-05-28,g006,b0202,reussite,1
2026-05-28,g006,b0244,reussite,1
2026-05-28,g006,b0181,reussite,1
2026-05-28,g006,b0204,echec,10
2026-05-28,g006,b0202,reussite,1
2026-05-28,g006,b0123,reussite,2
2026-05-28,g006,b0105,reussite,7
2026-05-28,g006,b0155,reussite,7
2026-05-28,g006,b0210,reussite,1
2026-05-28,g006,b0122,reussite,1
2026-05-28,g006,b0214,echec,9
2026-05-28,g006,b0175,echec,7
2026-05-28,g006,b0197,echec,16
2026-05-28,g009,b0136,reussite,7
2026-05-28,g009,b0164,reussite,1
2026-05-28,g009,b0203,reussite,7
2026-05-28,g009,b0128,echec,16
2026-05-28,g009,b0248,echec,16
2026-05-28,g009,b0225,echec,8
2026-05-28,g018,b0175,echec,2
2026-05-28,g018,b0166,reussite,1
2026-05-28,g018,b0144,reussite,3
2026-05-28,g018,b0126,reussite,14
2026-05-28,g018,b0230,echec,7
2026-05-28,g018,b0149,echec,6
2026-05-28,g018,b0245,echec,5
2026-05-28,g018,b0227,echec,8
2026-05-28,g024,b0232,reussite,1
2026-05-28,g024,b0168,echec,10
2026-05-28,g024,b0174,echec,7
2026-05-28,g024,b0236,echec,10
2026-05-28,g024,b0139,reussite,1
2026-05-28,g024,b0163,reussite,1
2026-05-28,g034,b0194,reussite,1
2026-05-28,g034,b0214,reussite,1
2026-05-28,g034,b0133,echec,9
2026-05-28,g034,b0122,reussite,1
2026-05-28,g034,b0126,echec,8
2026-05-28,g034,b0167,echec,9
2026-05-28,g034,b0208,echec,12
2026-05-28,g034,b0121,reussite,1
2026-05-28,g034,b0223,reussite,1
2026-05-28,g034,b0227,echec,6
2026-05-28,g034,b0201,reussite,1
2026-05-28,g034,b0178,echec,16
2026-05-28,g034,b0157,echec,12
2026-05-28,g034,b0143,reussite,1
2026-05-28,g034,b0224,echec,15
2026-05-28,g041,b0143,reussite,1
2026-05-28,g041,b0213,reussite,2
2026-05-28,g041,b0192,reussite,1
2026-05-28,g041,b0175,echec,10
2026-05-28,g041,b0233,reussite,5
2026-05-28,g041,b0202,echec,8
2026-05-28,g041,b0242,echec,3
2026-05-28,g041,b0212,reussite,4
2026-05-28,g041,b0194,echec,12
2026-05-28,g048,b0235,echec,9
2026-05-28,g048,b0234,reussite,8
2026-05-28,g048,b0244,reussite,10
2026-05-28,g048,b0162,reussite,6
2026-05-28,g048,b0242,reussite,4
2026-05-28,g048,b0214,echec,8
2026-05-28,g048,b0122,reussite,1
2026-05-29,g006,b0185,reussite,1
2026-05-29,g006,b0194,reussite,1
2026-05-29,g006,b0162,reussite,6
2026-05-29,g006,b0213,reussite,1
2026-05-29,g006,b0161,reussite,1
2026-05-29,g006,b0125,echec,7
2026-05-29,g006,b0206,reussite,17
2026-05-29,g006,b0113,reussite,4
2026-05-29,g006,b0144,echec,11
2026-05-29,g017,b0173,reussite,1
2026-05-29,g017,b0183,reussite,1
2026-05-29,g017,b0203,echec,14
2026-05-29,g017,b0171,reussite,1
2026-05-29,g017,b0201,reussite,1
2026-05-29,g017,b0222,reussite,2
2026-05-29,g017,b0151,reussite,1
2026-05-29,g017,b0182,reussite,1
2026-05-29,g017,b0160,reussite,1
2026-05-29,g017,b0200,reussite,1
2026-05-29,g017,b0209,reussite,1
2026-05-29,g017,b0227,echec,11
2026-05-29,g017,b0170,reussite,1
2026-05-29,g017,b0190,reussite,1
2026-05-29,g017,b0247,echec,6
2026-05-29,g017,b0169,reussite,1
2026-05-29,g017,b0246,echec,15
2026-05-29,g020,b0224,echec,14
2026-05-29,g020,b0194,reussite,4
2026-05-29,g020,b0153,reussite,2
2026-05-29,g020,b0216,echec,13
2026-05-29,g020,b0174,reussite,3
2026-05-29,g020,b0206,echec,7
2026-05-29,g020,b0236,reussite,11
2026-05-29,g020,b0113,reussite,1
2026-05-29,g022,b0204,reussite,1
2026-05-29,g022,b0141,reussite,1
2026-05-29,g022,b0168,echec,6
2026-05-29,g022,b0111,reussite,1
2026-05-29,g022,b0198,echec,10
2026-05-29,g022,b0208,echec,7
2026-05-29,g022,b0227,echec,10
2026-05-29,g022,b0171,reussite,1
2026-05-29,g022,b0132,reussite,1
2026-05-29,g022,b0177,echec,16
2026-05-29,g024,b0130,reussite,1
2026-05-29,g024,b0242,reussite,1
2026-05-29,g024,b0242,reussite,1
2026-05-29,g024,b0116,echec,12
2026-05-29,g024,b0167,echec,8
2026-05-29,g024,b0175,echec,15
2026-05-29,g024,b0169,reussite,1
2026-05-29,g024,b0190,reussite,1
2026-05-29,g024,b0236,echec,10
2026-05-29,g024,b0225,echec,13
2026-05-29,g024,b0247,echec,17
2026-05-29,g024,b0204,echec,16
2026-05-29,g024,b0157,echec,8
2026-05-29,g030,b0123,reussite,1
2026-05-29,g030,b0105,echec,14
2026-05-29,g030,b0185,echec,11
2026-05-29,g030,b0174,reussite,15
2026-05-29,g030,b0216,echec,6
2026-05-29,g030,b0121,reussite,2
2026-05-29,g030,b0144,echec,18
2026-05-29,g030,b0224,echec,16
2026-05-29,g030,b0103,reussite,2
2026-05-29,g044,b0241,reussite,1
2026-05-29,g044,b0212,reussite,1
2026-05-29,g044,b0116,echec,10
2026-05-29,g044,b0139,reussite,1
2026-05-29,g044,b0177,echec,11
2026-05-29,g044,b0117,echec,13
2026-05-29,g044,b0147,echec,17
2026-05-29,g044,b0196,echec,17
2026-05-29,g044,b0187,echec,6
2026-05-29,g044,b0225,echec,10
2026-05-30,g001,b0234,reussite,1
2026-05-30,g001,b0191,reussite,1
2026-05-30,g001,b0122,reussite,1
2026-05-30,g001,b0214,echec,11
2026-05-30,g001,b0202,reussite,3
2026-05-30,g001,b0213,reussite,1
2026-05-30,g001,b0208,echec,10
2026-05-30,g001,b0215,echec,14
2026-05-30,g001,b0212,reussite,1
2026-05-30,g002,b0166,reussite,1
2026-05-30,g002,b0172,reussite,1
2026-05-30,g002,b0143,reussite,1
2026-05-30,g002,b0154,echec,9
2026-05-30,g002,b0144,echec,6
2026-05-30,g002,b0192,reussite,1
2026-05-30,g002,b0116,echec,14
2026-05-30,g002,b0195,echec,14
2026-05-30,g002,b0201,reussite,2
2026-05-30,g002,b0177,echec,15
2026-05-30,g002,b0147,echec,7
2026-05-30,g009,b0202,reussite,1
2026-05-30,g009,b0245,reussite,1
2026-05-30,g009,b0178,echec,13
2026-05-30,g009,b0196,echec,17
2026-05-30,g009,b0168,echec,8
2026-05-30,g009,b0244,reussite,4
2026-05-30,g009,b0157,echec,6
2026-05-30,g009,b0215,echec,8
2026-05-30,g009,b0123,reussite,1
2026-05-30,g009,b0227,echec,14
2026-05-30,g009,b0216,echec,15
2026-05-30,g009,b0198,echec,14
2026-05-30,g009,b0147,echec,7
2026-05-30,g009,b0117,echec,11
2026-05-30,g009,b0243,reussite,1
2026-05-30,g009,b0187,echec,15
2026-05-30,g009,b0241,reussite,1
2026-05-30,g009,b0128,echec,7
2026-05-30,g009,b0229,echec,12
2026-05-30,g009,b0127,echec,16
2026-05-30,g010,b0144,echec,7
2026-05-30,g010,b0224,echec,10
2026-05-30,g010,b0156,echec,16
2026-05-30,g010,b0162,reussite,2
2026-05-30,g010,b0197,echec,8
2026-05-30,g010,b0235,reussite,3
2026-05-30,g010,b0196,echec,11
2026-05-30,g010,b0214,echec,6
2026-05-30,g010,b0245,echec,7
2026-05-30,g010,b0225,echec,10
2026-05-30,g011,b0165,echec,7
2026-05-30,g011,b0185,echec,6
2026-05-30,g011,b0164,reussite,1
2026-05-30,g011,b0125,echec,8
2026-05-30,g011,b0244,echec,11
2026-05-30,g011,b0202,echec,6
2026-05-30,g011,b0212,reussite,1
2026-05-30,g026,b0203,reussite,1
2026-05-30,g026,b0195,echec,9
2026-05-30,g026,b0165,reussite,4
2026-05-30,g026,b0244,reussite,3
2026-05-30,g026,b0215,echec,11
2026-05-30,g026,b0116,reussite,6
2026-05-30,g026,b0178,echec,15
2026-05-30,g026,b0125,echec,5
2026-05-30,g026,b0104,reussite,10
2026-05-30,g028,b0236,echec,15
2026-05-30,g028,b0197,echec,8
2026-05-30,g028,b0214,echec,12
2026-05-30,g028,b0220,reussite,1
2026-05-30,g028,b0141,reussite,1
2026-05-30,g028,b0165,echec,9
2026-05-30,g028,b0155,echec,9
2026-05-30,g028,b0206,echec,11
2026-05-30,g028,b0125,reussite,9
2026-05-30,g028,b0201,reussite,1
2026-05-30,g030,b0164,reussite,1
2026-05-30,g030,b0225,echec,7
2026-05-30,g030,b0168,echec,14
2026-05-30,g030,b0227,echec,6
2026-05-30,g030,b0186,echec,10
2026-05-30,g030,b0178,echec,10
2026-05-30,g030,b0191,reussite,1
2026-05-30,g030,b0116,echec,15
2026-05-30,g030,b0127,echec,16
2026-05-30,g030,b0117,echec,13
2026-05-30,g030,b0198,echec,8
2026-05-30,g032,b0184,reussite,1
2026-05-30,g032,b0212,reussite,1
2026-05-30,g032,b0113,reussite,4
2026-05-30,g032,b0223,reussite,2
2026-05-30,g032,b0195,echec,7
2026-05-30,g032,b0155,echec,13
2026-05-30,g032,b0210,reussite,2
2026-05-30,g032,b0161,reussite,1
2026-05-30,g032,b0235,echec,16
2026-05-30,g032,b0162,reussite,11
2026-05-30,g032,b0144,echec,10
2026-05-30,g032,b0185,echec,12
2026-05-30,g032,b0121,reussite,1
2026-05-30,g032,b0143,reussite,1
2026-05-30,g032,b0241,reussite,2
2026-05-30,g032,b0174,echec,7
2026-05-30,g032,b0235,echec,12
2026-05-30,g032,b0201,reussite,1
2026-05-30,g032,b0185,reussite,9
2026-05-30,g035,b0201,reussite,1
2026-05-30,g035,b0147,echec,17
2026-05-30,g035,b0235,echec,13
2026-05-30,g035,b0205,echec,12
2026-05-30,g035,b0130,reussite,1
2026-05-30,g035,b0157,echec,11
2026-05-30,g035,b0175,reussite,14
2026-05-30,g035,b0197,echec,15
2026-05-30,g039,b0144,reussite,1
2026-05-30,g039,b0202,reussite,1
2026-05-30,g039,b0195,echec,11
2026-05-30,g039,b0244,reussite,4
2026-05-30,g039,b0214,echec,6
2026-05-30,g039,b0157,echec,18
2026-05-30,g039,b0224,echec,12
2026-05-30,g039,b0167,echec,7
2026-05-30,g041,b0210,reussite,2
2026-05-30,g041,b0166,echec,11
2026-05-30,g041,b0105,echec,11
2026-05-30,g041,b0236,echec,8
2026-05-30,g041,b0214,echec,10
2026-05-30,g041,b0205,echec,9
2026-05-30,g041,b0220,reussite,2
2026-05-30,g041,b0184,reussite,10
2026-05-30,g043,b0153,reussite,12
2026-05-30,g043,b0212,echec,2
2026-05-30,g043,b0136,echec,14
2026-05-30,g043,b0233,echec,8
2026-05-30,g043,b0113,echec,13
2026-05-30,g043,b0197,reussite,14
2026-05-30,g043,b0174,echec,12
2026-05-30,g043,b0185,echec,6
2026-05-30,g044,b0210,reussite,1
2026-05-30,g044,b0104,echec,15
2026-05-30,g044,b0136,echec,9
2026-05-30,g044,b0197,echec,13
2026-05-30,g044,b0125,echec,11
2026-05-30,g044,b0204,echec,14
2026-05-30,g044,b0110,echec,11
2026-05-30,g044,b0206,echec,9
2026-05-30,g044,b0184,reussite,1
2026-05-30,g044,b0220,reussite,1
2026-05-30,g044,b0104,echec,6
2026-05-30,g044,b0125,echec,14
2026-05-30,g044,b0224,echec,18
2026-05-30,g044,b0116,echec,18
2026-05-30,g044,b0215,echec,15
2026-05-30,g044,b0144,echec,17
2026-05-30,g044,b0227,echec,18
2026-05-30,g055,b0125,echec,7
2026-05-30,g055,b0137,echec,14
2026-05-30,g055,b0136,echec,11
2026-05-30,g055,b0164,reussite,1
2026-05-30,g055,b0144,echec,14
2026-05-30,g055,b0153,echec,5
2026-05-30,g055,b0155,echec,4
2026-05-30,g055,b0195,echec,10
2026-05-30,g055,b0157,echec,7
2026-05-30,g055,b0206,echec,10
2026-05-31,g002,b0235,reussite,1
2026-05-31,g002,b0105,reussite,1
2026-05-31,g002,b0215,echec,16
2026-05-31,g002,b0103,reussite,1
2026-05-31,g002,b0206,echec,8
2026-05-31,g002,b0216,echec,16
2026-05-31,g002,b0207,echec,11
2026-05-31,g002,b0144,echec,16
2026-05-31,g002,b0122,reussite,1
2026-05-31,g002,b0248,echec,18
2026-05-31,g002,b0121,reussite,1
2026-05-31,g004,b0166,reussite,1
2026-05-31,g004,b0123,reussite,1
2026-05-31,g004,b0196,echec,17
2026-05-31,g004,b0178,echec,10
2026-05-31,g004,b0226,echec,12
2026-05-31,g004,b0203,echec,16
2026-05-31,g004,b0198,echec,13
2026-05-31,g004,b0225,echec,10
2026-05-31,g004,b0122,reussite,1
2026-05-31,g010,b0206,echec,9
2026-05-31,g010,b0104,echec,7
2026-05-31,g010,b0177,echec,8
2026-05-31,g010,b0227,echec,13
2026-05-31,g010,b0212,reussite,1
2026-05-31,g010,b0215,reussite,11
2026-05-31,g010,b0242,echec,1
2026-05-31,g010,b0128,echec,17
2026-05-31,g010,b0220,reussite,1
2026-05-31,g038,b0212,reussite,1
2026-05-31,g038,b0172,reussite,3
2026-05-31,g038,b0122,reussite,6
2026-05-31,g038,b0103,reussite,4
2026-05-31,g038,b0153,echec,14
2026-05-31,g038,b0241,reussite,5
2026-05-31,g038,b0222,reussite,2
2026-05-31,g038,b0173,reussite,2
2026-05-31,g038,b0213,echec,6
2026-05-31,g038,b0214,echec,18
2026-05-31,g038,b0113,echec,8
2026-05-31,g040,b0236,echec,7
2026-05-31,g040,b0242,echec,2
2026-05-31,g040,b0202,reussite,8
2026-05-31,g040,b0153,echec,10
2026-05-31,g040,b0194,echec,13
2026-05-31,g040,b0136,echec,9
2026-05-31,g040,b0197,echec,12
2026-05-31,g040,b0233,reussite,3
2026-05-31,g040,b0113,echec,13
2026-05-31,g041,b0207,echec,16
2026-05-31,g041,b0219,reussite,1
2026-05-31,g041,b0208,echec,17
2026-05-31,g041,b0221,reussite,1
2026-05-31,g041,b0186,echec,12
2026-05-31,g041,b0218,echec,17
2026-05-31,g041,b0238,echec,9
2026-05-31,g041,b0178,echec,12
2026-05-31,g045,b0174,reussite,1
2026-05-31,g045,b0165,echec,10
2026-05-31,g045,b0226,echec,8
2026-05-31,g045,b0235,echec,4
2026-05-31,g045,b0155,echec,2
2026-05-31,g045,b0206,echec,8
2026-05-31,g045,b0196,echec,6
2026-05-31,g045,b0245,echec,9
2026-05-31,g046,b0227,echec,9
2026-05-31,g046,b0248,echec,17
2026-05-31,g046,b0208,echec,18
2026-05-31,g046,b0156,echec,16
2026-05-31,g046,b0157,echec,16
2026-05-31,g046,b0219,reussite,1
2026-05-31,g046,b0221,reussite,1
2026-05-31,g046,b0208,echec,17
2026-05-31,g046,b0202,echec,8
2026-05-31,g046,b0105,echec,13
2026-05-31,g046,b0241,reussite,1
2026-05-31,g046,b0238,echec,9
2026-05-31,g046,b0164,reussite,4
2026-05-31,g046,b0178,echec,14
2026-05-31,g046,b0184,echec,6
2026-05-31,g046,b0233,reussite,6
2026-05-31,g047,b0226,echec,16
2026-05-31,g047,b0248,echec,9
2026-05-31,g047,b0104,echec,13
2026-05-31,g047,b0128,echec,11
2026-05-31,g047,b0206,echec,15
2026-05-31,g047,b0227,echec,12
2026-05-31,g047,b0205,echec,14
2026-05-31,g047,b0248,echec,9
2026-05-31,g047,b0207,echec,12
2026-05-31,g047,b0156,echec,13
2026-05-31,g047,b0246,echec,10
2026-05-31,g047,b0127,echec,16
2026-05-31,g050,b0163,reussite,1
2026-05-31,g050,b0105,echec,7
2026-05-31,g050,b0233,echec,5
2026-05-31,g050,b0201,reussite,1
2026-05-31,g050,b0202,echec,12
2026-05-31,g050,b0155,echec,14
2026-05-31,g050,b0166,echec,8
2026-05-31,g050,b0215,echec,12
2026-05-31,g050,b0212,echec,3
2026-05-31,g051,b0175,reussite,2
2026-05-31,g051,b0195,echec,9
2026-05-31,g051,b0236,echec,11
2026-05-31,g051,b0206,echec,6
2026-05-31,g051,b0226,echec,7
2026-05-31,g051,b0245,reussite,13
2026-06-01,g003,b0241,reussite,1
2026-06-01,g003,b0224,echec,9
2026-06-01,g003,b0248,echec,15
2026-06-01,g003,b0210,reussite,1
2026-06-01,g003,b0161,reussite,1
2026-06-01,g003,b0143,reussite,1
2026-06-01,g003,b0104,echec,12
2026-06-01,g003,b0163,reussite,1
2026-06-01,g003,b0207,echec,17
2026-06-01,g003,b0229,echec,7
2026-06-01,g003,b0127,echec,15
2026-06-01,g003,b0198,echec,16
2026-06-01,g003,b0190,reussite,1
2026-06-01,g003,b0180,reussite,1
2026-06-01,g006,b0122,reussite,1
2026-06-01,g006,b0212,reussite,1
2026-06-01,g006,b0103,reussite,1
2026-06-01,g006,b0175,echec,7
2026-06-01,g006,b0104,echec,16
2026-06-01,g006,b0165,echec,16
2026-06-01,g006,b0245,echec,18
2026-06-01,g006,b0197,echec,11
2026-06-01,g006,b0136,reussite,14
2026-06-01,g008,b0165,reussite,1
2026-06-01,g008,b0185,reussite,1
2026-06-01,g008,b0215,reussite,7
2026-06-01,g008,b0195,echec,15
2026-06-01,g008,b0104,echec,12
2026-06-01,g008,b0246,echec,6
2026-06-01,g008,b0155,echec,2
2026-06-01,g008,b0184,reussite,1
2026-06-01,g008,b0162,echec,2
2026-06-01,g008,b0113,reussite,1
2026-06-01,g008,b0238,echec,18
2026-06-01,g008,b0125,reussite,11
2026-06-01,g010,b0233,reussite,1
2026-06-01,g010,b0156,echec,15
2026-06-01,g010,b0224,echec,10
2026-06-01,g010,b0235,echec,2
2026-06-01,g010,b0236,reussite,7
2026-06-01,g010,b0172,reussite,1
2026-06-01,g010,b0204,reussite,9
2026-06-01,g010,b0196,echec,16
2026-06-01,g010,b0157,echec,6
2026-06-01,g014,b0144,reussite,1
2026-06-01,g014,b0147,echec,8
2026-06-01,g014,b0232,reussite,1
2026-06-01,g014,b0137,echec,16
2026-06-01,g014,b0177,echec,7
2026-06-01,g014,b0227,echec,18
2026-06-01,g014,b0209,reussite,1
2026-06-01,g014,b0247,echec,7
2026-06-01,g014,b0187,echec,15
2026-06-01,g014,b0154,echec,10
2026-06-01,g014,b0195,echec,13
2026-06-01,g028,b0243,reussite,1
2026-06-01,g028,b0200,reussite,1
2026-06-01,g028,b0132,reussite,1
2026-06-01,g028,b0214,echec,16
2026-06-01,g028,b0174,echec,11
2026-06-01,g028,b0175,reussite,5
2026-06-01,g028,b0157,echec,14
2026-06-01,g028,b0215,echec,9
2026-06-01,g028,b0175,reussite,1
2026-06-01,g028,b0159,reussite,1
2026-06-01,g028,b0156,echec,17
2026-06-01,g028,b0198,echec,18
2026-06-01,g028,b0144,echec,12
2026-06-01,g028,b0189,reussite,1
2026-06-01,g028,b0204,echec,15
2026-06-01,g028,b0178,echec,8
2026-06-01,g028,b0180,reussite,1
2026-06-01,g028,b0206,echec,9
2026-06-01,g031,b0164,reussite,1
2026-06-01,g031,b0244,reussite,1
2026-06-01,g031,b0181,echec,1
2026-06-01,g031,b0223,reussite,1
2026-06-01,g031,b0246,echec,10
2026-06-01,g031,b0240,echec,15
2026-06-01,g031,b0103,reussite,1
2026-06-01,g031,b0227,echec,16
2026-06-01,g034,b0153,reussite,2
2026-06-01,g034,b0176,echec,16
2026-06-01,g034,b0245,echec,17
2026-06-01,g034,b0236,echec,10
2026-06-01,g034,b0217,echec,10
2026-06-01,g034,b0128,echec,11
2026-06-01,g034,b0168,echec,16
2026-06-01,g034,b0174,reussite,5
2026-06-01,g040,b0165,reussite,1
2026-06-01,g040,b0206,echec,10
2026-06-01,g040,b0213,reussite,1
2026-06-01,g040,b0155,echec,7
2026-06-01,g040,b0181,reussite,1
2026-06-01,g040,b0214,echec,16
2026-06-01,g040,b0203,echec,15
2026-06-01,g040,b0235,echec,15
2026-06-01,g040,b0113,echec,5
2026-06-01,g040,b0162,echec,7
2026-06-01,g040,b0224,echec,17
2026-06-01,g040,b0220,reussite,1
2026-06-01,g040,b0136,reussite,1
2026-06-01,g040,b0144,echec,12
2026-06-01,g040,b0128,echec,18
2026-06-01,g040,b0193,reussite,1
2026-06-01,g040,b0222,reussite,1
2026-06-01,g040,b0205,echec,7
2026-06-01,g040,b0206,echec,10
2026-06-01,g040,b0226,echec,14
2026-06-01,g040,b0152,reussite,1
2026-06-01,g044,b0194,reussite,1
2026-06-01,g044,b0197,echec,9
2026-06-01,g044,b0184,echec,2
2026-06-01,g044,b0165,echec,15
2026-06-01,g044,b0245,echec,12
2026-06-01,g044,b0242,echec,2
2026-06-01,g044,b0175,echec,10
2026-06-01,g044,b0173,reussite,1
2026-06-02,g004,b0205,echec,12
2026-06-02,g004,b0248,echec,16
2026-06-02,g004,b0203,echec,9
2026-06-02,g004,b0125,echec,6
2026-06-02,g004,b0177,echec,16
2026-06-02,g004,b0165,echec,8
2026-06-02,g004,b0147,echec,7
2026-06-02,g004,b0196,echec,9
2026-06-02,g007,b0206,echec,10
2026-06-02,g007,b0184,reussite,1
2026-06-02,g007,b0175,reussite,6
2026-06-02,g007,b0144,echec,11
2026-06-02,g007,b0113,echec,12
2026-06-02,g007,b0143,reussite,1
2026-06-02,g007,b0174,reussite,9
2026-06-02,g007,b0165,echec,17
2026-06-02,g009,b0117,echec,8
2026-06-02,g009,b0220,reussite,1
2026-06-02,g009,b0125,reussite,8
2026-06-02,g009,b0103,reussite,1
2026-06-02,g009,b0147,echec,9
2026-06-02,g009,b0216,reussite,9
2026-06-02,g009,b0238,echec,7
2026-06-02,g009,b0208,echec,17
2026-06-02,g009,b0218,echec,17
2026-06-02,g009,b0118,echec,15
2026-06-02,g009,b0137,echec,11
2026-06-02,g009,b0229,echec,15
2026-06-02,g009,b0211,reussite,1
2026-06-02,g009,b0132,reussite,1
2026-06-02,g009,b0193,reussite,1
2026-06-02,g009,b0198,echec,12
2026-06-02,g009,b0240,echec,12
2026-06-02,g010,b0207,echec,11
2026-06-02,g010,b0156,echec,8
2026-06-02,g010,b0216,echec,15
2026-06-02,g010,b0238,echec,12
2026-06-02,g010,b0116,echec,14
2026-06-02,g010,b0223,reussite,1
2026-06-02,g010,b0147,echec,15
2026-06-02,g010,b0247,echec,9
2026-06-02,g010,b0210,reussite,1
2026-06-02,g010,b0167,echec,14
2026-06-02,g028,b0104,echec,17
2026-06-02,g028,b0174,reussite,13
2026-06-02,g028,b0165,echec,13
2026-06-02,g028,b0168,echec,18
2026-06-02,g028,b0116,echec,15
2026-06-02,g028,b0214,echec,8
2026-06-02,g028,b0226,echec,17
2026-06-02,g028,b0197,echec,9
2026-06-02,g028,b0177,echec,13
2026-06-02,g028,b0151,reussite,1
2026-06-02,g042,b0237,echec,15
2026-06-02,g042,b0170,reussite,1
2026-06-02,g042,b0240,echec,8
2026-06-02,g042,b0222,reussite,1
2026-06-02,g042,b0228,echec,12
2026-06-02,g042,b0209,reussite,1
2026-06-02,g050,b0184,reussite,1
2026-06-02,g050,b0196,echec,17
2026-06-02,g050,b0207,echec,10
2026-06-02,g050,b0176,echec,12
2026-06-02,g050,b0139,reussite,1
2026-06-02,g050,b0116,echec,16
2026-06-02,g050,b0229,echec,10
2026-06-02,g050,b0144,echec,17
2026-06-02,g050,b0180,reussite,1
2026-06-02,g052,b0214,reussite,1
2026-06-02,g052,b0174,echec,11
2026-06-02,g052,b0201,reussite,1
2026-06-02,g052,b0197,echec,12
2026-06-02,g052,b0203,echec,11
2026-06-02,g052,b0136,echec,7
2026-06-02,g052,b0165,echec,10
2026-06-02,g052,b0216,echec,15
2026-06-02,g052,b0208,echec,17
2026-06-02,g052,b0173,reussite,1
2026-06-02,g052,b0236,reussite,7
2026-06-02,g052,b0125,echec,8
2026-06-02,g052,b0121,reussite,1
2026-06-02,g052,b0104,echec,17
2026-06-02,g052,b0183,reussite,2
2026-06-02,g052,b0245,echec,6
2026-06-02,g052,b0155,echec,5
2026-06-02,g052,b0210,reussite,2
2026-06-02,g052,b0244,echec,5
2026-06-03,g001,b0236,echec,14
2026-06-03,g001,b0234,echec,6
2026-06-03,g001,b0242,reussite,2
2026-06-03,g001,b0235,echec,9
2026-06-03,g001,b0244,echec,12
2026-06-03,g001,b0245,echec,7
2026-06-03,g001,b0177,echec,7
2026-06-03,g001,b0220,reussite,1
2026-06-03,g001,b0125,echec,12
2026-06-03,g001,b0210,reussite,1
2026-06-03,g001,b0121,reussite,1
2026-06-03,g001,b0234,echec,6
2026-06-03,g001,b0224,echec,12
2026-06-03,g001,b0147,echec,15
2026-06-03,g001,b0242,reussite,1
2026-06-03,g001,b0235,echec,15
2026-06-03,g001,b0212,reussite,1
2026-06-03,g001,b0172,reussite,1
2026-06-03,g001,b0184,reussite,1
2026-06-03,g001,b0233,echec,2
2026-06-03,g004,b0213,reussite,1
2026-06-03,g004,b0223,reussite,1
2026-06-03,g004,b0154,echec,8
2026-06-03,g004,b0230,echec,14
2026-06-03,g004,b0192,reussite,1
2026-06-03,g004,b0137,echec,11
2026-06-03,g004,b0167,echec,6
2026-06-03,g004,b0132,reussite,1
2026-06-03,g004,b0239,reussite,1
2026-06-03,g004,b0177,echec,12
2026-06-03,g004,b0160,reussite,1
2026-06-03,g025,b0216,reussite,1
2026-06-03,g025,b0224,reussite,7
2026-06-03,g025,b0195,reussite,13
2026-06-03,g025,b0237,echec,8
2026-06-03,g025,b0176,echec,6
2026-06-03,g025,b0246,echec,11
2026-06-03,g026,b0153,reussite,1
2026-06-03,g026,b0213,reussite,1
2026-06-03,g026,b0157,echec,6
2026-06-03,g026,b0246,echec,13
2026-06-03,g026,b0137,echec,12
2026-06-03,g026,b0212,reussite,1
2026-06-03,g026,b0229,echec,15
2026-06-03,g026,b0177,echec,12
2026-06-03,g030,b0173,reussite,1
2026-06-03,g030,b0222,reussite,1
2026-06-03,g030,b0175,reussite,16
2026-06-03,g030,b0194,echec,11
2026-06-03,g030,b0157,echec,10
2026-06-03,g030,b0136,echec,11
2026-06-03,g030,b0232,reussite,1
2026-06-03,g030,b0205,echec,10
2026-06-03,g030,b0184,reussite,1
2026-06-03,g030,b0234,reussite,1
2026-06-03,g030,b0245,echec,11
2026-06-03,g030,b0197,echec,9
2026-06-03,g030,b0104,echec,11
2026-06-03,g030,b0225,echec,8
2026-06-03,g030,b0211,reussite,1
2026-06-03,g030,b0204,echec,6
2026-06-03,g030,b0209,reussite,1
2026-06-03,g030,b0165,echec,7
2026-06-03,g030,b0226,echec,7
2026-06-03,g030,b0125,echec,12
2026-06-03,g031,b0152,reussite,1
2026-06-03,g031,b0195,echec,9
2026-06-03,g031,b0151,reussite,1
2026-06-03,g031,b0182,reussite,1
2026-06-03,g031,b0167,echec,11
2026-06-03,g031,b0239,reussite,1
2026-06-03,g033,b0204,reussite,1
2026-06-03,g033,b0205,reussite,1
2026-06-03,g033,b0246,reussite,6
2026-06-03,g033,b0125,reussite,2
2026-06-03,g033,b0177,reussite,9
2026-06-03,g033,b0156,echec,14
2026-06-03,g033,b0154,reussite,8
2026-06-03,g033,b0248,echec,16
2026-06-03,g033,b0127,echec,14
2026-06-03,g033,b0104,reussite,2
2026-06-03,g033,b0117,echec,9
2026-06-03,g034,b0136,reussite,1
2026-06-03,g034,b0136,reussite,1
2026-06-03,g034,b0204,echec,12
2026-06-03,g034,b0181,reussite,1
2026-06-03,g034,b0203,reussite,7
2026-06-03,g034,b0213,reussite,1
2026-06-03,g034,b0205,echec,18
2026-06-03,g034,b0144,echec,12
2026-06-03,g034,b0177,echec,12
2026-06-03,g035,b0222,reussite,1
2026-06-03,g035,b0144,echec,17
2026-06-03,g035,b0168,echec,7
2026-06-03,g035,b0231,reussite,1
2026-06-03,g035,b0125,echec,15
2026-06-03,g035,b0113,echec,11
2026-06-03,g035,b0104,echec,9
2026-06-03,g035,b0227,echec,17
2026-06-03,g035,b0215,echec,15
2026-06-03,g035,b0185,echec,11
2026-06-03,g035,b0175,echec,11
2026-06-03,g036,b0203,reussite,2
2026-06-03,g036,b0176,reussite,13
2026-06-03,g036,b0208,echec,13
2026-06-03,g036,b0207,echec,14
2026-06-03,g036,b0224,reussite,1
2026-06-03,g036,b0195,reussite,9
2026-06-03,g036,b0205,reussite,9
2026-06-03,g036,b0238,echec,7
2026-06-03,g036,b0214,reussite,1
2026-06-03,g044,b0196,echec,8
2026-06-03,g044,b0195,echec,12
2026-06-03,g044,b0178,echec,16
2026-06-03,g044,b0147,echec,15
2026-06-03,g044,b0219,reussite,1
2026-06-03,g044,b0154,echec,11
2026-06-03,g044,b0207,echec,12
2026-06-03,g045,b0216,echec,12
2026-06-03,g045,b0175,reussite,3
2026-06-03,g045,b0234,reussite,2
2026-06-03,g045,b0104,echec,8
2026-06-03,g045,b0125,reussite,8
2026-06-03,g045,b0166,reussite,1
2026-06-03,g045,b0248,echec,14
2026-06-03,g048,b0172,reussite,1
2026-06-03,g048,b0136,echec,7
2026-06-03,g048,b0220,reussite,1
2026-06-03,g048,b0125,echec,10
2026-06-03,g048,b0204,echec,8
2026-06-03,g048,b0223,reussite,2
2026-06-03,g048,b0241,reussite,1
2026-06-03,g048,b0161,echec,1
2026-06-03,g048,b0104,echec,16
2026-06-03,g048,b0243,reussite,1
2026-06-03,g049,b0192,reussite,1
2026-06-03,g049,b0226,echec,14
2026-06-03,g049,b0125,echec,9
2026-06-03,g049,b0152,reussite,1
2026-06-03,g049,b0104,echec,14
2026-06-03,g049,b0182,reussite,1
2026-06-03,g049,b0236,echec,13
2026-06-03,g049,b0171,reussite,1
2026-06-03,g050,b0163,reussite,1
2026-06-03,g050,b0153,echec,14
2026-06-03,g052,b0223,reussite,1
2026-06-03,g052,b0185,reussite,1
2026-06-03,g052,b0241,reussite,1
2026-06-03,g052,b0247,echec,12
2026-06-03,g052,b0168,echec,9
2026-06-03,g052,b0204,echec,12
2026-06-03,g052,b0200,reussite,1
2026-06-03,g052,b0152,reussite,1
2026-06-03,g052,b0226,echec,12
2026-06-04,g001,b0213,reussite,1
2026-06-04,g001,b0161,reussite,1
2026-06-04,g001,b0180,reussite,1
2026-06-04,g001,b0198,echec,14
2026-06-04,g001,b0219,reussite,1
2026-06-04,g001,b0191,reussite,1
2026-06-04,g001,b0189,reussite,1
2026-06-04,g001,b0221,reussite,1
2026-06-04,g003,b0176,echec,18
2026-06-04,g003,b0196,echec,15
2026-06-04,g003,b0168,echec,11
2026-06-04,g003,b0227,echec,17
2026-06-04,g003,b0117,echec,7
2026-06-04,g003,b0205,echec,7
2026-06-04,g003,b0154,echec,18
2026-06-04,g003,b0208,echec,12
2026-06-04,g003,b0246,echec,16
2026-06-04,g003,b0156,echec,9
2026-06-04,g006,b0213,reussite,1
2026-06-04,g006,b0223,reussite,1
2026-06-04,g006,b0226,echec,18
2026-06-04,g006,b0175,echec,10
2026-06-04,g006,b0125,echec,8
2026-06-04,g006,b0156,echec,8
2026-06-04,g006,b0173,reussite,1
2026-06-04,g006,b0121,reussite,1
2026-06-04,g006,b0157,echec,15
2026-06-04,g006,b0197,echec,10
2026-06-04,g006,b0232,reussite,1
2026-06-04,g008,b0244,reussite,1
2026-06-04,g008,b0156,echec,17
2026-06-04,g008,b0218,echec,9
2026-06-04,g008,b0137,echec,12
2026-06-04,g008,b0217,echec,11
2026-06-04,g008,b0230,echec,12
2026-06-04,g008,b0178,echec,10
2026-06-04,g008,b0240,echec,18
2026-06-04,g008,b0199,echec,13
2026-06-04,g009,b0183,reussite,1
2026-06-04,g009,b0156,echec,10
2026-06-04,g009,b0201,reussite,1
2026-06-04,g009,b0127,echec,15
2026-06-04,g009,b0137,echec,12
2026-06-04,g009,b0223,reussite,1
2026-06-04,g009,b0192,reussite,1
2026-06-04,g009,b0229,echec,15
2026-06-04,g009,b0217,echec,7
2026-06-04,g009,b0182,reussite,1
2026-06-04,g023,b0127,echec,7
2026-06-04,g023,b0205,echec,10
2026-06-04,g023,b0185,reussite,6
2026-06-04,g023,b0212,reussite,2
2026-06-04,g023,b0207,echec,9
2026-06-04,g023,b0184,echec,3
2026-06-04,g023,b0162,echec,11
2026-06-04,g023,b0175,echec,8
2026-06-04,g028,b0242,reussite,1
2026-06-04,g028,b0216,echec,12
2026-06-04,g028,b0121,reussite,1
2026-06-04,g028,b0202,reussite,1
2026-06-04,g028,b0174,echec,14
2026-06-04,g028,b0166,echec,8
2026-06-04,g028,b0183,reussite,2
2026-06-04,g028,b0161,reussite,1
2026-06-04,g028,b0185,echec,7
2026-06-04,g028,b0162,reussite,5
2026-06-04,g028,b0223,reussite,1
2026-06-04,g028,b0173,reussite,2
2026-06-04,g029,b0233,reussite,1
2026-06-04,g029,b0197,reussite,1
2026-06-04,g029,b0181,reussite,1
2026-06-04,g029,b0144,echec,7
2026-06-04,g029,b0103,reussite,1
2026-06-04,g029,b0104,echec,7
2026-06-04,g029,b0157,echec,9
2026-06-04,g029,b0168,echec,14
2026-06-04,g029,b0121,reussite,1
2026-06-04,g029,b0205,echec,7
2026-06-04,g029,b0147,echec,18
2026-06-04,g029,b0161,reussite,1
2026-06-04,g034,b0155,reussite,1
2026-06-04,g034,b0144,echec,11
2026-06-04,g034,b0175,reussite,6
2026-06-04,g034,b0212,reussite,1
2026-06-04,g034,b0167,echec,15
2026-06-04,g034,b0177,echec,12
2026-06-04,g034,b0246,echec,13
2026-06-04,g043,b0153,reussite,1
2026-06-04,g043,b0103,reussite,1
2026-06-04,g043,b0210,reussite,1
2026-06-04,g043,b0234,echec,7
2026-06-04,g043,b0194,echec,17
2026-06-04,g043,b0155,echec,11
2026-06-04,g043,b0125,echec,11
2026-06-04,g043,b0244,echec,15
2026-06-04,g045,b0202,reussite,2
2026-06-04,g045,b0225,echec,17
2026-06-05,g001,b0127,echec,11
2026-06-05,g001,b0230,echec,14
2026-06-05,g001,b0249,echec,12
2026-06-05,g001,b0187,echec,15
2026-06-05,g001,b0228,echec,14
2026-06-05,g001,b0250,echec,15
2026-06-05,g001,b0158,echec,8
2026-06-05,g001,b0188,echec,12
2026-06-05,g001,b0199,echec,14
2026-06-05,g001,b0179,echec,11
2026-06-05,g003,b0242,reussite,1
2026-06-05,g003,b0121,reussite,1
2026-06-05,g003,b0216,echec,14
2026-06-05,g003,b0247,echec,13
2026-06-05,g004,b0194,reussite,1
2026-06-05,g004,b0166,reussite,1
2026-06-05,g004,b0207,echec,6
2026-06-05,g004,b0175,echec,5
2026-06-05,g004,b0242,reussite,1
2026-06-05,g004,b0235,reussite,3
2026-06-05,g004,b0197,echec,5
2026-06-05,g004,b0226,echec,13
2026-06-05,g004,b0155,echec,3
2026-06-05,g004,b0212,reussite,1
2026-06-05,g004,b0168,echec,14
2026-06-05,g004,b0246,echec,15
2026-06-05,g004,b0144,echec,10
2026-06-05,g004,b0167,echec,12
2026-06-05,g004,b0154,echec,17
2026-06-05,g004,b0157,echec,17
2026-06-05,g004,b0176,echec,18
2026-06-05,g004,b0117,echec,9
2026-06-05,g004,b0213,reussite,1
2026-06-05,g004,b0238,echec,7
2026-06-05,g004,b0208,echec,17
2026-06-05,g004,b0125,reussite,9
2026-06-05,g007,b0167,echec,16
2026-06-05,g007,b0157,echec,17
2026-06-05,g007,b0196,echec,17
2026-06-05,g007,b0181,reussite,1
2026-06-05,g007,b0173,reussite,1
2026-06-05,g007,b0151,reussite,1
2026-06-05,g010,b0172,reussite,1
2026-06-05,g010,b0186,echec,16
2026-06-05,g010,b0147,echec,16
2026-06-05,g010,b0217,echec,10
2026-06-05,g010,b0214,reussite,2
2026-06-05,g010,b0197,echec,10
2026-06-05,g010,b0245,echec,12
2026-06-05,g012,b0234,reussite,1
2026-06-05,g012,b0238,echec,11
2026-06-05,g012,b0181,echec,1
2026-06-05,g012,b0196,echec,7
2026-06-05,g012,b0183,reussite,1
2026-06-05,g012,b0195,echec,6
2026-06-05,g012,b0227,echec,14
2026-06-05,g012,b0243,reussite,1
2026-06-05,g012,b0177,echec,8
2026-06-05,g012,b0244,reussite,1
2026-06-05,g012,b0198,echec,14
2026-06-05,g012,b0217,echec,15
2026-06-05,g012,b0157,echec,14
2026-06-05,g012,b0171,reussite,1
2026-06-05,g012,b0247,echec,10
2026-06-05,g012,b0127,echec,8
2026-06-05,g012,b0232,reussite,1
2026-06-05,g012,b0222,reussite,1
2026-06-05,g012,b0177,echec,9
2026-06-05,g020,b0195,echec,6
2026-06-05,g020,b0204,echec,10
2026-06-05,g020,b0214,reussite,3
2026-06-05,g020,b0248,echec,13
2026-06-05,g020,b0203,echec,9
2026-06-05,g020,b0244,echec,4
2026-06-05,g020,b0125,reussite,9
2026-06-05,g020,b0226,echec,6
2026-06-05,g022,b0236,reussite,1
2026-06-05,g022,b0234,reussite,1
2026-06-05,g022,b0207,echec,14
2026-06-05,g022,b0245,echec,10
2026-06-05,g022,b0204,echec,16
2026-06-05,g022,b0206,echec,16
2026-06-05,g022,b0195,echec,8
2026-06-05,g022,b0165,reussite,6
2026-06-05,g022,b0226,echec,9
2026-06-05,g022,b0161,reussite,1
2026-06-05,g022,b0202,reussite,1
2026-06-05,g022,b0225,echec,11
2026-06-05,g022,b0248,echec,13
2026-06-05,g022,b0204,echec,12
2026-06-05,g022,b0227,echec,17
2026-06-05,g022,b0246,echec,15
2026-06-05,g022,b0224,echec,10
2026-06-05,g022,b0210,reussite,1
2026-06-05,g022,b0121,reussite,1
2026-06-05,g022,b0245,reussite,6
2026-06-05,g031,b0232,reussite,1
2026-06-05,g031,b0192,reussite,1
2026-06-05,g031,b0141,reussite,1
2026-06-05,g031,b0222,reussite,1
2026-06-05,g031,b0186,echec,13
2026-06-05,g031,b0207,echec,9
2026-06-05,g031,b0180,reussite,1
2026-06-05,g031,b0248,echec,13
2026-06-05,g031,b0170,reussite,1
2026-06-05,g031,b0184,reussite,1
2026-06-05,g031,b0223,reussite,1
2026-06-05,g031,b0176,echec,7
2026-06-05,g031,b0209,reussite,1
2026-06-05,g031,b0160,reussite,1
2026-06-05,g031,b0238,echec,13
2026-06-05,g031,b0169,reussite,1
2026-06-05,g031,b0189,reussite,1
2026-06-05,g035,b0183,reussite,1
2026-06-05,g035,b0151,echec,1
2026-06-05,g035,b0161,echec,2
2026-06-05,g035,b0121,reussite,2
2026-06-05,g035,b0192,reussite,2
2026-06-05,g035,b0173,reussite,3
2026-06-05,g035,b0182,reussite,2
2026-06-05,g035,b0184,echec,17
2026-06-05,g037,b0235,reussite,1
2026-06-05,g037,b0125,echec,5
2026-06-05,g037,b0197,echec,3
2026-06-05,g037,b0216,echec,9
2026-06-05,g037,b0236,reussite,3
2026-06-05,g037,b0156,echec,7
2026-06-05,g037,b0226,reussite,5
2026-06-05,g039,b0247,echec,17
2026-06-05,g039,b0168,echec,11
2026-06-05,g039,b0226,reussite,6
2026-06-05,g039,b0206,echec,11
2026-06-05,g039,b0245,echec,12
2026-06-05,g039,b0225,echec,8
2026-06-05,g039,b0125,echec,7
2026-06-05,g039,b0157,echec,16
2026-06-05,g039,b0196,echec,10
2026-06-05,g039,b0164,reussite,2
2026-06-05,g042,b0168,reussite,1
2026-06-05,g042,b0125,reussite,6
2026-06-05,g042,b0147,echec,11
2026-06-05,g042,b0214,reussite,4
2026-06-05,g042,b0216,echec,14
2026-06-05,g042,b0226,reussite,8
2026-06-05,g042,b0206,echec,14
2026-06-05,g042,b0175,reussite,1
2026-06-05,g042,b0248,echec,8
2026-06-05,g042,b0203,reussite,12
2026-06-05,g042,b0208,echec,9
2026-06-05,g042,b0238,echec,10
2026-06-05,g042,b0179,echec,8
2026-06-05,g042,b0127,echec,9
2026-06-05,g042,b0218,echec,17
2026-06-05,g042,b0217,echec,10
2026-06-05,g042,b0249,echec,17
2026-06-05,g042,b0199,echec,15
2026-06-05,g042,b0182,reussite,1
2026-06-05,g042,b0192,reussite,1
2026-06-05,g044,b0144,echec,9
2026-06-05,g044,b0170,reussite,1
2026-06-05,g044,b0247,echec,6
2026-06-05,g044,b0168,echec,16
2026-06-05,g044,b0141,reussite,1
2026-06-05,g044,b0169,reussite,1
2026-06-05,g044,b0189,reussite,1
2026-06-05,g044,b0210,reussite,1
2026-06-05,g044,b0193,reussite,1
2026-06-05,g044,b0191,reussite,1
2026-06-05,g044,b0147,echec,11
2026-06-05,g044,b0217,echec,6
2026-06-05,g044,b0240,echec,9
2026-06-05,g044,b0230,echec,12
2026-06-05,g044,b0221,reussite,1
2026-06-05,g044,b0231,reussite,1
2026-06-05,g044,b0127,echec,10
2026-06-05,g046,b0217,echec,9
2026-06-05,g046,b0186,echec,17
2026-06-05,g046,b0167,echec,12
2026-06-05,g046,b0229,echec,15
2026-06-05,g046,b0247,echec,16
2026-06-05,g046,b0216,echec,13
2026-06-05,g046,b0225,echec,12
2026-06-05,g046,b0218,echec,7
2026-06-05,g046,b0215,echec,17
2026-06-05,g046,b0178,echec,17
2026-06-05,g050,b0182,reussite,1
2026-06-05,g050,b0177,echec,14
2026-06-05,g050,b0125,reussite,17
2026-06-05,g050,b0151,reussite,1
2026-06-05,g050,b0244,echec,16
2026-06-05,g050,b0104,echec,6
2026-06-06,g002,b0175,echec,11
2026-06-06,g002,b0202,reussite,6
2026-06-06,g002,b0224,echec,13
2026-06-06,g002,b0235,reussite,11
2026-06-06,g002,b0207,echec,16
2026-06-06,g002,b0242,reussite,2
2026-06-06,g002,b0185,echec,6
2026-06-06,g002,b0233,echec,3
2026-06-06,g002,b0164,reussite,2
2026-06-06,g002,b0194,reussite,10
2026-06-06,g002,b0184,reussite,1
2026-06-06,g002,b0211,reussite,1
2026-06-06,g002,b0144,echec,15
2026-06-06,g002,b0117,echec,14
2026-06-06,g002,b0141,reussite,1
2026-06-06,g002,b0147,echec,11
2026-06-06,g002,b0182,reussite,1
2026-06-06,g002,b0227,echec,12
2026-06-06,g002,b0156,echec,10
2026-06-06,g003,b0147,echec,10
2026-06-06,g003,b0184,reussite,2
2026-06-06,g003,b0175,echec,10
2026-06-06,g003,b0153,echec,5
2026-06-06,g003,b0173,reussite,1
2026-06-06,g003,b0242,reussite,2
2026-06-06,g003,b0235,echec,10
2026-06-06,g003,b0162,echec,12
2026-06-06,g003,b0202,reussite,5
2026-06-06,g003,b0166,reussite,5
2026-06-06,g004,b0141,reussite,1
2026-06-06,g004,b0201,reussite,1
2026-06-06,g004,b0147,echec,13
2026-06-06,g004,b0247,echec,11
2026-06-06,g004,b0117,echec,7
2026-06-06,g004,b0199,echec,9
2026-06-06,g004,b0209,reussite,1
2026-06-06,g004,b0211,reussite,1
2026-06-06,g009,b0104,reussite,1
2026-06-06,g009,b0144,reussite,1
2026-06-06,g009,b0218,echec,17
2026-06-06,g009,b0208,echec,7
2026-06-06,g009,b0117,echec,15
2026-06-06,g009,b0217,echec,9
2026-06-06,g009,b0161,reussite,1
2026-06-06,g009,b0178,echec,8
2026-06-06,g009,b0173,reussite,1
2026-06-06,g009,b0186,echec,12
2026-06-06,g011,b0164,reussite,1
2026-06-06,g011,b0172,reussite,1
2026-06-06,g011,b0195,echec,16
2026-06-06,g011,b0144,echec,12
2026-06-06,g011,b0157,echec,8
2026-06-06,g011,b0242,reussite,1
2026-06-06,g011,b0227,echec,12
2026-06-06,g011,b0196,echec,9
2026-06-06,g018,b0104,reussite,3
2026-06-06,g018,b0196,echec,16
2026-06-06,g018,b0202,reussite,1
2026-06-06,g018,b0236,echec,3
2026-06-06,g018,b0125,reussite,4
2026-06-06,g018,b0197,echec,3
2026-06-06,g018,b0177,echec,8
2026-06-06,g018,b0214,reussite,1
2026-06-06,g024,b0172,reussite,1
2026-06-06,g024,b0242,reussite,1
2026-06-06,g024,b0234,echec,9
2026-06-06,g024,b0212,echec,6
2026-06-06,g024,b0184,echec,7
2026-06-06,g024,b0223,echec,2
2026-06-06,g027,b0213,reussite,4
2026-06-06,g027,b0234,echec,9
2026-06-06,g027,b0181,echec,8
2026-06-06,g027,b0201,echec,2
2026-06-06,g027,b0233,reussite,13
2026-06-06,g027,b0215,echec,6
2026-06-06,g027,b0223,reussite,8
2026-06-06,g027,b0193,reussite,1
2026-06-06,g027,b0236,echec,13
2026-06-06,g027,b0209,reussite,1
2026-06-06,g027,b0244,echec,13
2026-06-06,g027,b0226,echec,7
2026-06-06,g027,b0125,echec,14
2026-06-06,g027,b0235,echec,10
2026-06-06,g027,b0190,echec,1
2026-06-06,g027,b0175,echec,13
2026-06-06,g027,b0245,echec,9
2026-06-06,g027,b0180,reussite,1
2026-06-06,g034,b0236,echec,6
2026-06-06,g034,b0226,reussite,16
2026-06-06,g034,b0153,echec,3
2026-06-06,g034,b0194,reussite,4
2026-06-06,g034,b0155,reussite,6
2026-06-06,g034,b0176,echec,13
2026-06-06,g034,b0165,reussite,6
2026-06-06,g047,b0125,reussite,1
2026-06-06,g047,b0214,reussite,10
2026-06-06,g047,b0165,echec,15
2026-06-06,g047,b0157,echec,7
2026-06-06,g047,b0167,echec,12
2026-06-06,g047,b0176,echec,7
2026-06-06,g047,b0186,echec,9
2026-06-06,g047,b0166,reussite,1
2026-06-06,g047,b0214,reussite,1
2026-06-06,g047,b0184,reussite,2
2026-06-06,g047,b0202,reussite,2
2026-06-06,g047,b0236,echec,7
2026-06-06,g047,b0174,echec,7
2026-06-06,g047,b0157,echec,8
2026-06-06,g047,b0224,echec,15
2026-06-06,g050,b0244,echec,8
2026-06-06,g050,b0174,echec,12
2026-06-06,g050,b0235,echec,12
2026-06-06,g050,b0241,reussite,1
2026-06-06,g050,b0234,reussite,10
2026-06-06,g050,b0155,echec,10
2026-06-06,g050,b0165,echec,6
2026-06-06,g050,b0185,echec,9
2026-06-06,g050,b0121,reussite,1
2026-06-06,g050,b0214,echec,15
2026-06-06,g052,b0181,reussite,1
2026-06-06,g052,b0175,echec,8
2026-06-06,g052,b0104,echec,12
2026-06-06,g052,b0206,echec,16
2026-06-06,g052,b0144,echec,16
2026-06-06,g052,b0203,echec,16
2026-06-06,g052,b0204,echec,7
2026-06-06,g052,b0125,echec,10
2026-06-06,g052,b0157,echec,9
2026-06-06,g052,b0245,echec,6
2026-06-06,g052,b0226,echec,14
2026-06-06,g052,b0162,reussite,1
2026-06-06,g052,b0151,reussite,1
2026-06-06,g052,b0245,echec,15
2026-06-06,g052,b0222,reussite,1
2026-06-06,g052,b0171,reussite,1
2026-06-06,g052,b0196,echec,14
2026-06-06,g052,b0206,echec,12
2026-06-06,g052,b0141,reussite,1
2026-06-06,g052,b0226,echec,10
2026-06-06,g052,b0232,reussite,1
2026-06-06,g055,b0184,reussite,1
2026-06-06,g055,b0185,reussite,1
2026-06-06,g055,b0172,reussite,1
2026-06-06,g055,b0238,echec,7
2026-06-06,g055,b0161,reussite,1
2026-06-06,g055,b0183,reussite,1
2026-06-06,g055,b0177,echec,7
2026-06-06,g055,b0181,reussite,1
2026-06-06,g055,b0154,echec,10
2026-06-07,g006,b0165,echec,12
2026-06-07,g006,b0185,reussite,5
2026-06-07,g006,b0155,echec,7
2026-06-07,g006,b0234,reussite,5
2026-06-07,g009,b0236,reussite,5
2026-06-07,g009,b0176,echec,16
2026-06-07,g009,b0234,echec,3
2026-06-07,g009,b0226,echec,11
2026-06-07,g009,b0205,echec,17
2026-06-07,g009,b0197,reussite,6
2026-06-07,g009,b0195,echec,10
2026-06-07,g009,b0185,echec,3
2026-06-07,g009,b0224,echec,6
2026-06-07,g012,b0242,reussite,1
2026-06-07,g012,b0152,reussite,1
2026-06-07,g012,b0186,echec,12
2026-06-07,g012,b0156,echec,7
2026-06-07,g012,b0121,reussite,1
2026-06-07,g012,b0206,echec,8
2026-06-07,g012,b0181,reussite,1
2026-06-07,g012,b0215,echec,12
2026-06-07,g012,b0224,echec,10
2026-06-07,g012,b0182,reussite,1
2026-06-07,g014,b0185,reussite,1
2026-06-07,g014,b0242,reussite,1
2026-06-07,g014,b0177,echec,11
2026-06-07,g014,b0245,echec,10
2026-06-07,g014,b0236,echec,14
2026-06-07,g014,b0235,echec,10
2026-06-07,g014,b0205,echec,9
2026-06-07,g014,b0214,reussite,8
2026-06-07,g014,b0234,reussite,3
2026-06-07,g014,b0164,reussite,1
2026-06-07,g022,b0160,reussite,1
2026-06-07,g022,b0177,echec,17
2026-06-07,g022,b0127,echec,7
2026-06-07,g022,b0168,echec,9
2026-06-07,g022,b0216,echec,15
2026-06-07,g022,b0230,echec,17
2026-06-07,g026,b0183,reussite,1
2026-06-07,g026,b0200,reussite,1
2026-06-07,g026,b0147,echec,7
2026-06-07,g026,b0246,echec,17
2026-06-07,g026,b0248,echec,12
2026-06-07,g026,b0176,echec,10
2026-06-07,g026,b0154,echec,8
2026-06-07,g026,b0243,reussite,1
2026-06-07,g026,b0171,reussite,1
2026-06-07,g027,b0152,reussite,1
2026-06-07,g027,b0224,echec,6
2026-06-07,g027,b0203,echec,16
2026-06-07,g027,b0155,echec,8
2026-06-07,g027,b0235,echec,8
2026-06-07,g027,b0175,echec,14
2026-06-07,g027,b0141,echec,1
2026-06-07,g027,b0174,echec,9
2026-06-07,g027,b0209,echec,1
2026-06-07,g027,b0244,echec,12
2026-06-07,g027,b0194,echec,17
2026-06-07,g048,b0103,reussite,1
2026-06-07,g048,b0213,reussite,2
2026-06-07,g048,b0235,reussite,14
2026-06-07,g048,b0197,echec,10
2026-06-07,g048,b0165,echec,10
2026-06-07,g048,b0194,reussite,12
2026-06-07,g048,b0236,echec,6
2026-06-07,g048,b0175,echec,13
2026-06-07,g048,b0174,reussite,12
2026-06-07,g049,b0103,reussite,1
2026-06-07,g049,b0244,reussite,9
2026-06-07,g049,b0164,echec,5
2026-06-07,g049,b0212,echec,4
2026-06-07,g049,b0220,reussite,1
2026-06-07,g049,b0197,echec,10
2026-06-07,g050,b0212,reussite,1
2026-06-07,g050,b0183,reussite,2
2026-06-07,g050,b0247,echec,8
2026-06-07,g050,b0210,reussite,2
2026-06-07,g050,b0173,reussite,2
2026-06-07,g050,b0185,echec,9
2026-06-07,g050,b0220,reussite,2
2026-06-07,g050,b0121,reussite,1
2026-06-07,g050,b0242,reussite,1
2026-06-07,g050,b0215,echec,6
2026-06-07,g050,b0165,echec,15
2026-06-07,g050,b0247,echec,10
2026-06-07,g050,b0235,echec,9
2026-06-07,g050,b0174,echec,13
2026-06-07,g050,b0214,echec,14
2026-06-07,g050,b0220,reussite,1
2026-06-07,g050,b0141,reussite,1
2026-06-07,g050,b0204,echec,10
2026-06-07,g050,b0170,reussite,1
2026-06-07,g050,b0216,echec,13
2026-06-07,g050,b0167,echec,15
2026-06-07,g050,b0160,reussite,1
2026-06-07,g050,b0203,echec,8
2026-06-07,g050,b0225,echec,17
2026-06-07,g050,b0168,echec,9
2026-06-07,g050,b0226,echec,9
2026-06-07,g053,b0210,reussite,1
2026-06-07,g053,b0174,reussite,8
2026-06-07,g053,b0214,echec,7
2026-06-07,g053,b0162,echec,12
2026-06-07,g053,b0236,echec,15
2026-06-07,g053,b0242,reussite,2
2026-06-07,g053,b0212,reussite,3
2026-06-08,g001,b0173,reussite,1
2026-06-08,g001,b0184,reussite,4
2026-06-08,g001,b0205,echec,16
2026-06-08,g001,b0154,echec,13
2026-06-08,g001,b0212,reussite,1
2026-06-08,g001,b0213,reussite,1
2026-06-08,g002,b0247,echec,11
2026-06-08,g002,b0196,echec,7
2026-06-08,g002,b0225,echec,15
2026-06-08,g002,b0151,reussite,1
2026-06-08,g002,b0177,echec,14
2026-06-08,g002,b0195,echec,10
2026-06-08,g002,b0246,echec,8
2026-06-08,g002,b0103,reussite,1
2026-06-08,g002,b0164,reussite,1
2026-06-08,g002,b0176,echec,16
2026-06-08,g002,b0160,reussite,1
2026-06-08,g002,b0205,echec,15
2026-06-08,g002,b0247,echec,11
2026-06-08,g002,b0211,reussite,1
2026-06-08,g002,b0178,echec,15
2026-06-08,g002,b0177,echec,13
2026-06-08,g002,b0208,echec,10
2026-06-08,g002,b0152,reussite,1
2026-06-08,g003,b0184,reussite,1
2026-06-08,g003,b0218,echec,11
2026-06-08,g003,b0177,echec,7
2026-06-08,g003,b0164,reussite,2
2026-06-08,g003,b0244,echec,13
2026-06-08,g003,b0234,echec,8
2026-06-08,g003,b0212,reussite,1
2026-06-08,g003,b0236,echec,9
2026-06-08,g003,b0181,reussite,2
2026-06-08,g003,b0214,echec,15
2026-06-08,g004,b0209,reussite,1
2026-06-08,g004,b0246,echec,16
2026-06-08,g004,b0179,echec,10
2026-06-08,g004,b0171,reussite,1
2026-06-08,g004,b0163,reussite,1
2026-06-08,g004,b0170,reussite,1
2026-06-08,g004,b0205,echec,13
2026-06-08,g004,b0195,echec,11
2026-06-08,g004,b0169,reussite,1
2026-06-08,g004,b0249,echec,16
2026-06-08,g004,b0180,reussite,1
2026-06-08,g005,b0248,reussite,1
2026-06-08,g005,b0205,echec,10
2026-06-08,g005,b0167,echec,12
2026-06-08,g005,b0175,reussite,1
2026-06-08,g005,b0198,echec,18
2026-06-08,g005,b0178,echec,11
2026-06-08,g005,b0186,echec,8
2026-06-08,g005,b0147,echec,10
2026-06-08,g005,b0177,echec,4
2026-06-08,g005,b0176,echec,11
2026-06-08,g005,b0208,echec,7
2026-06-08,g007,b0164,reussite,1
2026-06-08,g007,b0165,echec,15
2026-06-08,g007,b0203,echec,17
2026-06-08,g007,b0156,echec,15
2026-06-08,g007,b0202,echec,3
2026-06-08,g007,b0214,reussite,6
2026-06-08,g007,b0162,reussite,6
2026-06-08,g007,b0233,reussite,3
2026-06-08,g007,b0238,echec,12
2026-06-08,g007,b0220,reussite,1
2026-06-08,g007,b0172,reussite,1
2026-06-08,g007,b0217,echec,17
2026-06-08,g007,b0245,echec,17
2026-06-08,g007,b0223,reussite,1
2026-06-08,g007,b0227,echec,12
2026-06-08,g007,b0197,echec,10
2026-06-08,g008,b0206,reussite,15
2026-06-08,g008,b0177,echec,18
2026-06-08,g008,b0167,echec,10
2026-06-08,g008,b0157,echec,15
2026-06-08,g008,b0154,echec,13
2026-06-08,g008,b0203,echec,13
2026-06-08,g008,b0247,echec,14
2026-06-08,g010,b0244,reussite,4
2026-06-08,g010,b0206,echec,7
2026-06-08,g010,b0157,echec,14
2026-06-08,g010,b0202,reussite,2
2026-06-08,g010,b0184,reussite,1
2026-06-08,g010,b0154,echec,18
2026-06-08,g010,b0168,echec,8
2026-06-08,g010,b0227,echec,12
2026-06-08,g010,b0215,echec,6
2026-06-08,g012,b0202,reussite,1
2026-06-08,g012,b0157,echec,12
2026-06-08,g012,b0172,reussite,1
2026-06-08,g012,b0103,reussite,1
2026-06-08,g012,b0224,echec,15
2026-06-08,g012,b0168,echec,13
2026-06-08,g012,b0147,echec,8
2026-06-08,g012,b0195,echec,11
2026-06-08,g012,b0206,echec,6
2026-06-08,g022,b0226,echec,12
2026-06-08,g022,b0176,echec,7
2026-06-08,g022,b0151,reussite,1
2026-06-08,g022,b0182,reussite,1
2026-06-08,g022,b0227,echec,14
2026-06-08,g022,b0216,echec,8
2026-06-08,g024,b0201,reussite,1
2026-06-08,g024,b0201,reussite,1
2026-06-08,g024,b0242,reussite,4
2026-06-08,g024,b0213,reussite,2
2026-06-08,g024,b0202,reussite,7
2026-06-08,g024,b0223,echec,3
2026-06-08,g024,b0214,reussite,14
2026-06-08,g024,b0210,reussite,2
2026-06-08,g026,b0234,reussite,2
2026-06-08,g026,b0197,reussite,3
2026-06-08,g026,b0176,echec,15
2026-06-08,g026,b0207,echec,13
2026-06-08,g026,b0178,echec,16
2026-06-08,g026,b0177,echec,13
2026-06-08,g026,b0204,echec,5
2026-06-08,g026,b0157,echec,15
2026-06-08,g026,b0196,reussite,13
2026-06-08,g026,b0247,echec,7
2026-06-08,g039,b0175,reussite,1
2026-06-08,g039,b0204,reussite,12
2026-06-08,g039,b0224,echec,9
2026-06-08,g039,b0167,echec,7
2026-06-08,g039,b0166,reussite,2
2026-06-08,g039,b0215,echec,11
2026-06-08,g039,b0227,echec,12
2026-06-08,g040,b0241,reussite,1
2026-06-08,g040,b0182,reussite,1
2026-06-08,g040,b0147,echec,18
2026-06-08,g040,b0226,echec,11
2026-06-08,g040,b0246,echec,10
2026-06-08,g040,b0248,echec,10
2026-06-08,g040,b0216,echec,12
2026-06-08,g040,b0171,reussite,1
2026-06-08,g040,b0227,echec,11
2026-06-08,g042,b0215,reussite,9
2026-06-08,g042,b0224,reussite,13
2026-06-08,g042,b0168,echec,14
2026-06-08,g042,b0227,echec,6
2026-06-08,g042,b0176,echec,17
2026-06-08,g042,b0235,echec,2
2026-06-08,g044,b0234,reussite,1
2026-06-08,g044,b0155,echec,6
2026-06-08,g044,b0236,echec,7
2026-06-08,g044,b0174,reussite,5
2026-06-08,g044,b0213,reussite,1
2026-06-08,g044,b0214,echec,16
2026-06-08,g044,b0216,reussite,16
2026-06-08,g044,b0153,echec,7
2026-06-08,g044,b0172,reussite,1
2026-06-08,g044,b0234,reussite,1
2026-06-08,g044,b0206,echec,18
2026-06-08,g044,b0214,echec,13
2026-06-08,g044,b0235,echec,15
2026-06-08,g044,b0165,echec,16
2026-06-08,g044,b0197,echec,12
2026-06-08,g044,b0162,echec,7
2026-06-08,g044,b0212,reussite,2
2026-06-08,g044,b0194,reussite,10
2026-06-08,g044,b0157,echec,11
2026-06-08,g046,b0197,echec,16
2026-06-08,g046,b0172,reussite,2
2026-06-08,g046,b0153,echec,12
2026-06-08,g046,b0242,echec,3
2026-06-08,g046,b0181,reussite,2
2026-06-08,g046,b0166,echec,11
2026-06-08,g046,b0185,echec,11
2026-06-08,g046,b0173,reussite,1
2026-06-08,g046,b0244,echec,11
2026-06-08,g046,b0194,echec,9
2026-06-08,g046,b0182,reussite,2
2026-06-08,g046,b0174,echec,8
2026-06-08,g046,b0204,echec,12
2026-06-08,g046,b0161,reussite,2
2026-06-08,g046,b0155,reussite,14
2026-06-08,g046,b0165,echec,12
2026-06-08,g048,b0234,reussite,1
2026-06-08,g048,b0210,reussite,1
2026-06-08,g048,b0226,echec,13
2026-06-08,g048,b0161,reussite,1
2026-06-08,g048,b0245,echec,9
2026-06-08,g048,b0182,reussite,1
2026-06-08,g049,b0194,echec,11
2026-06-08,g049,b0181,echec,3
2026-06-08,g049,b0245,echec,17
2026-06-08,g049,b0214,echec,10
2026-06-08,g049,b0206,echec,9
2026-06-08,g049,b0153,echec,10
2026-06-08,g049,b0208,echec,9
2026-06-08,g049,b0184,echec,7
2026-06-08,g050,b0182,reussite,1
2026-06-08,g050,b0159,reussite,1
2026-06-08,g050,b0147,echec,9
2026-06-08,g050,b0195,echec,6
2026-06-08,g050,b0154,echec,10
2026-06-08,g050,b0206,echec,11
2026-06-08,g050,b0224,echec,14
2026-06-08,g050,b0157,echec,15
2026-06-08,g050,b0189,reussite,1
2026-06-08,g050,b0169,reussite,1
2026-06-08,g050,b0191,reussite,1
2026-06-08,g054,b0202,reussite,1
2026-06-08,g054,b0174,echec,12
2026-06-08,g054,b0194,echec,9
2026-06-08,g054,b0244,echec,16
2026-06-08,g054,b0214,echec,15
2026-06-08,g054,b0236,reussite,8
2026-06-09,g005,b0248,echec,16
2026-06-09,g005,b0176,echec,12
2026-06-09,g005,b0154,echec,9
2026-06-09,g005,b0178,echec,16
2026-06-09,g005,b0206,reussite,2
2026-06-09,g005,b0179,echec,13
2026-06-09,g005,b0207,echec,15
2026-06-09,g005,b0236,reussite,2
2026-06-09,g005,b0246,reussite,13
2026-06-09,g005,b0246,reussite,1
2026-06-09,g005,b0197,reussite,1
2026-06-09,g005,b0187,echec,10
2026-06-09,g005,b0194,reussite,1
2026-06-09,g005,b0195,reussite,11
2026-06-09,g005,b0205,echec,12
2026-06-09,g005,b0157,reussite,6
2026-06-09,g005,b0154,reussite,6
2026-06-09,g008,b0224,echec,8
2026-06-09,g008,b0196,echec,15
2026-06-09,g008,b0204,echec,5
2026-06-09,g008,b0245,echec,7
2026-06-09,g008,b0236,reussite,5
2026-06-09,g008,b0248,echec,9
2026-06-09,g015,b0242,reussite,1
2026-06-09,g015,b0197,reussite,1
2026-06-09,g015,b0184,reussite,2
2026-06-09,g015,b0236,reussite,8
2026-06-09,g015,b0234,reussite,1
2026-06-09,g015,b0227,reussite,7
2026-06-09,g015,b0206,echec,7
2026-06-09,g015,b0235,reussite,2
2026-06-09,g015,b0245,reussite,7
2026-06-09,g015,b0226,echec,9
2026-06-09,g016,b0184,reussite,1
2026-06-09,g016,b0185,reussite,1
2026-06-09,g016,b0204,echec,8
2026-06-09,g016,b0194,echec,9
2026-06-09,g016,b0212,reussite,1
2026-06-09,g016,b0165,echec,15
2026-06-09,g016,b0245,echec,7
2026-06-09,g016,b0234,echec,7
2026-06-09,g016,b0213,reussite,1
2026-06-09,g016,b0223,reussite,1
2026-06-09,g016,b0175,echec,5
2026-06-09,g016,b0177,echec,12
2026-06-09,g016,b0236,reussite,16
2026-06-09,g016,b0121,reussite,1
2026-06-09,g016,b0244,echec,7
2026-06-09,g016,b0235,reussite,5
2026-06-09,g020,b0162,reussite,1
2026-06-09,g020,b0212,reussite,1
2026-06-09,g020,b0235,reussite,2
2026-06-09,g020,b0202,reussite,1
2026-06-09,g020,b0214,echec,7
2026-06-09,g020,b0217,echec,12
2026-06-09,g020,b0246,echec,17
2026-06-09,g020,b0165,reussite,3
2026-06-09,g020,b0203,echec,9
2026-06-09,g020,b0225,echec,7
2026-06-09,g026,b0165,reussite,1
2026-06-09,g026,b0204,echec,8
2026-06-09,g026,b0227,echec,9
2026-06-09,g026,b0225,echec,11
2026-06-09,g026,b0238,echec,16
2026-06-09,g026,b0216,reussite,6
2026-06-09,g026,b0208,echec,18
2026-06-09,g026,b0155,reussite,1
2026-06-09,g026,b0215,reussite,13
2026-06-09,g026,b0172,reussite,1
2026-06-09,g026,b0168,reussite,7
2026-06-09,g028,b0194,reussite,1
2026-06-09,g028,b0161,reussite,1
2026-06-09,g028,b0238,echec,17
2026-06-09,g028,b0182,reussite,1
2026-06-09,g028,b0211,reussite,1
2026-06-09,g028,b0154,echec,8
2026-06-09,g028,b0236,echec,7
2026-06-09,g028,b0165,echec,9
2026-06-09,g028,b0167,echec,17
2026-06-09,g028,b0170,reussite,1
2026-06-09,g028,b0205,echec,11
2026-06-09,g029,b0234,reussite,1
2026-06-09,g029,b0212,reussite,1
2026-06-09,g029,b0242,reussite,2
2026-06-09,g029,b0233,reussite,3
2026-06-09,g029,b0184,reussite,3
2026-06-09,g029,b0213,reussite,1
2026-06-09,g029,b0215,echec,11
2026-06-09,g029,b0197,reussite,11
2026-06-09,g029,b0156,echec,9
2026-06-09,g029,b0172,reussite,1
2026-06-09,g034,b0202,reussite,3
2026-06-09,g034,b0165,echec,11
2026-06-09,g034,b0185,reussite,5
2026-06-09,g034,b0197,reussite,6
2026-06-09,g034,b0234,reussite,6
2026-06-09,g034,b0194,echec,6
2026-06-09,g034,b0155,echec,5
2026-06-09,g034,b0226,echec,7
2026-06-09,g034,b0217,echec,14
2026-06-09,g044,b0216,echec,10
2026-06-09,g044,b0206,echec,10
2026-06-09,g044,b0214,echec,17
2026-06-09,g044,b0202,echec,4
2026-06-09,g044,b0242,echec,2
2026-06-09,g044,b0166,reussite,12
2026-06-09,g044,b0236,echec,15
2026-06-09,g044,b0172,reussite,1
2026-06-09,g044,b0194,echec,12
2026-06-09,g046,b0189,reussite,1
2026-06-09,g046,b0155,reussite,1
2026-06-09,g046,b0212,echec,2
2026-06-09,g046,b0243,reussite,1
2026-06-09,g046,b0229,echec,14
2026-06-09,g046,b0187,echec,11
2026-06-09,g046,b0156,echec,10
2026-06-09,g046,b0153,echec,10
2026-06-09,g046,b0186,echec,6
2026-06-09,g051,b0234,reussite,1
2026-06-09,g051,b0162,reussite,1
2026-06-09,g051,b0167,echec,10
2026-06-09,g051,b0230,echec,14
2026-06-09,g051,b0226,echec,12
2026-06-09,g051,b0247,echec,13
2026-06-09,g051,b0227,echec,12
2026-06-09,g051,b0177,echec,13
2026-06-09,g051,b0157,echec,18
2026-06-09,g051,b0225,echec,7
2026-06-09,g054,b0195,echec,15
2026-06-09,g054,b0206,echec,15
2026-06-09,g054,b0247,echec,14
2026-06-09,g054,b0226,echec,9
2026-06-09,g054,b0155,echec,5
2026-06-09,g054,b0185,echec,11
2026-06-09,g054,b0175,echec,12
2026-06-09,g054,b0201,reussite,1
2026-06-10,g001,b0169,reussite,1
2026-06-10,g001,b0161,reussite,1
2026-06-10,g001,b0229,echec,13
2026-06-10,g001,b0231,reussite,1
2026-06-10,g001,b0178,echec,7
2026-06-10,g001,b0218,echec,13
2026-06-10,g001,b0217,echec,10
2026-06-10,g001,b0240,echec,11
2026-06-10,g001,b0209,reussite,1
2026-06-10,g001,b0232,reussite,1
2026-06-10,g001,b0174,echec,10
2026-06-10,g001,b0202,echec,4
2026-06-10,g001,b0164,reussite,3
2026-06-10,g001,b0214,echec,7
2026-06-10,g001,b0161,reussite,1
2026-06-10,g001,b0194,echec,11
2026-06-10,g001,b0242,reussite,2
2026-06-10,g001,b0212,reussite,1
2026-06-10,g002,b0206,echec,17
2026-06-10,g002,b0245,echec,16
2026-06-10,g002,b0214,echec,13
2026-06-10,g002,b0167,echec,15
2026-06-10,g002,b0241,reussite,1
2026-06-10,g002,b0220,reussite,1
2026-06-10,g002,b0204,echec,8
2026-06-10,g002,b0226,echec,7
2026-06-10,g002,b0173,reussite,1
2026-06-10,g008,b0161,reussite,1
2026-06-10,g008,b0179,echec,15
2026-06-10,g008,b0186,echec,11
2026-06-10,g008,b0195,echec,15
2026-06-10,g008,b0208,echec,16
2026-06-10,g008,b0238,echec,13
2026-06-10,g008,b0156,echec,15
2026-06-10,g009,b0236,reussite,1
2026-06-10,g009,b0226,echec,14
2026-06-10,g009,b0234,reussite,2
2026-06-10,g009,b0206,echec,15
2026-06-10,g009,b0246,echec,8
2026-06-10,g009,b0154,echec,10
2026-06-10,g009,b0205,echec,10
2026-06-10,g009,b0185,reussite,2
2026-06-10,g009,b0245,reussite,11
2026-06-10,g009,b0224,reussite,9
2026-06-10,g017,b0155,echec,10
2026-06-10,g017,b0242,reussite,2
2026-06-10,g017,b0233,reussite,3
2026-06-10,g017,b0164,reussite,6
2026-06-10,g017,b0153,echec,8
2026-06-10,g017,b0210,reussite,1
2026-06-10,g017,b0166,echec,10
2026-06-10,g017,b0202,reussite,4
2026-06-10,g017,b0184,reussite,2
2026-06-10,g019,b0184,reussite,1
2026-06-10,g019,b0212,echec,2
2026-06-10,g019,b0233,echec,5
2026-06-10,g019,b0234,echec,11
2026-06-10,g019,b0153,echec,14
2026-06-10,g019,b0175,echec,16
2026-06-10,g019,b0166,echec,7
2026-06-10,g019,b0194,echec,16
2026-06-10,g019,b0174,echec,9
2026-06-10,g027,b0239,reussite,1
2026-06-10,g027,b0189,reussite,1
2026-06-10,g027,b0206,echec,8
2026-06-10,g027,b0204,echec,13
2026-06-10,g027,b0168,echec,10
2026-06-10,g027,b0167,echec,18
2026-06-10,g027,b0159,reussite,1
2026-06-10,g027,b0227,echec,9
2026-06-10,g027,b0190,reussite,1
2026-06-10,g027,b0214,echec,15
2026-06-10,g035,b0170,reussite,1
2026-06-10,g035,b0159,reussite,1
2026-06-10,g035,b0165,echec,11
2026-06-10,g035,b0226,echec,6
2026-06-10,g035,b0155,echec,6
2026-06-10,g035,b0197,echec,11
2026-06-10,g035,b0189,reussite,1
2026-06-10,g035,b0224,echec,8
2026-06-10,g035,b0153,echec,13
2026-06-10,g035,b0162,echec,8
2026-06-10,g035,b0185,echec,9
2026-06-10,g046,b0220,reussite,1
2026-06-10,g046,b0183,reussite,1
2026-06-10,g046,b0234,reussite,15
2026-06-10,g046,b0153,echec,15
2026-06-10,g046,b0201,reussite,1
2026-06-10,g046,b0214,echec,9
2026-06-10,g046,b0197,echec,12
2026-06-10,g049,b0243,reussite,1
2026-06-10,g049,b0213,reussite,1
2026-06-10,g049,b0203,echec,9
2026-06-10,g049,b0168,echec,18
2026-06-10,g049,b0227,echec,16
2026-06-10,g049,b0232,reussite,1
2026-06-10,g051,b0248,echec,14
2026-06-10,g051,b0236,reussite,7
2026-06-10,g051,b0234,echec,4
2026-06-10,g051,b0206,echec,8
2026-06-10,g051,b0235,echec,3
2026-06-10,g051,b0174,reussite,5
2026-06-10,g051,b0194,reussite,3
2026-06-10,g054,b0183,reussite,1
2026-06-10,g054,b0155,echec,5
2026-06-10,g054,b0185,reussite,8
2026-06-10,g054,b0197,echec,15
2026-06-10,g054,b0165,echec,15
2026-06-10,g054,b0216,echec,8
2026-06-10,g054,b0206,echec,11
2026-06-10,g054,b0243,reussite,1
2026-06-10,g054,b0203,echec,10
2026-06-10,g054,b0173,reussite,1
2026-06-10,g054,b0226,echec,8
2026-06-11,g001,b0193,reussite,1
2026-06-11,g001,b0204,echec,12
2026-06-11,g001,b0223,reussite,1
2026-06-11,g001,b0246,echec,7
2026-06-11,g001,b0203,echec,6
2026-06-11,g001,b0224,echec,11
2026-06-11,g001,b0241,reussite,1
2026-06-11,g001,b0226,echec,12
2026-06-11,g001,b0206,echec,10
2026-06-11,g001,b0227,echec,16
2026-06-11,g001,b0172,reussite,1
2026-06-11,g001,b0242,reussite,1
2026-06-11,g001,b0155,echec,10
2026-06-11,g001,b0214,echec,15
2026-06-11,g001,b0184,reussite,2
2026-06-11,g001,b0175,reussite,12
2026-06-11,g001,b0152,reussite,1
2026-06-11,g008,b0184,reussite,1
2026-06-11,g008,b0202,reussite,1
2026-06-11,g008,b0213,reussite,1
2026-06-11,g008,b0178,echec,8
2026-06-11,g008,b0155,reussite,1
2026-06-11,g008,b0172,reussite,1
2026-06-11,g008,b0227,echec,11
2026-06-11,g008,b0229,echec,17
2026-06-11,g008,b0174,echec,2
2026-06-11,g008,b0177,echec,14
2026-06-11,g011,b0164,reussite,1
2026-06-11,g011,b0164,reussite,1
2026-06-11,g011,b0244,echec,8
2026-06-11,g011,b0165,reussite,16
2026-06-11,g011,b0235,reussite,13
2026-06-11,g011,b0202,reussite,3
2026-06-11,g011,b0185,echec,6
2026-06-11,g011,b0206,echec,6
2026-06-11,g030,b0227,echec,8
2026-06-11,g030,b0190,reussite,1
2026-06-11,g030,b0226,echec,18
2026-06-11,g030,b0204,echec,14
2026-06-11,g030,b0196,echec,12
2026-06-11,g030,b0247,echec,8
2026-06-11,g030,b0159,reussite,1
2026-06-11,g030,b0246,echec,12
2026-06-11,g030,b0167,echec,11
2026-06-11,g031,b0211,reussite,1
2026-06-11,g031,b0151,reussite,1
2026-06-11,g031,b0198,echec,17
2026-06-11,g031,b0221,reussite,1
2026-06-11,g031,b0219,reussite,1
2026-06-11,g031,b0228,echec,16
2026-06-11,g031,b0231,reussite,1
2026-06-11,g031,b0187,echec,8
2026-06-11,g031,b0178,echec,15
2026-06-11,g031,b0217,echec,13
2026-06-11,g031,b0179,echec,13
2026-06-11,g032,b0214,echec,13
2026-06-11,g032,b0185,echec,13
2026-06-11,g032,b0174,echec,8
2026-06-11,g032,b0166,echec,10
2026-06-11,g032,b0234,reussite,11
2026-06-11,g032,b0162,echec,11
2026-06-11,g032,b0194,echec,13
2026-06-11,g032,b0213,reussite,2
2026-06-11,g045,b0234,reussite,1
2026-06-11,g045,b0166,reussite,1
2026-06-11,g045,b0216,echec,9
2026-06-11,g045,b0248,echec,9
2026-06-11,g045,b0224,echec,6
2026-06-11,g050,b0171,reussite,1
2026-06-11,g050,b0206,echec,7
2026-06-11,g050,b0246,echec,7
2026-06-11,g050,b0239,reussite,1
2026-06-11,g050,b0216,echec,9
2026-06-11,g050,b0190,reussite,1
2026-06-11,g050,b0224,echec,10
2026-06-11,g050,b0168,echec,8
2026-06-11,g055,b0225,echec,15
2026-06-11,g055,b0168,echec,15
2026-06-11,g055,b0175,reussite,8
2026-06-11,g055,b0234,reussite,5
2026-06-11,g055,b0185,reussite,5
2026-06-11,g055,b0197,echec,11
2026-06-11,g055,b0184,reussite,1
2026-06-12,g005,b0226,reussite,1
2026-06-12,g005,b0154,echec,9
2026-06-12,g005,b0225,reussite,7
2026-06-12,g005,b0158,echec,9
2026-06-12,g005,b0195,echec,14
2026-06-12,g005,b0207,echec,6
2026-06-12,g005,b0248,echec,7
2026-06-12,g009,b0235,reussite,4
2026-06-12,g009,b0203,echec,10
2026-06-12,g009,b0162,reussite,2
2026-06-12,g009,b0205,echec,14
2026-06-12,g009,b0206,echec,11
2026-06-12,g009,b0165,reussite,11
2026-06-12,g009,b0194,reussite,3
2026-06-12,g009,b0225,echec,13
2026-06-12,g009,b0167,echec,14
2026-06-12,g009,b0174,reussite,2
2026-06-12,g009,b0168,echec,8
2026-06-12,g009,b0225,echec,8
2026-06-12,g009,b0233,reussite,1
2026-06-12,g009,b0157,echec,11
2026-06-12,g009,b0202,reussite,1
2026-06-12,g015,b0203,echec,9
2026-06-12,g015,b0214,reussite,3
2026-06-12,g015,b0168,echec,10
2026-06-12,g015,b0225,echec,11
2026-06-12,g015,b0204,echec,8
2026-06-12,g015,b0235,echec,2
2026-06-12,g015,b0207,echec,7
2026-06-12,g015,b0227,echec,7
2026-06-12,g015,b0216,echec,15
2026-06-12,g015,b0244,reussite,2
2026-06-12,g017,b0202,echec,9
2026-06-12,g017,b0153,reussite,7
2026-06-12,g017,b0172,reussite,3
2026-06-12,g017,b0184,reussite,9
2026-06-12,g017,b0166,echec,13
2026-06-12,g017,b0213,reussite,3
2026-06-12,g017,b0236,echec,15
2026-06-12,g023,b0212,reussite,1
2026-06-12,g023,b0241,reussite,1
2026-06-12,g023,b0235,echec,7
2026-06-12,g023,b0245,echec,13
2026-06-12,g023,b0166,reussite,5
2026-06-12,g023,b0197,echec,14
2026-06-12,g023,b0153,echec,6
2026-06-12,g023,b0165,echec,18
2026-06-12,g023,b0235,echec,10
2026-06-12,g023,b0193,reussite,1
2026-06-12,g023,b0174,reussite,11
2026-06-12,g023,b0247,echec,10
2026-06-12,g023,b0214,echec,7
2026-06-12,g023,b0194,echec,5
2026-06-12,g023,b0181,reussite,1
2026-06-12,g023,b0220,reussite,1
2026-06-12,g023,b0168,echec,12
2026-06-12,g023,b0175,reussite,13
2026-06-12,g028,b0155,echec,12
2026-06-12,g028,b0245,echec,10
2026-06-12,g028,b0235,reussite,14
2026-06-12,g028,b0175,echec,13
2026-06-12,g028,b0204,echec,10
2026-06-12,g028,b0226,echec,8
2026-06-12,g028,b0196,echec,11
2026-06-12,g028,b0192,reussite,1
2026-06-12,g028,b0174,echec,10
2026-06-12,g028,b0225,echec,10
2026-06-12,g031,b0205,echec,15
2026-06-12,g031,b0197,echec,16
2026-06-12,g031,b0165,echec,6
2026-06-12,g031,b0175,echec,11
2026-06-12,g031,b0174,echec,7
2026-06-12,g031,b0162,echec,14
2026-06-12,g031,b0244,reussite,16
2026-06-12,g031,b0172,reussite,1
2026-06-12,g031,b0194,echec,12
2026-06-12,g031,b0220,reussite,1
2026-06-12,g036,b0168,reussite,1
2026-06-12,g036,b0248,echec,6
2026-06-12,g036,b0196,reussite,8
2026-06-12,g036,b0246,reussite,7
2026-06-12,g036,b0178,echec,8
2026-06-12,g036,b0186,echec,11
2026-06-12,g036,b0156,reussite,15
2026-06-12,g036,b0227,reussite,2
2026-06-12,g036,b0206,echec,2
2026-06-12,g040,b0175,reussite,1
2026-06-12,g040,b0153,reussite,1
2026-06-12,g040,b0226,echec,6
2026-06-12,g040,b0214,echec,15
2026-06-12,g040,b0244,reussite,8
2026-06-12,g040,b0176,echec,15
2026-06-12,g040,b0245,echec,10
2026-06-12,g040,b0206,echec,12
2026-06-12,g040,b0225,echec,12
2026-06-12,g040,b0227,echec,10
2026-06-12,g040,b0224,echec,9
2026-06-12,g042,b0155,echec,1
2026-06-12,g042,b0205,echec,15
2026-06-12,g042,b0206,echec,8
2026-06-12,g042,b0233,reussite,1
2026-06-12,g042,b0247,echec,9
2026-06-12,g042,b0225,reussite,11
2026-06-12,g042,b0196,echec,17
2026-06-12,g042,b0242,reussite,1
2026-06-12,g042,b0207,echec,17
2026-06-12,g042,b0216,echec,12
2026-06-12,g043,b0174,echec,11
2026-06-12,g043,b0235,reussite,7
2026-06-12,g043,b0172,reussite,2
2026-06-12,g043,b0166,echec,10
2026-06-12,g043,b0153,echec,8
2026-06-12,g043,b0185,echec,17
2026-06-12,g045,b0174,reussite,1
2026-06-12,g045,b0225,echec,11
2026-06-12,g045,b0224,reussite,15
2026-06-12,g045,b0216,echec,8
2026-06-12,g045,b0248,echec,9
2026-06-13,g004,b0175,reussite,1
2026-06-13,g004,b0155,reussite,1
2026-06-13,g004,b0161,reussite,1
2026-06-13,g004,b0223,reussite,1
2026-06-13,g004,b0203,echec,7
2026-06-13,g004,b0216,echec,6
2026-06-13,g004,b0210,reussite,1
2026-06-13,g004,b0224,echec,9
2026-06-13,g004,b0225,echec,10
2026-06-13,g004,b0217,echec,10
2026-06-13,g004,b0241,reussite,1
2026-06-13,g004,b0243,reussite,1
2026-06-13,g004,b0153,reussite,1
2026-06-13,g004,b0228,echec,18
2026-06-13,g004,b0247,echec,11
2026-06-13,g004,b0227,echec,17
2026-06-13,g004,b0195,echec,12
2026-06-13,g004,b0167,echec,7
2026-06-13,g004,b0177,echec,7
2026-06-13,g004,b0232,reussite,1
2026-06-13,g007,b0202,reussite,1
2026-06-13,g007,b0234,echec,7
2026-06-13,g007,b0235,echec,12
2026-06-13,g007,b0178,echec,12
2026-06-13,g007,b0213,reussite,1
2026-06-13,g007,b0208,echec,12
2026-06-13,g007,b0166,reussite,8
2026-06-13,g007,b0236,echec,17
2026-06-13,g007,b0201,reussite,1
2026-06-13,g007,b0200,reussite,1
2026-06-13,g007,b0154,echec,14
2026-06-13,g007,b0195,echec,13
2026-06-13,g007,b0222,reussite,1
2026-06-13,g007,b0177,echec,9
2026-06-13,g007,b0193,reussite,1
2026-06-13,g013,b0216,reussite,1
2026-06-13,g013,b0176,echec,16
2026-06-13,g013,b0226,echec,2
2026-06-13,g013,b0167,echec,6
2026-06-13,g013,b0158,echec,15
2026-06-13,g013,b0215,echec,9
2026-06-13,g013,b0206,reussite,2
2026-06-13,g014,b0166,reussite,1
2026-06-13,g014,b0154,echec,12
2026-06-13,g014,b0156,echec,16
2026-06-13,g014,b0227,echec,13
2026-06-13,g014,b0247,echec,11
2026-06-13,g014,b0177,echec,11
2026-06-13,g014,b0246,echec,6
2026-06-13,g014,b0151,reussite,1
2026-06-13,g014,b0248,echec,7
2026-06-13,g014,b0195,echec,17
2026-06-13,g014,b0218,echec,11
2026-06-13,g022,b0214,reussite,1
2026-06-13,g022,b0194,echec,12
2026-06-13,g022,b0236,echec,8
2026-06-13,g022,b0154,echec,12
2026-06-13,g022,b0224,echec,10
2026-06-13,g022,b0175,echec,6
2026-06-13,g022,b0206,echec,12
2026-06-13,g022,b0174,echec,5
2026-06-13,g022,b0164,reussite,1
2026-06-13,g022,b0244,reussite,6
2026-06-13,g022,b0162,echec,7
2026-06-13,g024,b0248,echec,16
2026-06-13,g024,b0203,echec,8
2026-06-13,g024,b0154,echec,11
2026-06-13,g024,b0165,echec,15
2026-06-13,g024,b0205,echec,7
2026-06-13,g024,b0207,echec,11
2026-06-13,g024,b0191,reussite,1
2026-06-13,g027,b0244,echec,7
2026-06-13,g027,b0165,echec,9
2026-06-13,g027,b0162,echec,16
2026-06-13,g027,b0160,reussite,1
2026-06-13,g027,b0235,echec,8
2026-06-13,g027,b0185,echec,17
2026-06-13,g027,b0239,reussite,1
2026-06-13,g027,b0155,echec,9
2026-06-13,g032,b0184,reussite,6
2026-06-13,g032,b0233,reussite,3
2026-06-13,g032,b0215,echec,10
2026-06-13,g032,b0164,reussite,5
2026-06-13,g032,b0214,echec,16
2026-06-13,g032,b0202,reussite,1
2026-06-13,g032,b0212,reussite,1
2026-06-13,g032,b0234,echec,9
2026-06-13,g032,b0166,echec,12
2026-06-13,g032,b0174,echec,15
2026-06-13,g032,b0214,echec,15
2026-06-13,g032,b0195,echec,11
2026-06-13,g032,b0154,echec,10
2026-06-13,g032,b0215,echec,12
2026-06-13,g032,b0185,echec,8
2026-06-13,g032,b0202,reussite,1
2026-06-13,g032,b0212,reussite,1
2026-06-13,g032,b0175,echec,6
2026-06-13,g032,b0244,echec,8
2026-06-13,g032,b0165,echec,16
2026-06-13,g032,b0197,reussite,12
2026-06-13,g032,b0236,echec,16
2026-06-13,g032,b0186,echec,15
2026-06-13,g032,b0182,reussite,1
2026-06-13,g032,b0204,echec,13
2026-06-13,g033,b0227,reussite,3
2026-06-13,g033,b0225,echec,6
2026-06-13,g033,b0248,echec,7
2026-06-13,g033,b0167,echec,9
2026-06-13,g033,b0176,echec,8
2026-06-13,g033,b0207,echec,14
2026-06-13,g033,b0196,reussite,9
2026-06-13,g033,b0247,reussite,8
2026-06-13,g033,b0215,echec,6
2026-06-13,g033,b0203,reussite,2
2026-06-13,g040,b0153,reussite,1
2026-06-13,g040,b0173,reussite,1
2026-06-13,g040,b0195,echec,13
2026-06-13,g040,b0241,reussite,2
2026-06-13,g040,b0223,reussite,1
2026-06-13,g040,b0220,reussite,1
2026-06-13,g040,b0177,echec,13
2026-06-13,g040,b0196,echec,14
2026-06-13,g042,b0235,reussite,1
2026-06-13,g042,b0192,reussite,1
2026-06-13,g042,b0160,reussite,1
2026-06-13,g042,b0232,reussite,1
2026-06-13,g042,b0228,echec,16
2026-06-13,g042,b0199,echec,14
2026-06-13,g042,b0239,reussite,1
2026-06-13,g042,b0188,echec,16
2026-06-13,g042,b0190,reussite,1
2026-06-13,g042,b0159,reussite,1
2026-06-13,g044,b0213,reussite,1
2026-06-13,g044,b0216,reussite,1
2026-06-13,g044,b0225,echec,11
2026-06-13,g044,b0246,echec,16
2026-06-13,g044,b0209,reussite,1
2026-06-13,g044,b0151,reussite,1
2026-06-13,g044,b0215,echec,7
2026-06-13,g044,b0160,reussite,1
2026-06-13,g047,b0174,reussite,1
2026-06-13,g047,b0162,reussite,1
2026-06-13,g047,b0198,echec,16
2026-06-13,g047,b0238,echec,6
2026-06-13,g047,b0156,echec,10
2026-06-13,g047,b0178,echec,15
2026-06-13,g047,b0207,echec,18
2026-06-13,g047,b0151,reussite,1
2026-06-13,g047,b0160,reussite,1
2026-06-13,g047,b0218,echec,12
2026-06-13,g047,b0208,echec,18
2026-06-13,g047,b0229,echec,15
2026-06-13,g051,b0175,echec,6
2026-06-13,g051,b0164,reussite,2
2026-06-13,g051,b0185,reussite,3
2026-06-13,g051,b0195,echec,12
2026-06-13,g051,b0233,reussite,1
2026-06-13,g051,b0166,reussite,4
2026-06-13,g051,b0215,echec,9
2026-06-13,g054,b0181,reussite,1
2026-06-13,g054,b0211,reussite,1
2026-06-13,g054,b0225,echec,10
2026-06-13,g054,b0170,reussite,1
2026-06-13,g054,b0215,echec,13
2026-06-13,g054,b0176,echec,16
2026-06-13,g054,b0216,echec,14
2026-06-13,g054,b0168,echec,7
2026-06-13,g054,b0151,reussite,1
2026-06-13,g054,b0246,echec,16
2026-06-14,g002,b0166,reussite,1
2026-06-14,g002,b0194,reussite,1
2026-06-14,g002,b0245,echec,18
2026-06-14,g002,b0174,echec,9
2026-06-14,g002,b0165,echec,9
2026-06-14,g002,b0214,echec,5
2026-06-14,g002,b0226,echec,14
2026-06-14,g002,b0223,reussite,1
2026-06-14,g002,b0168,echec,6
2026-06-14,g002,b0204,echec,16
2026-06-14,g008,b0202,reussite,1
2026-06-14,g008,b0164,reussite,1
2026-06-14,g008,b0165,reussite,10
2026-06-14,g008,b0196,echec,14
2026-06-14,g008,b0218,echec,7
2026-06-14,g008,b0225,reussite,7
2026-06-14,g008,b0194,reussite,1
2026-06-14,g008,b0174,echec,3
2026-06-14,g010,b0233,reussite,1
2026-06-14,g010,b0235,reussite,1
2026-06-14,g010,b0155,reussite,1
2026-06-14,g010,b0195,echec,10
2026-06-14,g010,b0227,echec,10
2026-06-14,g010,b0178,echec,12
2026-06-14,g010,b0153,reussite,2
2026-06-14,g010,b0225,echec,14
2026-06-14,g010,b0247,echec,12
2026-06-14,g010,b0165,echec,6
2026-06-14,g012,b0187,echec,14
2026-06-14,g012,b0230,echec,10
2026-06-14,g012,b0157,echec,15
2026-06-14,g012,b0198,echec,14
2026-06-14,g012,b0167,echec,16
2026-06-14,g012,b0160,reussite,1
2026-06-14,g012,b0177,reussite,14
2026-06-14,g012,b0199,echec,11
2026-06-14,g012,b0205,echec,12
2026-06-14,g012,b0241,reussite,1
2026-06-14,g012,b0188,echec,9
2026-06-14,g012,b0180,reussite,1
2026-06-14,g012,b0167,echec,15
2026-06-14,g012,b0170,reussite,1
2026-06-14,g012,b0248,echec,10
2026-06-14,g012,b0154,echec,13
2026-06-14,g012,b0195,echec,7
2026-06-14,g017,b0208,echec,16
2026-06-14,g017,b0205,echec,14
2026-06-14,g017,b0207,echec,6
2026-06-14,g017,b0221,reussite,1
2026-06-14,g017,b0178,echec,17
2026-06-14,g017,b0231,reussite,1
2026-06-14,g017,b0248,echec,10
2026-06-14,g017,b0219,reussite,1
2026-06-14,g020,b0174,reussite,1
2026-06-14,g020,b0194,reussite,1
2026-06-14,g020,b0246,echec,16
2026-06-14,g020,b0215,echec,10
2026-06-14,g020,b0206,reussite,11
2026-06-14,g020,b0157,echec,12
2026-06-14,g020,b0216,echec,6
2026-06-14,g020,b0224,echec,6
2026-06-14,g021,b0241,reussite,1
2026-06-14,g021,b0174,echec,16
2026-06-14,g021,b0175,echec,12
2026-06-14,g021,b0194,echec,17
2026-06-14,g024,b0239,reussite,1
2026-06-14,g024,b0204,echec,15
2026-06-14,g024,b0244,echec,11
2026-06-14,g024,b0245,echec,13
2026-06-14,g024,b0235,echec,7
2026-06-14,g024,b0206,echec,6
2026-06-14,g027,b0170,reussite,1
2026-06-14,g027,b0209,reussite,1
2026-06-14,g027,b0246,echec,13
2026-06-14,g027,b0208,echec,14
2026-06-14,g027,b0226,echec,14
2026-06-14,g027,b0178,echec,6
2026-06-14,g027,b0248,echec,9
2026-06-14,g027,b0196,echec,7
2026-06-14,g027,b0218,echec,14
2026-06-14,g027,b0224,echec,8
2026-06-14,g027,b0206,echec,17
2026-06-14,g031,b0233,reussite,1
2026-06-14,g031,b0233,reussite,1
2026-06-14,g031,b0212,reussite,1
2026-06-14,g031,b0166,echec,7
2026-06-14,g031,b0242,reussite,2
2026-06-14,g031,b0161,reussite,1
2026-06-14,g031,b0184,reussite,3
2026-06-14,g031,b0236,echec,14
2026-06-14,g031,b0164,reussite,3
2026-06-14,g031,b0153,echec,8
2026-06-14,g031,b0185,echec,14
2026-06-14,g031,b0213,reussite,2
2026-06-14,g044,b0181,reussite,1
2026-06-14,g044,b0232,reussite,1
2026-06-14,g044,b0157,echec,13
2026-06-14,g044,b0215,echec,13
2026-06-14,g044,b0167,echec,7
2026-06-14,g044,b0186,echec,14
2026-06-14,g044,b0156,echec,18
2026-06-14,g046,b0206,echec,11
2026-06-14,g046,b0185,echec,14
2026-06-14,g046,b0236,echec,10
2026-06-14,g046,b0244,echec,6
2026-06-14,g046,b0224,echec,14
2026-06-14,g046,b0192,reussite,2
2026-06-14,g046,b0194,echec,10
2026-06-14,g046,b0231,reussite,1
2026-06-14,g046,b0225,echec,17
2026-06-14,g046,b0245,echec,6
2026-06-14,g046,b0203,echec,16
2026-06-14,g046,b0205,echec,11
2026-06-14,g046,b0187,echec,7
2026-06-14,g046,b0226,echec,7
2026-06-14,g047,b0203,echec,15
2026-06-14,g047,b0162,reussite,3
2026-06-14,g047,b0234,echec,2
2026-06-14,g047,b0174,reussite,5
2026-06-14,g047,b0226,echec,15
2026-06-14,g047,b0167,echec,13
2026-06-14,g047,b0206,echec,14
2026-06-14,g047,b0233,reussite,1
2026-06-14,g047,b0245,echec,13
2026-06-15,g001,b0212,reussite,1
2026-06-15,g001,b0192,reussite,1
2026-06-15,g001,b0151,reussite,1
2026-06-15,g001,b0225,echec,16
2026-06-15,g001,b0200,reussite,1
2026-06-15,g001,b0157,echec,17
2026-06-15,g001,b0196,echec,16
2026-06-15,g001,b0247,echec,18
2026-06-15,g001,b0167,echec,18
2026-06-15,g001,b0160,reussite,1
2026-06-15,g004,b0153,reussite,1
2026-06-15,g004,b0153,reussite,1
2026-06-15,g004,b0165,echec,14
2026-06-15,g004,b0155,reussite,3
2026-06-15,g004,b0197,echec,7
2026-06-15,g004,b0205,echec,13
2026-06-15,g004,b0175,reussite,5
2026-06-15,g004,b0245,reussite,15
2026-06-15,g004,b0157,echec,6
2026-06-15,g004,b0168,echec,9
2026-06-15,g004,b0224,echec,9
2026-06-15,g004,b0226,echec,7
2026-06-15,g008,b0193,reussite,1
2026-06-15,g008,b0178,echec,14
2026-06-15,g008,b0198,echec,12
2026-06-15,g008,b0158,echec,16
2026-06-15,g008,b0249,echec,16
2026-06-15,g008,b0230,echec,9
2026-06-15,g008,b0188,echec,7
2026-06-15,g008,b0200,reussite,1
2026-06-15,g008,b0250,echec,9
2026-06-15,g008,b0211,reussite,1
2026-06-15,g017,b0233,reussite,1
2026-06-15,g017,b0210,reussite,1
2026-06-15,g017,b0241,reussite,1
2026-06-15,g017,b0161,reussite,1
2026-06-15,g017,b0173,reussite,1
2026-06-15,g017,b0200,reussite,1
2026-06-15,g017,b0197,echec,8
2026-06-15,g017,b0245,echec,11
2026-06-15,g017,b0224,echec,17
2026-06-15,g017,b0193,reussite,1
2026-06-15,g017,b0192,reussite,1
2026-06-15,g017,b0216,echec,13
2026-06-15,g022,b0224,reussite,1
2026-06-15,g022,b0226,echec,13
2026-06-15,g022,b0247,echec,8
2026-06-15,g022,b0238,echec,11
2026-06-15,g022,b0243,reussite,1
2026-06-15,g022,b0229,echec,11
2026-06-15,g022,b0157,echec,14
2026-06-15,g022,b0192,reussite,1
2026-06-15,g022,b0232,reussite,1
2026-06-15,g025,b0215,reussite,1
2026-06-15,g025,b0195,reussite,1
2026-06-15,g025,b0176,echec,7
2026-06-15,g025,b0246,echec,14
2026-06-15,g025,b0196,echec,16
2026-06-15,g025,b0237,echec,16
2026-06-15,g025,b0216,reussite,1
2026-06-15,g025,b0207,reussite,1
2026-06-15,g025,b0177,echec,7
2026-06-15,g025,b0208,echec,10
2026-06-15,g025,b0225,reussite,10
2026-06-15,g025,b0248,echec,9
2026-06-15,g025,b0246,echec,8
2026-06-15,g025,b0197,reussite,5
2026-06-15,g025,b0162,reussite,1
2026-06-15,g025,b0174,echec,1
2026-06-15,g025,b0205,echec,11
2026-06-15,g025,b0156,echec,9
2026-06-15,g027,b0200,reussite,1
2026-06-15,g027,b0185,echec,8
2026-06-15,g027,b0181,reussite,6
2026-06-15,g027,b0197,echec,13
2026-06-15,g027,b0183,reussite,7
2026-06-15,g027,b0242,echec,9
2026-06-15,g027,b0163,reussite,1
2026-06-15,g027,b0201,reussite,1
2026-06-15,g027,b0162,echec,10
2026-06-15,g029,b0210,reussite,1
2026-06-15,g029,b0233,reussite,1
2026-06-15,g029,b0166,reussite,9
2026-06-15,g029,b0153,echec,9
2026-06-15,g029,b0226,echec,13
2026-06-15,g029,b0241,reussite,1
2026-06-15,g029,b0206,echec,16
2026-06-15,g029,b0225,echec,14
2026-06-15,g029,b0195,echec,16
2026-06-15,g033,b0247,reussite,1
2026-06-15,g033,b0224,reussite,1
2026-06-15,g033,b0229,echec,7
2026-06-15,g033,b0207,echec,17
2026-06-15,g033,b0244,reussite,1
2026-06-15,g033,b0248,echec,13
2026-06-15,g033,b0238,echec,7
2026-06-15,g033,b0230,echec,10
2026-06-15,g046,b0201,reussite,1
2026-06-15,g046,b0204,echec,9
2026-06-15,g046,b0248,echec,9
2026-06-15,g046,b0234,echec,9
2026-06-15,g046,b0242,reussite,3
2026-06-15,g046,b0207,echec,10
2026-06-15,g046,b0208,echec,13
2026-06-15,g046,b0238,echec,14
2026-06-15,g046,b0156,echec,9
2026-06-15,g054,b0214,echec,12
2026-06-15,g054,b0236,echec,12
2026-06-16,g002,b0161,reussite,2
2026-06-16,g002,b0193,reussite,1
2026-06-16,g002,b0225,echec,10
2026-06-16,g002,b0195,echec,13
2026-06-16,g002,b0196,echec,13
2026-06-16,g002,b0200,reussite,1
2026-06-16,g004,b0203,echec,11
2026-06-16,g004,b0225,echec,10
2026-06-16,g004,b0224,echec,15
2026-06-16,g004,b0218,echec,8
2026-06-16,g004,b0227,echec,7
2026-06-16,g004,b0229,echec,16
2026-06-16,g004,b0187,echec,12
2026-06-16,g017,b0153,echec,7
2026-06-16,g017,b0194,echec,14
2026-06-16,g017,b0210,reussite,1
2026-06-16,g017,b0181,reussite,2
2026-06-16,g017,b0184,reussite,3
2026-06-16,g017,b0183,reussite,2
2026-06-16,g020,b0174,reussite,1
2026-06-16,g020,b0238,echec,17
2026-06-16,g020,b0184,reussite,1
2026-06-16,g020,b0247,echec,9
2026-06-16,g020,b0204,echec,6
2026-06-16,g020,b0198,echec,17
2026-06-16,g020,b0226,echec,11
2026-06-16,g020,b0196,echec,17
2026-06-16,g020,b0177,echec,18
2026-06-16,g020,b0205,echec,16
2026-06-16,g040,b0233,reussite,1
2026-06-16,g040,b0202,reussite,1
2026-06-16,g040,b0184,reussite,2
2026-06-16,g040,b0153,echec,5
2026-06-16,g040,b0242,reussite,1
2026-06-16,g040,b0165,echec,16
2026-06-16,g040,b0224,echec,14
2026-06-16,g040,b0204,echec,12
2026-06-16,g040,b0194,echec,15
2026-06-16,g040,b0236,echec,8
2026-06-16,g040,b0244,echec,15
2026-06-16,g040,b0185,echec,4
2026-06-16,g040,b0155,echec,8
2026-06-16,g040,b0175,reussite,7
2026-06-16,g040,b0245,echec,16
2026-06-16,g040,b0235,reussite,10
2026-06-16,g040,b0210,reussite,2
2026-06-16,g040,b0173,reussite,1
2026-06-16,g042,b0214,echec,5
2026-06-16,g042,b0157,echec,9
2026-06-16,g042,b0162,reussite,1
2026-06-16,g042,b0248,echec,14
2026-06-16,g042,b0225,echec,15
2026-06-16,g042,b0196,echec,13
2026-06-16,g042,b0203,echec,11
2026-06-16,g042,b0175,echec,3
2026-06-16,g042,b0177,echec,11
2026-06-16,g042,b0212,reussite,1
2026-06-16,g043,b0151,reussite,1
2026-06-16,g043,b0243,reussite,1
2026-06-16,g043,b0211,reussite,1
2026-06-16,g043,b0246,echec,11
2026-06-16,g043,b0244,echec,8
2026-06-16,g043,b0239,reussite,1
2026-06-16,g043,b0204,echec,7
2026-06-16,g043,b0236,echec,18
2026-06-16,g044,b0152,reussite,1
2026-06-16,g044,b0185,reussite,1
2026-06-16,g044,b0168,echec,10
2026-06-16,g044,b0227,echec,13
2026-06-16,g044,b0211,reussite,1
2026-06-16,g044,b0171,reussite,1
2026-06-16,g044,b0247,echec,6
2026-06-16,g044,b0177,echec,10
2026-06-16,g044,b0222,reussite,1
2026-06-16,g044,b0208,echec,11
2026-06-16,g044,b0198,echec,6
2026-06-16,g046,b0228,echec,13
2026-06-16,g046,b0215,echec,7
2026-06-16,g046,b0179,echec,6
2026-06-16,g046,b0248,echec,18
2026-06-16,g046,b0250,echec,8
2026-06-16,g046,b0237,echec,15
2026-06-16,g046,b0205,echec,16
2026-06-16,g046,b0158,echec,14
2026-06-16,g046,b0240,echec,13
2026-06-16,g046,b0207,echec,8
2026-06-17,g001,b0214,reussite,14
2026-06-17,g001,b0184,reussite,1
2026-06-17,g001,b0166,reussite,9
2026-06-17,g001,b0202,reussite,3
2026-06-17,g001,b0236,echec,16
2026-06-17,g001,b0234,reussite,8
2026-06-17,g001,b0154,echec,13
2026-06-17,g001,b0153,echec,9
2026-06-17,g001,b0164,reussite,2
2026-06-17,g007,b0202,reussite,1
2026-06-17,g007,b0197,echec,16
2026-06-17,g007,b0235,echec,11
2026-06-17,g007,b0220,reussite,1
2026-06-17,g007,b0236,echec,16
2026-06-17,g007,b0204,echec,14
2026-06-17,g007,b0178,echec,8
2026-06-17,g008,b0215,reussite,1
2026-06-17,g008,b0194,reussite,1
2026-06-17,g008,b0205,echec,12
2026-06-17,g008,b0233,reussite,1
2026-06-17,g008,b0242,reussite,2
2026-06-17,g008,b0183,reussite,1
2026-06-17,g008,b0162,reussite,1
2026-06-17,g008,b0186,echec,18
2026-06-17,g008,b0156,echec,12
2026-06-17,g008,b0152,reussite,1
2026-06-17,g008,b0192,reussite,1
2026-06-17,g008,b0160,reussite,1
2026-06-17,g008,b0171,reussite,1
2026-06-17,g008,b0232,reussite,1
2026-06-17,g008,b0163,reussite,1
2026-06-17,g008,b0222,reussite,1
2026-06-17,g008,b0239,reussite,1
2026-06-17,g009,b0204,echec,7
2026-06-17,g009,b0208,echec,15
2026-06-17,g009,b0186,echec,8
2026-06-17,g009,b0172,reussite,1
2026-06-17,g009,b0230,echec,9
2026-06-17,g009,b0156,echec,18
2026-06-17,g009,b0215,echec,10
2026-06-17,g009,b0196,echec,13
2026-06-17,g009,b0242,reussite,1
2026-06-17,g009,b0183,reussite,1
2026-06-17,g010,b0204,reussite,1
2026-06-17,g010,b0203,echec,16
2026-06-17,g010,b0197,echec,3
2026-06-17,g010,b0245,reussite,7
2026-06-17,g010,b0224,echec,10
2026-06-17,g010,b0215,echec,10
2026-06-17,g010,b0240,echec,9
2026-06-17,g024,b0201,reussite,1
2026-06-17,g024,b0201,reussite,1
2026-06-17,g024,b0184,echec,9
2026-06-17,g024,b0242,echec,3
2026-06-17,g024,b0202,echec,10
2026-06-17,g024,b0214,echec,15
2026-06-17,g024,b0234,echec,16
2026-06-17,g024,b0181,reussite,1
2026-06-17,g024,b0175,echec,7
2026-06-17,g024,b0177,echec,10
2026-06-17,g024,b0196,echec,8
2026-06-17,g024,b0180,reussite,1
2026-06-17,g024,b0159,reussite,1
2026-06-17,g024,b0215,echec,13
2026-06-17,g024,b0246,echec,11
2026-06-17,g024,b0247,echec,18
2026-06-17,g024,b0231,reussite,1
2026-06-17,g024,b0219,reussite,1
2026-06-17,g026,b0198,echec,13
2026-06-17,g026,b0233,reussite,1
2026-06-17,g026,b0157,echec,14
2026-06-17,g026,b0247,reussite,8
2026-06-17,g026,b0184,reussite,1
2026-06-17,g026,b0242,reussite,1
2026-06-17,g037,b0194,reussite,1
2026-06-17,g037,b0166,reussite,1
2026-06-17,g037,b0165,echec,4
2026-06-17,g037,b0176,echec,13
2026-06-17,g037,b0215,reussite,12
2026-06-17,g037,b0175,reussite,1
2026-06-17,g037,b0203,echec,9
2026-06-17,g037,b0156,echec,10
2026-06-17,g043,b0235,reussite,1
2026-06-17,g043,b0161,reussite,1
2026-06-17,g043,b0234,echec,12
2026-06-17,g043,b0236,echec,14
2026-06-17,g043,b0151,reussite,1
2026-06-17,g043,b0202,echec,5
2026-06-17,g043,b0222,reussite,1
2026-06-17,g043,b0203,echec,18
2026-06-17,g044,b0234,reussite,1
2026-06-17,g044,b0170,reussite,1
2026-06-17,g044,b0180,reussite,1
2026-06-17,g044,b0163,reussite,1
2026-06-17,g044,b0196,echec,10
2026-06-17,g044,b0239,reussite,1
2026-06-17,g044,b0177,echec,13
2026-06-17,g044,b0238,echec,16
2026-06-17,g044,b0229,echec,9
2026-06-17,g044,b0167,echec,10
2026-06-17,g044,b0232,reussite,1
2026-06-17,g044,b0154,echec,11
2026-06-17,g044,b0246,echec,15
2026-06-17,g044,b0205,echec,7
2026-06-17,g044,b0159,reussite,1
2026-06-17,g044,b0218,echec,8
2026-06-17,g044,b0190,reussite,1
2026-06-17,g046,b0184,reussite,1
2026-06-17,g046,b0201,reussite,1
2026-06-17,g046,b0162,echec,15
2026-06-17,g046,b0241,reussite,1
2026-06-17,g046,b0174,echec,11
2026-06-17,g046,b0242,echec,2
2026-06-17,g046,b0202,reussite,13
2026-06-17,g046,b0223,reussite,2
2026-06-17,g046,b0166,echec,12
2026-06-17,g046,b0155,echec,15
2026-06-17,g046,b0175,echec,9
2026-06-17,g048,b0233,reussite,1
2026-06-17,g048,b0157,echec,9
2026-06-17,g048,b0196,echec,16
2026-06-17,g048,b0227,echec,8
2026-06-17,g048,b0168,echec,7
2026-06-17,g048,b0171,reussite,1
2026-06-17,g051,b0247,echec,15
2026-06-17,g051,b0227,echec,14
2026-06-17,g051,b0212,reussite,1
2026-06-17,g051,b0226,echec,10
2026-06-17,g051,b0225,echec,12
2026-06-17,g051,b0203,reussite,10
2026-06-17,g051,b0213,reussite,1
2026-06-17,g051,b0206,reussite,9
2026-06-17,g054,b0245,reussite,10
2026-06-17,g054,b0224,echec,6
2026-06-17,g054,b0235,reussite,13
2026-06-17,g054,b0234,reussite,8
2026-06-17,g054,b0244,reussite,12
2026-06-17,g054,b0204,echec,13
2026-06-17,g054,b0184,reussite,3
2026-06-18,g005,b0245,reussite,1
2026-06-18,g005,b0168,reussite,1
2026-06-18,g005,b0238,echec,11
2026-06-18,g005,b0234,reussite,1
2026-06-18,g005,b0218,echec,9
2026-06-18,g005,b0166,reussite,1
2026-06-18,g005,b0228,echec,13
2026-06-18,g005,b0217,echec,13
2026-06-18,g005,b0178,echec,6
2026-06-18,g005,b0164,reussite,1
2026-06-18,g005,b0242,reussite,1
2026-06-18,g011,b0197,echec,14
2026-06-18,g011,b0168,echec,17
2026-06-18,g011,b0226,echec,12
2026-06-18,g011,b0245,echec,12
2026-06-18,g011,b0175,echec,9
2026-06-18,g011,b0225,echec,15
2026-06-18,g011,b0153,reussite,6
2026-06-18,g011,b0166,reussite,7
2026-06-18,g011,b0213,reussite,1
2026-06-18,g014,b0153,reussite,1
2026-06-18,g014,b0175,reussite,1
2026-06-18,g014,b0196,echec,17
2026-06-18,g014,b0162,echec,6
2026-06-18,g014,b0194,echec,12
2026-06-18,g014,b0185,reussite,3
2026-06-18,g026,b0198,echec,17
2026-06-18,g026,b0237,echec,15
2026-06-18,g026,b0177,echec,6
2026-06-18,g026,b0217,echec,10
2026-06-18,g026,b0223,reussite,1
2026-06-18,g026,b0161,reussite,1
2026-06-18,g026,b0157,echec,6
2026-06-18,g026,b0210,reussite,1
2026-06-18,g026,b0201,reussite,1
2026-06-18,g026,b0187,echec,17
2026-06-18,g027,b0153,reussite,1
2026-06-18,g027,b0163,reussite,1
2026-06-18,g027,b0173,reussite,2
2026-06-18,g027,b0193,reussite,2
2026-06-18,g027,b0151,reussite,1
2026-06-18,g027,b0241,reussite,2
2026-06-18,g027,b0171,reussite,2
2026-06-18,g027,b0162,echec,7
2026-06-18,g027,b0152,echec,1
2026-06-18,g027,b0232,reussite,1
2026-06-18,g027,b0155,echec,9
2026-06-18,g033,b0248,echec,10
2026-06-18,g033,b0207,echec,13
2026-06-18,g033,b0208,echec,8
2026-06-18,g033,b0238,echec,15
2026-06-18,g033,b0235,reussite,2
2026-06-18,g033,b0185,reussite,1
2026-06-18,g033,b0186,echec,16
2026-06-18,g033,b0156,echec,7
2026-06-18,g033,b0175,reussite,1
2026-06-18,g044,b0244,echec,11
2026-06-18,g044,b0168,echec,14
2026-06-18,g044,b0184,reussite,3
2026-06-18,g044,b0153,reussite,8
2026-06-18,g044,b0185,reussite,12
2026-06-18,g044,b0242,reussite,2
2026-06-18,g044,b0204,echec,6
2026-06-18,g044,b0157,echec,11
2026-06-18,g044,b0235,echec,12
2026-06-18,g044,b0210,reussite,1
2026-06-18,g047,b0176,echec,14
2026-06-18,g047,b0197,reussite,9
2026-06-18,g047,b0153,reussite,4
2026-06-18,g047,b0214,echec,8
2026-06-18,g049,b0244,echec,16
2026-06-18,g049,b0235,echec,6
2026-06-18,g049,b0233,echec,9
2026-06-18,g049,b0162,echec,15
2026-06-18,g049,b0245,echec,15
2026-06-19,g001,b0241,reussite,1
2026-06-19,g001,b0164,reussite,1
2026-06-19,g001,b0215,echec,15
2026-06-19,g001,b0167,echec,16
2026-06-19,g001,b0197,echec,8
2026-06-19,g001,b0195,echec,7
2026-06-19,g001,b0202,reussite,4
2026-06-19,g001,b0181,reussite,2
2026-06-19,g001,b0200,reussite,1
2026-06-19,g001,b0194,echec,12
2026-06-19,g001,b0175,echec,8
2026-06-19,g001,b0164,reussite,1
2026-06-19,g001,b0235,echec,8
2026-06-19,g001,b0236,echec,11
2026-06-19,g001,b0195,echec,13
2026-06-19,g004,b0240,echec,9
2026-06-19,g004,b0220,reussite,1
2026-06-19,g004,b0237,echec,11
2026-06-19,g004,b0193,reussite,1
2026-06-19,g004,b0152,reussite,1
2026-06-19,g004,b0182,reussite,1
2026-06-19,g008,b0235,reussite,1
2026-06-19,g008,b0242,reussite,1
2026-06-19,g008,b0187,reussite,12
2026-06-19,g008,b0238,echec,10
2026-06-19,g008,b0174,echec,1
2026-06-19,g008,b0248,echec,12
2026-06-19,g008,b0220,reussite,1
2026-06-19,g008,b0205,echec,8
2026-06-19,g008,b0177,echec,9
2026-06-19,g008,b0247,echec,6
2026-06-19,g008,b0246,echec,16
2026-06-19,g008,b0167,echec,13
2026-06-19,g010,b0235,reussite,1
2026-06-19,g010,b0195,echec,9
2026-06-19,g010,b0167,echec,17
2026-06-19,g010,b0226,reussite,7
2026-06-19,g010,b0206,echec,5
2026-06-19,g010,b0186,echec,18
2026-06-19,g010,b0205,echec,8
2026-06-19,g010,b0175,reussite,2
2026-06-19,g010,b0185,reussite,1
2026-06-19,g010,b0157,echec,8
2026-06-19,g014,b0224,echec,8
2026-06-19,g014,b0226,reussite,6
2026-06-19,g014,b0183,reussite,1
2026-06-19,g014,b0210,reussite,1
2026-06-19,g014,b0225,echec,12
2026-06-19,g014,b0196,echec,7
2026-06-19,g014,b0207,echec,9
2026-06-19,g014,b0241,reussite,1
2026-06-19,g014,b0243,reussite,1
2026-06-19,g014,b0238,echec,10
2026-06-19,g015,b0174,reussite,1
2026-06-19,g015,b0206,reussite,4
2026-06-19,g015,b0205,echec,10
2026-06-19,g015,b0154,echec,11
2026-06-19,g015,b0167,echec,10
2026-06-19,g015,b0195,echec,7
2026-06-19,g015,b0196,echec,13
2026-06-19,g016,b0172,reussite,1
2026-06-19,g016,b0233,reussite,1
2026-06-19,g016,b0235,echec,11
2026-06-19,g016,b0183,reussite,1
2026-06-19,g016,b0227,echec,10
2026-06-19,g016,b0196,echec,16
2026-06-19,g016,b0174,echec,8
2026-06-19,g016,b0214,echec,13
2026-06-19,g016,b0223,reussite,1
2026-06-19,g016,b0162,reussite,3
2026-06-19,g016,b0156,echec,11
2026-06-19,g017,b0202,reussite,1
2026-06-19,g017,b0152,reussite,1
2026-06-19,g017,b0194,echec,14
2026-06-19,g017,b0175,echec,9
2026-06-19,g017,b0172,reussite,2
2026-06-19,g017,b0166,reussite,7
2026-06-19,g017,b0177,echec,16
2026-06-19,g017,b0212,reussite,1
2026-06-19,g017,b0202,reussite,5
2026-06-19,g017,b0244,echec,10
2026-06-19,g017,b0174,echec,17
2026-06-19,g017,b0245,echec,12
2026-06-19,g019,b0202,reussite,1
2026-06-19,g019,b0153,echec,7
2026-06-19,g019,b0175,echec,15
2026-06-19,g019,b0194,echec,14
2026-06-19,g019,b0184,echec,4
2026-06-19,g019,b0233,echec,9
2026-06-19,g019,b0164,reussite,5
2026-06-19,g021,b0184,reussite,1
2026-06-19,g021,b0153,reussite,1
2026-06-19,g021,b0213,reussite,3
2026-06-19,g021,b0161,reussite,1
2026-06-19,g021,b0236,echec,17
2026-06-19,g021,b0155,echec,9
2026-06-19,g021,b0172,echec,4
2026-06-19,g021,b0233,reussite,9
2026-06-19,g021,b0241,reussite,1
2026-06-19,g021,b0234,echec,8
2026-06-19,g021,b0212,reussite,6
2026-06-19,g022,b0242,reussite,1
2026-06-19,g022,b0173,reussite,1
2026-06-19,g022,b0204,reussite,10
2026-06-19,g022,b0247,echec,14
2026-06-19,g022,b0205,echec,14
2026-06-19,g022,b0226,echec,7
2026-06-19,g022,b0201,reussite,1
2026-06-19,g022,b0224,reussite,15
2026-06-19,g022,b0193,reussite,1
2026-06-19,g028,b0212,reussite,1
2026-06-19,g028,b0233,reussite,1
2026-06-19,g028,b0244,reussite,15
2026-06-19,g028,b0216,echec,8
2026-06-19,g030,b0222,reussite,1
2026-06-19,g030,b0242,reussite,1
2026-06-19,g030,b0170,reussite,1
2026-06-19,g030,b0239,reussite,1
2026-06-19,g030,b0165,echec,8
2026-06-19,g030,b0207,echec,16
2026-06-19,g030,b0196,echec,14
2026-06-19,g030,b0160,reussite,1
2026-06-19,g030,b0163,reussite,1
2026-06-19,g030,b0226,echec,10
2026-06-19,g030,b0245,echec,6
2026-06-19,g034,b0166,reussite,1
2026-06-19,g034,b0210,reussite,1
2026-06-19,g034,b0248,echec,12
2026-06-19,g034,b0224,echec,17
2026-06-19,g034,b0173,reussite,1
2026-06-19,g034,b0238,echec,8
2026-06-19,g034,b0207,echec,7
2026-06-19,g034,b0227,echec,16
2026-06-19,g041,b0228,echec,10
2026-06-19,g041,b0217,echec,10
2026-06-19,g041,b0240,echec,16
2026-06-19,g041,b0188,echec,13
2026-06-19,g041,b0230,echec,10
2026-06-19,g041,b0237,echec,12
2026-06-19,g048,b0200,reussite,1
2026-06-19,g048,b0201,reussite,1
2026-06-19,g048,b0247,echec,8
2026-06-19,g048,b0215,echec,7
2026-06-19,g048,b0168,echec,8
2026-06-19,g048,b0192,reussite,1
2026-06-19,g048,b0205,echec,10
2026-06-19,g048,b0196,echec,11
2026-06-19,g049,b0151,reussite,1
2026-06-19,g049,b0168,echec,13
2026-06-19,g049,b0204,echec,13
2026-06-19,g049,b0226,echec,9
2026-06-19,g050,b0161,reussite,1
2026-06-19,g050,b0177,echec,16
2026-06-19,g050,b0175,echec,14
2026-06-19,g050,b0197,echec,11
2026-06-19,g050,b0174,echec,6
2026-06-19,g050,b0236,echec,15
2026-06-19,g050,b0235,echec,6
2026-06-19,g050,b0183,reussite,1
2026-06-19,g050,b0157,echec,15
2026-06-19,g050,b0204,echec,10
2026-06-19,g050,b0197,echec,13
2026-06-19,g050,b0206,echec,7
2026-06-19,g050,b0232,reussite,1
2026-06-19,g050,b0245,echec,13
2026-06-19,g050,b0171,reussite,1
2026-06-19,g050,b0222,reussite,1
2026-06-19,g050,b0226,echec,17
2026-06-20,g003,b0151,reussite,1
2026-06-20,g003,b0217,echec,7
2026-06-20,g003,b0201,reussite,1
2026-06-20,g003,b0260,reussite,1
2026-06-20,g003,b0152,reussite,1
2026-06-20,g003,b0238,echec,12
2026-06-20,g003,b0156,echec,16
2026-06-20,g007,b0202,reussite,1
2026-06-20,g007,b0244,echec,6
2026-06-20,g007,b0238,echec,15
2026-06-20,g007,b0184,echec,3
2026-06-20,g007,b0255,echec,14
2026-06-20,g007,b0224,echec,17
2026-06-20,g007,b0264,echec,5
2026-06-20,g007,b0242,reussite,2
2026-06-20,g009,b0287,echec,8
2026-06-20,g009,b0187,echec,11
2026-06-20,g009,b0156,echec,8
2026-06-20,g009,b0268,echec,17
2026-06-20,g009,b0248,echec,15
2026-06-20,g009,b0181,reussite,1
2026-06-20,g009,b0207,echec,8
2026-06-20,g009,b0238,echec,17
2026-06-20,g009,b0288,echec,14
2026-06-20,g009,b0186,echec,7
2026-06-20,g011,b0194,echec,6
2026-06-20,g011,b0168,echec,7
2026-06-20,g011,b0274,echec,8
2026-06-20,g011,b0293,reussite,13
2026-06-20,g011,b0175,echec,5
2026-06-20,g011,b0216,echec,10
2026-06-20,g011,b0236,reussite,14
2026-06-20,g011,b0265,echec,14
2026-06-20,g022,b0174,reussite,1
2026-06-20,g022,b0185,reussite,1
2026-06-20,g022,b0256,echec,14
2026-06-20,g022,b0233,reussite,1
2026-06-20,g022,b0242,reussite,1
2026-06-20,g022,b0295,echec,17
2026-06-20,g022,b0213,reussite,1
2026-06-20,g022,b0253,reussite,1
2026-06-20,g022,b0245,echec,12
2026-06-20,g022,b0197,echec,16
2026-06-20,g022,b0206,echec,15
2026-06-20,g022,b0153,reussite,1
2026-06-20,g022,b0263,reussite,1
2026-06-20,g022,b0256,echec,7
2026-06-20,g022,b0223,reussite,1
2026-06-20,g022,b0207,echec,12
2026-06-20,g022,b0245,echec,11
2026-06-20,g022,b0206,reussite,13
2026-06-20,g024,b0214,echec,6
2026-06-20,g024,b0242,echec,5
2026-06-20,g024,b0201,reussite,2
2026-06-20,g024,b0202,echec,12
2026-06-20,g024,b0172,echec,3
2026-06-20,g024,b0283,echec,15
2026-06-20,g024,b0183,reussite,1
2026-06-20,g024,b0185,echec,6
2026-06-20,g024,b0244,echec,14
2026-06-20,g024,b0297,echec,7
2026-06-20,g024,b0262,echec,15
2026-06-20,g024,b0211,reussite,1
2026-06-20,g024,b0162,echec,8
2026-06-20,g025,b0206,reussite,1
2026-06-20,g025,b0245,reussite,1
2026-06-20,g025,b0295,echec,2
2026-06-20,g025,b0196,reussite,13
2026-06-20,g025,b0165,reussite,5
2026-06-20,g025,b0275,echec,3
2026-06-20,g025,b0207,reussite,8
2026-06-20,g025,b0286,echec,10
2026-06-20,g025,b0236,reussite,1
2026-06-20,g028,b0246,echec,15
2026-06-20,g028,b0197,echec,14
2026-06-20,g028,b0159,reussite,1
2026-06-20,g028,b0236,echec,13
2026-06-20,g028,b0163,reussite,1
2026-06-20,g028,b0190,reussite,1
2026-06-20,g028,b0271,reussite,1
2026-06-20,g028,b0295,echec,11
2026-06-20,g028,b0256,echec,14
2026-06-20,g029,b0165,echec,11
2026-06-20,g029,b0214,echec,10
2026-06-20,g029,b0202,reussite,4
2026-06-20,g029,b0262,echec,8
2026-06-20,g029,b0297,echec,14
2026-06-20,g029,b0185,echec,7
2026-06-20,g029,b0212,reussite,1
2026-06-20,g029,b0274,echec,13
2026-06-20,g029,b0236,echec,6
2026-06-20,g031,b0210,reussite,1
2026-06-20,g031,b0266,echec,16
2026-06-20,g031,b0282,reussite,1
2026-06-20,g031,b0208,echec,17
2026-06-20,g031,b0260,reussite,1
2026-06-20,g031,b0291,reussite,1
2026-06-20,g031,b0289,reussite,1
2026-06-20,g041,b0206,echec,6
2026-06-20,g041,b0292,reussite,1
2026-06-20,g041,b0291,reussite,1
2026-06-20,g041,b0271,reussite,1
2026-06-20,g041,b0225,echec,11
2026-06-20,g041,b0227,echec,7
2026-06-20,g041,b0163,reussite,1
2026-06-20,g041,b0180,reussite,1
2026-06-20,g041,b0289,reussite,1
2026-06-20,g041,b0159,reussite,1
2026-06-20,g044,b0175,reussite,11
2026-06-20,g044,b0226,echec,11
2026-06-20,g044,b0255,reussite,12
2026-06-20,g044,b0235,echec,10
2026-06-20,g044,b0168,echec,18
2026-06-20,g044,b0206,echec,10
2026-06-20,g044,b0293,echec,12
2026-06-20,g044,b0284,echec,9
2026-06-20,g044,b0197,echec,11
2026-06-20,g044,b0203,reussite,8
2026-06-21,g002,b0272,reussite,1
2026-06-21,g002,b0265,echec,13
2026-06-21,g002,b0206,echec,16
2026-06-21,g002,b0226,echec,15
2026-06-21,g002,b0295,echec,12
2026-06-21,g002,b0168,echec,16
2026-06-21,g002,b0285,echec,8
2026-06-21,g002,b0261,reussite,1
2026-06-21,g002,b0167,echec,7
2026-06-21,g003,b0166,reussite,1
2026-06-21,g003,b0263,reussite,1
2026-06-21,g003,b0185,echec,13
2026-06-21,g003,b0234,echec,5
2026-06-21,g003,b0284,echec,14
2026-06-21,g003,b0264,echec,14
2026-06-21,g003,b0295,echec,16
2026-06-21,g003,b0167,echec,17
2026-06-21,g003,b0214,echec,8
2026-06-21,g003,b0174,echec,9
2026-06-21,g014,b0159,reussite,1
2026-06-21,g014,b0217,echec,8
2026-06-21,g014,b0271,reussite,1
2026-06-21,g014,b0287,echec,13
2026-06-21,g014,b0163,reussite,1
2026-06-21,g014,b0189,reussite,1
2026-06-21,g014,b0230,echec,8
2026-06-21,g014,b0240,echec,6
2026-06-21,g014,b0179,echec,8
2026-06-21,g014,b0219,reussite,1
2026-06-21,g024,b0172,reussite,1
2026-06-21,g024,b0202,reussite,1
2026-06-21,g024,b0264,echec,14
2026-06-21,g024,b0233,echec,14
2026-06-21,g024,b0234,echec,16
2026-06-21,g024,b0184,echec,3
2026-06-21,g024,b0197,echec,17
2026-06-21,g024,b0164,reussite,5
2026-06-21,g024,b0166,echec,12
2026-06-21,g024,b0222,reussite,1
2026-06-21,g024,b0263,reussite,4
2026-06-21,g024,b0194,echec,10
2026-06-21,g025,b0204,reussite,1
2026-06-21,g025,b0295,reussite,4
2026-06-21,g025,b0154,echec,17
2026-06-21,g025,b0227,reussite,13
2026-06-21,g025,b0168,echec,13
2026-06-21,g025,b0238,echec,12
2026-06-21,g025,b0276,echec,12
2026-06-21,g025,b0205,echec,11
2026-06-21,g025,b0226,reussite,3
2026-06-21,g025,b0246,echec,7
2026-06-21,g025,b0274,reussite,1
2026-06-21,g025,b0177,echec,6
2026-06-21,g025,b0257,echec,7
2026-06-21,g025,b0164,reussite,1
2026-06-21,g025,b0283,reussite,1
2026-06-21,g025,b0208,echec,17
2026-06-21,g025,b0258,echec,16
2026-06-21,g025,b0266,echec,16
2026-06-21,g025,b0268,echec,11
2026-06-21,g025,b0186,echec,15
2026-06-21,g026,b0203,reussite,1
2026-06-21,g026,b0274,reussite,2
2026-06-21,g026,b0279,echec,14
2026-06-21,g026,b0204,echec,6
2026-06-21,g026,b0168,echec,10
2026-06-21,g026,b0216,echec,17
2026-06-21,g026,b0195,reussite,14
2026-06-21,g026,b0245,reussite,5
2026-06-21,g026,b0215,echec,13
2026-06-21,g026,b0214,reussite,5
2026-06-21,g026,b0227,echec,9
2026-06-21,g026,b0207,echec,16
2026-06-21,g026,b0296,echec,12
2026-06-21,g026,b0284,reussite,1
2026-06-21,g026,b0264,reussite,1
2026-06-21,g026,b0287,echec,14
2026-06-21,g026,b0177,echec,11
2026-06-21,g041,b0223,reussite,2
2026-06-21,g041,b0273,reussite,4
2026-06-21,g041,b0255,echec,7
2026-06-21,g041,b0234,reussite,14
2026-06-21,g041,b0293,echec,7
2026-06-21,g041,b0274,echec,10
2026-06-21,g041,b0281,reussite,1
2026-06-21,g041,b0196,echec,10
2026-06-21,g041,b0244,echec,11
2026-06-21,g041,b0235,echec,15
2026-06-21,g041,b0223,reussite,1
2026-06-21,g041,b0170,reussite,1
2026-06-21,g041,b0266,echec,13
2026-06-21,g041,b0279,echec,9
2026-06-21,g041,b0267,echec,12
2026-06-21,g041,b0270,reussite,1
2026-06-21,g041,b0257,echec,12
2026-06-21,g041,b0278,echec,9
2026-06-21,g041,b0269,echec,8
2026-06-21,g041,b0268,echec,15
2026-06-21,g041,b0258,echec,16
2026-06-21,g049,b0201,reussite,1
2026-06-21,g049,b0295,echec,17
2026-06-21,g049,b0274,echec,8
2026-06-21,g049,b0262,echec,11
2026-06-21,g049,b0185,echec,11
2026-06-21,g049,b0233,echec,9
2026-06-21,g049,b0283,echec,13
2026-06-21,g049,b0260,reussite,1
2026-06-21,g049,b0292,reussite,1
2026-06-21,g049,b0163,reussite,1
2026-06-21,g049,b0215,echec,15
2026-06-21,g049,b0239,reussite,1
2026-06-21,g049,b0160,reussite,2
2026-06-21,g049,b0209,reussite,1
2026-06-21,g049,b0247,echec,17
2026-06-21,g049,b0170,reussite,1
2026-06-21,g049,b0225,echec,15
2026-06-21,g049,b0289,reussite,1
2026-06-22,g002,b0262,reussite,5
2026-06-22,g002,b0165,echec,8
2026-06-22,g002,b0183,reussite,1
2026-06-22,g002,b0204,echec,17
2026-06-22,g002,b0264,reussite,6
2026-06-22,g002,b0172,reussite,1
2026-06-22,g006,b0233,reussite,1
2026-06-22,g006,b0155,echec,4
2026-06-22,g006,b0273,reussite,1
2026-06-22,g006,b0162,echec,10
2026-06-22,g006,b0242,reussite,2
2026-06-22,g006,b0165,echec,8
2026-06-22,g006,b0167,echec,7
2026-06-22,g011,b0212,reussite,1
2026-06-22,g011,b0212,reussite,1
2026-06-22,g011,b0203,echec,9
2026-06-22,g011,b0260,reussite,1
2026-06-22,g011,b0204,echec,18
2026-06-22,g011,b0256,reussite,7
2026-06-22,g011,b0184,reussite,3
2026-06-22,g011,b0284,reussite,8
2026-06-22,g011,b0214,reussite,13
2026-06-22,g017,b0252,reussite,2
2026-06-22,g017,b0282,reussite,1
2026-06-22,g017,b0211,reussite,1
2026-06-22,g017,b0292,reussite,1
2026-06-22,g017,b0225,echec,17
2026-06-22,g017,b0215,echec,16
2026-06-22,g017,b0281,reussite,1
2026-06-22,g021,b0283,reussite,1
2026-06-22,g021,b0185,echec,8
2026-06-22,g021,b0166,echec,7
2026-06-22,g021,b0220,reussite,2
2026-06-22,g021,b0172,reussite,3
2026-06-22,g021,b0183,echec,2
2026-06-22,g021,b0235,echec,13
2026-06-22,g022,b0194,reussite,1
2026-06-22,g022,b0194,reussite,1
2026-06-22,g022,b0256,echec,9
2026-06-22,g022,b0235,reussite,8
2026-06-22,g022,b0174,reussite,7
2026-06-22,g022,b0153,echec,4
2026-06-22,g022,b0175,reussite,5
2026-06-22,g022,b0264,reussite,7
2026-06-22,g022,b0185,reussite,3
2026-06-22,g022,b0184,reussite,1
2026-06-22,g022,b0203,reussite,13
2026-06-22,g027,b0159,reussite,1
2026-06-22,g027,b0256,echec,14
2026-06-22,g027,b0297,echec,11
2026-06-22,g027,b0275,echec,17
2026-06-22,g027,b0204,echec,14
2026-06-22,g027,b0245,echec,14
2026-06-22,g027,b0225,echec,15
2026-06-22,g027,b0205,echec,9
2026-06-22,g027,b0176,echec,11
2026-06-22,g033,b0168,reussite,3
2026-06-22,g033,b0197,reussite,2
2026-06-22,g033,b0186,echec,15
2026-06-22,g033,b0246,echec,9
2026-06-22,g033,b0194,reussite,1
2026-06-22,g033,b0174,reussite,2
2026-06-22,g033,b0218,echec,17
2026-06-22,g037,b0195,echec,7
2026-06-22,g037,b0279,echec,10
2026-06-22,g037,b0167,echec,8
2026-06-22,g037,b0196,reussite,15
2026-06-22,g037,b0206,echec,3
2026-06-22,g037,b0155,reussite,1
2026-06-22,g037,b0262,reussite,1
2026-06-22,g037,b0245,reussite,3
2026-06-22,g046,b0294,echec,17
2026-06-22,g046,b0247,echec,17
2026-06-22,g046,b0264,echec,10
2026-06-22,g046,b0262,reussite,11
2026-06-22,g046,b0272,reussite,1
2026-06-22,g046,b0281,reussite,1
2026-06-22,g046,b0284,echec,11
2026-06-22,g047,b0293,reussite,1
2026-06-22,g047,b0214,reussite,1
2026-06-22,g047,b0274,reussite,9
2026-06-22,g047,b0186,echec,17
2026-06-22,g047,b0253,reussite,1
2026-06-22,g047,b0284,reussite,8
2026-06-22,g047,b0212,reussite,1
2026-06-22,g047,b0227,echec,14
2026-06-22,g047,b0215,echec,10
2026-06-22,g051,b0214,reussite,1
2026-06-22,g051,b0256,echec,15
2026-06-22,g051,b0266,echec,6
2026-06-22,g051,b0275,echec,12
2026-06-22,g051,b0165,echec,10
2026-06-22,g051,b0235,echec,4
2026-06-22,g051,b0276,echec,9
2026-06-22,g051,b0264,reussite,4
2026-06-23,g001,b0288,echec,14
2026-06-23,g001,b0267,echec,7
2026-06-23,g001,b0300,echec,9
2026-06-23,g001,b0269,echec,16
2026-06-23,g001,b0259,echec,8
2026-06-23,g001,b0290,echec,17
2026-06-23,g001,b0277,echec,12
2026-06-23,g001,b0280,echec,12
2026-06-23,g005,b0206,reussite,1
2026-06-23,g005,b0266,echec,14
2026-06-23,g005,b0257,echec,7
2026-06-23,g005,b0202,reussite,1
2026-06-23,g005,b0283,reussite,1
2026-06-23,g005,b0268,echec,11
2026-06-23,g005,b0230,echec,10
2026-06-23,g005,b0279,echec,12
2026-06-23,g005,b0269,echec,9
2026-06-23,g005,b0178,echec,9
2026-06-23,g005,b0259,echec,8
2026-06-23,g007,b0175,reussite,1
2026-06-23,g007,b0220,reussite,1
2026-06-23,g007,b0261,reussite,1
2026-06-23,g007,b0195,echec,16
2026-06-23,g007,b0272,reussite,2
2026-06-23,g007,b0285,echec,14
2026-06-23,g007,b0154,echec,8
2026-06-23,g008,b0185,reussite,2
2026-06-23,g008,b0153,reussite,2
2026-06-23,g008,b0202,reussite,2
2026-06-23,g008,b0197,reussite,5
2026-06-23,g008,b0276,echec,17
2026-06-23,g008,b0226,echec,7
2026-06-23,g008,b0176,echec,15
2026-06-23,g008,b0216,echec,16
2026-06-23,g008,b0234,reussite,2
2026-06-23,g012,b0255,reussite,1
2026-06-23,g012,b0293,reussite,1
2026-06-23,g012,b0235,echec,2
2026-06-23,g012,b0274,reussite,1
2026-06-23,g012,b0236,echec,5
2026-06-23,g012,b0155,reussite,2
2026-06-23,g012,b0185,echec,4
2026-06-23,g012,b0215,echec,15
2026-06-23,g012,b0164,reussite,2
2026-06-23,g012,b0286,echec,10
2026-06-23,g012,b0242,reussite,2
2026-06-23,g012,b0165,reussite,11
2026-06-23,g014,b0204,reussite,1
2026-06-23,g014,b0190,reussite,1
2026-06-23,g014,b0287,echec,12
2026-06-23,g014,b0207,echec,16
2026-06-23,g014,b0160,reussite,1
2026-06-23,g014,b0248,echec,13
2026-06-23,g014,b0176,echec,16
2026-06-23,g024,b0272,reussite,2
2026-06-23,g024,b0155,reussite,7
2026-06-23,g024,b0284,echec,17
2026-06-23,g024,b0254,reussite,1
2026-06-23,g024,b0274,echec,13
2026-06-23,g024,b0243,reussite,2
2026-06-23,g024,b0166,echec,12
2026-06-23,g024,b0251,reussite,1
2026-06-23,g024,b0281,reussite,1
2026-06-23,g024,b0282,reussite,1
2026-06-23,g033,b0205,reussite,7
2026-06-23,g033,b0247,echec,10
2026-06-23,g033,b0204,reussite,2
2026-06-23,g033,b0275,reussite,4
2026-06-23,g033,b0257,reussite,11
2026-06-23,g033,b0196,echec,8
2026-06-23,g033,b0154,echec,12
2026-06-23,g033,b0286,echec,7
2026-06-23,g033,b0269,echec,16
2026-06-23,g033,b0176,echec,9
2026-06-23,g033,b0174,reussite,1
2026-06-23,g033,b0258,echec,17
2026-06-23,g033,b0238,echec,17
2026-06-23,g033,b0284,reussite,1
2026-06-23,g033,b0248,echec,9
2026-06-23,g033,b0207,echec,16
2026-06-23,g033,b0293,reussite,1
2026-06-23,g033,b0287,echec,16
2026-06-23,g044,b0262,echec,4
2026-06-23,g044,b0194,echec,14
2026-06-23,g044,b0283,reussite,4
2026-06-23,g044,b0174,echec,6
2026-06-23,g044,b0202,reussite,5
2026-06-23,g044,b0214,echec,11
2026-06-23,g044,b0274,echec,6
2026-06-23,g044,b0236,echec,10
2026-06-23,g044,b0164,echec,3
2026-06-23,g044,b0261,reussite,1
2026-06-23,g047,b0273,reussite,1
2026-06-23,g047,b0184,reussite,1
2026-06-23,g047,b0262,reussite,4
2026-06-23,g047,b0244,echec,7
2026-06-23,g047,b0234,reussite,3
2026-06-23,g047,b0264,echec,5
2026-06-23,g047,b0279,echec,10
2026-06-23,g047,b0297,echec,5
2026-06-23,g047,b0194,reussite,1
2026-06-23,g047,b0194,reussite,1
2026-06-23,g047,b0265,echec,10
2026-06-23,g047,b0244,reussite,8
2026-06-23,g047,b0264,echec,3
2026-06-23,g047,b0256,echec,10
2026-06-23,g047,b0245,reussite,10
2026-06-23,g047,b0226,echec,8
2026-06-23,g047,b0296,echec,17
2026-06-23,g047,b0206,echec,13
2026-06-23,g047,b0203,echec,11
2026-06-23,g047,b0215,echec,9
2026-06-23,g055,b0227,echec,8
2026-06-23,g055,b0162,echec,5
2026-06-23,g055,b0166,echec,3
2026-06-23,g055,b0174,echec,5
2026-06-23,g055,b0196,echec,15
2026-06-23,g055,b0167,echec,8
2026-06-23,g055,b0263,reussite,1
2026-06-23,g055,b0286,echec,8
2026-06-24,g007,b0162,reussite,1
2026-06-24,g007,b0203,echec,18
2026-06-24,g007,b0175,echec,13
2026-06-24,g007,b0202,reussite,5
2026-06-24,g007,b0224,echec,8
2026-06-24,g007,b0264,echec,6
2026-06-24,g007,b0174,echec,6
2026-06-24,g007,b0212,reussite,1
2026-06-24,g011,b0154,echec,17
2026-06-24,g011,b0264,reussite,10
2026-06-24,g011,b0204,echec,9
2026-06-24,g011,b0172,reussite,2
2026-06-24,g011,b0296,echec,14
2026-06-24,g011,b0256,echec,6
2026-06-24,g011,b0214,echec,6
2026-06-24,g011,b0284,echec,7
2026-06-24,g013,b0176,reussite,1
2026-06-24,g013,b0248,echec,14
2026-06-24,g013,b0207,reussite,8
2026-06-24,g013,b0158,echec,6
2026-06-24,g013,b0195,echec,9
2026-06-24,g013,b0186,echec,8
2026-06-24,g014,b0202,reussite,1
2026-06-24,g014,b0197,echec,14
2026-06-24,g014,b0206,reussite,16
2026-06-24,g014,b0283,reussite,1
2026-06-24,g014,b0174,reussite,10
2026-06-24,g014,b0246,echec,17
2026-06-24,g014,b0214,echec,8
2026-06-24,g014,b0203,echec,6
2026-06-24,g014,b0256,reussite,13
2026-06-24,g014,b0224,echec,8
2026-06-24,g014,b0297,reussite,15
2026-06-24,g021,b0283,reussite,1
2026-06-24,g021,b0220,reussite,1
2026-06-24,g021,b0194,echec,8
2026-06-24,g021,b0175,echec,15
2026-06-24,g021,b0165,echec,10
2026-06-24,g021,b0173,reussite,2
2026-06-24,g021,b0195,echec,15
2026-06-24,g021,b0181,reussite,2
2026-06-24,g021,b0151,reussite,1
2026-06-24,g021,b0197,echec,15
2026-06-24,g021,b0170,reussite,1
2026-06-24,g029,b0166,reussite,1
2026-06-24,g029,b0227,echec,17
2026-06-24,g029,b0167,echec,7
2026-06-24,g029,b0196,echec,14
2026-06-24,g029,b0247,echec,15
2026-06-24,g029,b0296,echec,14
2026-06-24,g029,b0261,reussite,1
2026-06-24,g029,b0220,reussite,1
2026-06-24,g035,b0192,reussite,1
2026-06-24,g035,b0160,reussite,1
2026-06-24,g035,b0153,echec,12
2026-06-24,g035,b0235,echec,17
2026-06-24,g035,b0234,echec,7
2026-06-24,g035,b0169,reussite,1
2026-06-24,g035,b0264,echec,16
2026-06-24,g035,b0163,echec,1
2026-06-24,g035,b0180,reussite,2
2026-06-24,g035,b0162,echec,17
2026-06-24,g035,b0190,reussite,1
2026-06-24,g035,b0155,echec,15
2026-06-24,g038,b0186,echec,7
2026-06-24,g038,b0244,echec,8
2026-06-24,g038,b0223,reussite,7
2026-06-24,g038,b0235,echec,15
2026-06-24,g038,b0284,echec,15
2026-06-24,g038,b0243,reussite,3
2026-06-24,g038,b0234,echec,13
2026-06-24,g038,b0289,reussite,1
2026-06-24,g038,b0201,reussite,1
2026-06-24,g038,b0236,echec,16
2026-06-24,g050,b0242,reussite,2
2026-06-24,g050,b0181,reussite,1
2026-06-24,g050,b0240,echec,9
2026-06-24,g050,b0184,reussite,7
2026-06-24,g050,b0247,echec,13
2026-06-24,g050,b0213,reussite,1
2026-06-24,g050,b0214,echec,9
2026-06-24,g050,b0227,echec,8
2026-06-25,g004,b0283,reussite,1
2026-06-25,g004,b0164,reussite,1
2026-06-25,g004,b0214,echec,6
2026-06-25,g004,b0244,echec,6
2026-06-25,g004,b0265,echec,8
2026-06-25,g004,b0234,reussite,3
2026-06-25,g004,b0236,echec,11
2026-06-25,g004,b0197,echec,9
2026-06-25,g012,b0167,echec,17
2026-06-25,g012,b0174,reussite,6
2026-06-25,g012,b0294,echec,8
2026-06-25,g012,b0283,reussite,1
2026-06-25,g012,b0274,echec,2
2026-06-25,g012,b0234,reussite,3
2026-06-25,g012,b0203,echec,5
2026-06-25,g012,b0215,echec,6
2026-06-25,g012,b0276,echec,15
2026-06-25,g012,b0208,echec,14
2026-06-25,g012,b0226,echec,14
2026-06-25,g012,b0212,reussite,1
2026-06-25,g012,b0285,echec,15
2026-06-25,g012,b0236,echec,8
2026-06-25,g012,b0224,echec,11
2026-06-25,g012,b0262,reussite,2
2026-06-25,g012,b0253,reussite,1
2026-06-25,g014,b0256,reussite,1
2026-06-25,g014,b0167,echec,9
2026-06-25,g014,b0253,reussite,1
2026-06-25,g014,b0165,echec,11
2026-06-25,g014,b0294,echec,7
2026-06-25,g014,b0265,reussite,6
2026-06-25,g014,b0255,reussite,5
2026-06-25,g014,b0196,echec,14
2026-06-25,g014,b0274,echec,6
2026-06-25,g014,b0205,echec,11
2026-06-25,g015,b0296,reussite,1
2026-06-25,g015,b0246,echec,14
2026-06-25,g015,b0238,echec,9
2026-06-25,g015,b0266,echec,17
2026-06-25,g015,b0213,reussite,1
2026-06-25,g015,b0286,echec,11
2026-06-25,g015,b0233,reussite,1
2026-06-25,g015,b0208,echec,11
2026-06-25,g015,b0276,echec,10
2026-06-25,g015,b0257,echec,13
2026-06-25,g015,b0253,reussite,1
2026-06-25,g021,b0262,echec,7
2026-06-25,g021,b0164,reussite,13
2026-06-25,g021,b0184,reussite,8
2026-06-25,g021,b0252,reussite,1
2026-06-25,g021,b0202,echec,15
2026-06-25,g021,b0281,reussite,1
2026-06-25,g021,b0153,reussite,16
2026-06-25,g021,b0172,reussite,1
2026-06-25,g021,b0210,reussite,1
2026-06-25,g021,b0174,echec,12
2026-06-25,g021,b0284,echec,15
2026-06-25,g021,b0265,echec,8
2026-06-25,g021,b0285,echec,11
2026-06-25,g024,b0201,reussite,1
2026-06-25,g024,b0282,reussite,1
2026-06-25,g024,b0284,echec,17
2026-06-25,g024,b0255,echec,14
2026-06-25,g024,b0171,reussite,1
2026-06-25,g024,b0274,echec,8
2026-06-25,g024,b0293,echec,16
2026-06-25,g024,b0235,echec,11
2026-06-25,g024,b0236,echec,13
2026-06-25,g024,b0204,echec,10
2026-06-25,g025,b0225,reussite,1
2026-06-25,g025,b0287,echec,8
2026-06-25,g025,b0185,reussite,1
2026-06-25,g025,b0235,reussite,2
2026-06-25,g025,b0266,echec,7
2026-06-25,g025,b0279,echec,10
2026-06-25,g025,b0175,reussite,1
2026-06-25,g025,b0166,reussite,1
2026-06-25,g025,b0248,echec,8
2026-06-25,g027,b0161,reussite,1
2026-06-25,g027,b0212,reussite,1
2026-06-25,g027,b0231,reussite,1
2026-06-25,g027,b0297,echec,16
2026-06-25,g027,b0245,echec,10
2026-06-25,g027,b0296,echec,9
2026-06-25,g027,b0265,echec,8
2026-06-25,g027,b0221,reussite,1
2026-06-25,g035,b0152,reussite,1
2026-06-25,g035,b0260,reussite,2
2026-06-25,g035,b0161,reussite,2
2026-06-25,g035,b0184,echec,6
2026-06-25,g035,b0273,reussite,14
2026-06-25,g035,b0166,echec,16
2026-06-25,g035,b0253,echec,5
2026-06-25,g035,b0263,reussite,1
2026-06-25,g035,b0213,reussite,1
2026-06-25,g035,b0297,echec,9
2026-06-25,g035,b0203,echec,15
2026-06-25,g035,b0232,reussite,2
2026-06-25,g035,b0171,reussite,1
2026-06-25,g035,b0162,echec,17
2026-06-25,g035,b0166,echec,10
2026-06-25,g041,b0190,reussite,1
2026-06-25,g041,b0299,reussite,1
2026-06-25,g041,b0247,echec,6
2026-06-25,g041,b0276,echec,9
2026-06-25,g041,b0286,echec,13
2026-06-25,g041,b0191,reussite,1
2026-06-25,g042,b0254,reussite,1
2026-06-25,g042,b0266,echec,12
2026-06-25,g042,b0198,echec,17
2026-06-25,g042,b0261,reussite,1
2026-06-25,g042,b0218,echec,15
2026-06-25,g042,b0187,echec,13
2026-06-25,g042,b0240,echec,14
2026-06-26,g008,b0202,reussite,1
2026-06-26,g008,b0202,reussite,1
2026-06-26,g008,b0216,reussite,9
2026-06-26,g008,b0294,echec,6
2026-06-26,g008,b0285,echec,13
2026-06-26,g008,b0226,reussite,9
2026-06-26,g008,b0276,echec,14
2026-06-26,g008,b0176,echec,10
2026-06-26,g008,b0214,reussite,4
2026-06-26,g017,b0233,reussite,1
2026-06-26,g017,b0206,echec,12
2026-06-26,g017,b0263,reussite,2
2026-06-26,g017,b0183,reussite,2
2026-06-26,g017,b0234,echec,13
2026-06-26,g017,b0165,echec,15
2026-06-26,g017,b0185,echec,8
2026-06-26,g017,b0264,echec,12
2026-06-26,g017,b0284,reussite,6
2026-06-26,g017,b0244,echec,13
2026-06-26,g020,b0287,echec,11
2026-06-26,g020,b0284,reussite,2
2026-06-26,g020,b0295,echec,6
2026-06-26,g020,b0283,reussite,1
2026-06-26,g020,b0178,echec,7
2026-06-26,g020,b0262,reussite,1
2026-06-26,g020,b0278,echec,15
2026-06-26,g022,b0281,reussite,1
2026-06-26,g022,b0260,reussite,1
2026-06-26,g022,b0275,echec,11
2026-06-26,g022,b0239,reussite,1
2026-06-26,g022,b0292,reussite,1
2026-06-26,g022,b0295,reussite,13
2026-06-26,g022,b0152,reussite,1
2026-06-26,g022,b0265,echec,11
2026-06-26,g022,b0227,echec,7
2026-06-26,g024,b0252,reussite,1
2026-06-26,g024,b0262,echec,6
2026-06-26,g024,b0233,echec,11
2026-06-26,g024,b0261,reussite,2
2026-06-26,g024,b0273,reussite,3
2026-06-26,g024,b0264,echec,6
2026-06-26,g024,b0153,echec,13
2026-06-26,g024,b0241,reussite,2
2026-06-26,g026,b0194,reussite,1
2026-06-26,g026,b0203,reussite,1
2026-06-26,g026,b0275,echec,12
2026-06-26,g026,b0277,echec,16
2026-06-26,g026,b0226,echec,6
2026-06-26,g026,b0205,reussite,11
2026-06-26,g026,b0257,echec,17
2026-06-26,g026,b0238,echec,15
2026-06-26,g026,b0235,reussite,2
2026-06-26,g026,b0246,echec,7
2026-06-26,g026,b0197,echec,4
2026-06-26,g026,b0174,reussite,1
2026-06-26,g027,b0200,reussite,1
2026-06-26,g027,b0272,reussite,2
2026-06-26,g027,b0201,echec,2
2026-06-26,g027,b0242,echec,10
2026-06-26,g027,b0212,reussite,12
2026-06-26,g027,b0273,echec,13
2026-06-26,g027,b0202,echec,17
2026-06-26,g027,b0153,reussite,16
2026-06-26,g027,b0213,echec,8
2026-06-26,g027,b0166,echec,17
2026-06-26,g038,b0172,reussite,1
2026-06-26,g038,b0209,reussite,1
2026-06-26,g038,b0255,echec,13
2026-06-26,g038,b0220,reussite,4
2026-06-26,g038,b0213,reussite,3
2026-06-26,g038,b0202,echec,12
2026-06-26,g038,b0283,echec,10
2026-06-26,g038,b0234,echec,15
2026-06-26,g038,b0210,reussite,5
2026-06-26,g038,b0166,echec,14
2026-06-26,g038,b0256,echec,16
2026-06-26,g040,b0202,reussite,1
2026-06-26,g040,b0194,echec,12
2026-06-26,g040,b0153,reussite,5
2026-06-26,g040,b0203,echec,15
2026-06-26,g040,b0164,reussite,1
2026-06-26,g040,b0166,reussite,9
2026-06-26,g040,b0167,echec,17
2026-06-26,g044,b0223,reussite,1
2026-06-26,g044,b0234,reussite,1
2026-06-26,g044,b0281,reussite,1
2026-06-26,g044,b0254,reussite,1
2026-06-26,g044,b0251,reussite,1
2026-06-26,g044,b0296,echec,15
2026-06-26,g044,b0247,echec,14
2026-06-26,g044,b0289,reussite,1
2026-06-26,g044,b0292,reussite,1
2026-06-26,g044,b0227,echec,8
2026-06-26,g044,b0291,reussite,1
2026-06-26,g044,b0282,reussite,1
2026-06-26,g046,b0274,reussite,1
2026-06-26,g046,b0297,echec,11
2026-06-26,g046,b0256,echec,6
2026-06-26,g046,b0206,echec,11
2026-06-26,g046,b0222,reussite,1
2026-06-26,g046,b0216,echec,8
2026-06-26,g046,b0232,reussite,1
2026-06-26,g046,b0282,reussite,1
2026-06-26,g046,b0236,echec,6
2026-06-26,g046,b0209,reussite,1
2026-06-26,g046,b0296,echec,13
2026-06-26,g049,b0263,reussite,1
2026-06-26,g049,b0293,echec,13
2026-06-26,g049,b0173,reussite,1
2026-06-26,g049,b0210,reussite,3
2026-06-26,g049,b0272,reussite,1
2026-06-26,g049,b0223,reussite,2
2026-06-26,g049,b0213,reussite,3
2026-06-26,g049,b0285,echec,16
2026-06-26,g049,b0297,echec,13
2026-06-26,g054,b0201,reussite,1
2026-06-26,g054,b0295,echec,9
2026-06-26,g054,b0167,echec,16
2026-06-26,g054,b0216,echec,13
2026-06-26,g054,b0196,echec,12
2026-06-26,g054,b0285,echec,16
2026-06-26,g054,b0160,reussite,1
2026-06-27,g005,b0297,reussite,1
2026-06-27,g005,b0197,reussite,1
2026-06-27,g005,b0287,echec,12
2026-06-27,g005,b0205,echec,9
2026-06-27,g005,b0167,echec,8
2026-06-27,g005,b0208,echec,8
2026-06-27,g005,b0198,echec,15
2026-06-27,g005,b0176,echec,11
2026-06-27,g014,b0152,reussite,1
2026-06-27,g014,b0167,echec,15
2026-06-27,g014,b0215,echec,15
2026-06-27,g014,b0247,echec,9
2026-06-27,g014,b0248,echec,7
2026-06-27,g014,b0288,echec,18
2026-06-27,g022,b0239,reussite,1
2026-06-27,g022,b0275,echec,13
2026-06-27,g022,b0282,reussite,1
2026-06-27,g022,b0211,reussite,1
2026-06-27,g022,b0218,echec,15
2026-06-27,g022,b0289,reussite,1
2026-06-27,g022,b0291,reussite,1
2026-06-27,g022,b0279,echec,16
2026-06-27,g022,b0296,echec,8
2026-06-27,g022,b0278,echec,17
2026-06-27,g025,b0284,reussite,1
2026-06-27,g025,b0167,reussite,9
2026-06-27,g025,b0186,echec,18
2026-06-27,g025,b0154,reussite,8
2026-06-27,g025,b0205,echec,11
2026-06-27,g025,b0178,echec,6
2026-06-27,g025,b0248,echec,9
2026-06-27,g030,b0174,reussite,1
2026-06-27,g030,b0264,echec,17
2026-06-27,g030,b0254,reussite,2
2026-06-27,g030,b0281,reussite,2
2026-06-27,g030,b0261,reussite,1
2026-06-27,g030,b0274,echec,15
2026-06-27,g030,b0194,echec,14
2026-06-27,g030,b0282,reussite,1
2026-06-27,g030,b0284,reussite,11
2026-06-27,g030,b0212,reussite,1
2026-06-27,g030,b0222,reussite,1
2026-06-27,g030,b0256,echec,8
2026-06-27,g030,b0291,reussite,1
2026-06-27,g030,b0297,echec,12
2026-06-27,g030,b0295,echec,7
2026-06-27,g030,b0294,echec,8
2026-06-27,g030,b0207,echec,11
2026-06-27,g030,b0245,echec,9
2026-06-27,g030,b0289,reussite,1
2026-06-28,g003,b0254,reussite,1
2026-06-28,g003,b0251,reussite,1
2026-06-28,g003,b0286,echec,12
2026-06-28,g003,b0276,echec,12
2026-06-28,g003,b0208,echec,11
2026-06-28,g003,b0222,reussite,1
2026-06-28,g003,b0176,echec,9
2026-06-28,g005,b0226,reussite,1
2026-06-28,g005,b0266,echec,15
2026-06-28,g005,b0257,echec,17
2026-06-28,g005,b0255,reussite,1
2026-06-28,g005,b0279,echec,9
2026-06-28,g005,b0178,echec,10
2026-06-28,g005,b0258,echec,8
2026-06-28,g005,b0264,reussite,1
2026-06-28,g005,b0288,echec,15
2026-06-28,g005,b0284,reussite,1
2026-06-28,g005,b0262,reussite,1
2026-06-28,g011,b0235,reussite,1
2026-06-28,g011,b0234,reussite,8
2026-06-28,g011,b0245,echec,10
2026-06-28,g011,b0174,reussite,11
2026-06-28,g011,b0275,echec,10
2026-06-28,g011,b0297,echec,15
2026-06-28,g011,b0226,echec,8
2026-06-28,g011,b0225,echec,18
2026-06-28,g012,b0214,reussite,7
2026-06-28,g012,b0245,reussite,6
2026-06-28,g012,b0296,echec,8
2026-06-28,g012,b0194,echec,5
2026-06-28,g012,b0162,reussite,2
2026-06-28,g012,b0203,echec,10
2026-06-28,g012,b0255,reussite,1
2026-06-28,g012,b0245,reussite,1
2026-06-28,g012,b0275,reussite,8
2026-06-28,g012,b0235,echec,3
2026-06-28,g012,b0226,reussite,7
2026-06-28,g012,b0213,reussite,1
2026-06-28,g012,b0154,echec,10
2026-06-28,g012,b0273,reussite,1
2026-06-28,g012,b0236,echec,3
2026-06-28,g012,b0210,reussite,1
2026-06-28,g017,b0283,reussite,1
2026-06-28,g017,b0238,echec,17
2026-06-28,g017,b0270,reussite,1
2026-06-28,g017,b0279,echec,17
2026-06-28,g017,b0287,echec,10
2026-06-28,g017,b0266,echec,12
2026-06-28,g017,b0258,echec,16
2026-06-28,g017,b0217,echec,12
2026-06-28,g017,b0229,echec,13
2026-06-28,g017,b0268,echec,10
2026-06-28,g017,b0298,echec,12
2026-06-28,g026,b0218,echec,14
2026-06-28,g026,b0248,echec,14
2026-06-28,g026,b0294,reussite,5
2026-06-28,g026,b0178,echec,12
2026-06-28,g026,b0196,echec,16
2026-06-28,g026,b0194,reussite,3
2026-06-28,g026,b0204,echec,4
2026-06-28,g026,b0247,echec,6
2026-06-28,g026,b0186,echec,13
2026-06-28,g026,b0225,reussite,9
2026-06-28,g026,b0283,reussite,1
2026-06-28,g026,b0214,reussite,1
2026-06-28,g026,b0285,echec,10
2026-06-28,g026,b0198,echec,8
2026-06-28,g026,b0266,echec,16
2026-06-28,g026,b0268,echec,8
2026-06-28,g026,b0262,reussite,1
2026-06-28,g026,b0298,echec,18
2026-06-28,g026,b0278,echec,13
2026-06-28,g026,b0246,echec,13
2026-06-28,g026,b0154,echec,12
2026-06-28,g026,b0273,reussite,1
2026-06-28,g027,b0172,reussite,1
2026-06-28,g027,b0170,reussite,1
2026-06-28,g027,b0270,reussite,1
2026-06-28,g027,b0271,reussite,1
2026-06-28,g027,b0297,echec,12
2026-06-28,g027,b0236,echec,8
2026-06-28,g027,b0219,reussite,1
2026-06-28,g027,b0265,echec,7
2026-06-28,g027,b0165,echec,11
2026-06-28,g027,b0191,reussite,1
2026-06-28,g027,b0295,echec,13
2026-06-28,g034,b0245,echec,9
2026-06-28,g034,b0244,reussite,7
2026-06-28,g034,b0162,echec,5
2026-06-28,g034,b0235,echec,7
2026-06-28,g034,b0285,echec,12
2026-06-28,g034,b0284,reussite,3
2026-06-28,g034,b0296,echec,8
2026-06-28,g034,b0224,echec,13
2026-06-28,g034,b0216,echec,17
2026-06-28,g041,b0171,reussite,1
2026-06-28,g041,b0224,echec,10
2026-06-28,g041,b0282,reussite,1
2026-06-28,g041,b0254,reussite,1
2026-06-28,g041,b0272,reussite,1
2026-06-28,g041,b0294,echec,11
2026-06-28,g041,b0260,reussite,1
2026-06-28,g041,b0251,reussite,1
2026-06-28,g042,b0238,echec,12
2026-06-28,g042,b0275,echec,10
2026-06-28,g042,b0208,echec,18
2026-06-28,g042,b0206,reussite,9
2026-06-28,g042,b0184,reussite,1
2026-06-28,g042,b0205,reussite,14
2026-06-28,g042,b0296,echec,12
2026-06-28,g050,b0183,reussite,1
2026-06-28,g050,b0209,reussite,1
2026-06-28,g050,b0223,reussite,1
2026-06-28,g050,b0162,reussite,14
2026-06-28,g050,b0202,reussite,7
2026-06-28,g050,b0252,reussite,1
2026-06-28,g050,b0233,echec,4
2026-06-28,g050,b0284,echec,8
2026-06-28,g050,b0234,echec,12
2026-06-28,g050,b0185,echec,13
2026-06-29,g002,b0153,reussite,5
2026-06-29,g002,b0213,reussite,1
2026-06-29,g002,b0297,echec,16
2026-06-29,g002,b0214,echec,12
2026-06-29,g002,b0248,echec,7
2026-06-29,g002,b0275,echec,12
2026-06-29,g002,b0273,reussite,2
2026-06-29,g002,b0236,reussite,15
2026-06-29,g002,b0197,echec,13
2026-06-29,g002,b0256,echec,16
2026-06-29,g009,b0207,echec,16
2026-06-29,g009,b0227,echec,9
2026-06-29,g009,b0284,reussite,2
2026-06-29,g009,b0247,echec,17
2026-06-29,g009,b0264,echec,3
2026-06-29,g009,b0286,echec,16
2026-06-29,g013,b0225,reussite,8
2026-06-29,g013,b0286,echec,10
2026-06-29,g013,b0226,reussite,1
2026-06-29,g013,b0257,echec,17
2026-06-29,g013,b0205,echec,8
2026-06-29,g013,b0246,reussite,12
2026-06-29,g013,b0178,echec,9
2026-06-29,g014,b0262,reussite,1
2026-06-29,g014,b0162,reussite,1
2026-06-29,g014,b0233,reussite,1
2026-06-29,g014,b0274,reussite,5
2026-06-29,g014,b0212,reussite,1
2026-06-29,g014,b0204,reussite,7
2026-06-29,g014,b0220,reussite,1
2026-06-29,g014,b0286,echec,8
2026-06-29,g014,b0186,echec,7
2026-06-29,g014,b0246,echec,15
2026-06-29,g014,b0205,echec,12
2026-06-29,g014,b0276,echec,9
2026-06-29,g030,b0272,reussite,1
2026-06-29,g030,b0242,reussite,1
2026-06-29,g030,b0213,reussite,2
2026-06-29,g030,b0233,reussite,10
2026-06-29,g030,b0263,reussite,2
2026-06-29,g030,b0153,echec,15
2026-06-29,g030,b0214,echec,16
2026-06-29,g030,b0203,echec,12
2026-06-29,g030,b0234,echec,15
2026-06-29,g030,b0184,echec,5
2026-06-29,g030,b0220,reussite,1
2026-06-29,g039,b0194,reussite,1
2026-06-29,g039,b0297,reussite,5
2026-06-29,g039,b0295,reussite,6
2026-06-29,g039,b0215,echec,15
2026-06-29,g039,b0253,reussite,1
2026-06-29,g039,b0286,echec,12
2026-06-29,g039,b0296,echec,17
2026-06-29,g042,b0185,reussite,1
2026-06-29,g042,b0266,echec,8
2026-06-29,g042,b0265,echec,10
2026-06-29,g042,b0246,echec,11
2026-06-29,g042,b0174,reussite,2
2026-06-29,g042,b0227,echec,7
2026-06-29,g042,b0235,reussite,1
2026-06-29,g042,b0285,echec,15
2026-06-29,g042,b0167,echec,7
2026-06-29,g042,b0165,reussite,5
2026-06-29,g043,b0202,echec,7
2026-06-29,g043,b0261,reussite,1
2026-06-29,g043,b0214,echec,11
2026-06-29,g043,b0220,reussite,1
2026-06-29,g043,b0245,echec,14
2026-06-29,g043,b0284,echec,13
2026-06-29,g043,b0223,reussite,1
2026-06-29,g043,b0234,echec,14
2026-06-29,g043,b0264,echec,16
2026-06-29,g043,b0165,echec,7
2026-06-29,g045,b0167,reussite,11
2026-06-29,g045,b0236,reussite,4
2026-06-29,g045,b0203,reussite,11
2026-06-29,g045,b0165,echec,13
2026-06-29,g045,b0226,echec,10
2026-06-29,g045,b0206,echec,6
2026-06-29,g045,b0215,echec,15
2026-06-29,g049,b0201,reussite,1
2026-06-29,g049,b0254,reussite,2
2026-06-29,g049,b0224,echec,10
2026-06-29,g049,b0243,reussite,1
2026-06-29,g049,b0236,echec,16
2026-06-29,g049,b0204,echec,12
2026-06-29,g049,b0152,reussite,1
2026-06-29,g049,b0265,echec,17
2026-06-29,g049,b0275,echec,11
2026-06-29,g049,b0167,echec,17
2026-06-29,g049,b0222,reussite,1
2026-06-29,g049,b0282,reussite,1
2026-06-29,g052,b0234,reussite,1
2026-06-29,g052,b0165,echec,16
2026-06-29,g052,b0242,reussite,1
2026-06-29,g052,b0262,reussite,3
2026-06-29,g052,b0197,echec,18
2026-06-29,g052,b0297,echec,14
2026-06-29,g052,b0216,echec,14
2026-06-29,g052,b0174,echec,12
2026-06-29,g052,b0242,reussite,1
2026-06-29,g052,b0243,reussite,1
2026-06-29,g052,b0216,echec,8
2026-06-29,g052,b0283,reussite,3
2026-06-29,g052,b0203,echec,7
2026-06-29,g052,b0274,echec,11
2026-06-29,g052,b0213,echec,2
2026-06-29,g052,b0296,echec,11
2026-06-29,g052,b0294,echec,10
2026-06-29,g052,b0284,echec,5
2026-06-29,g052,b0265,reussite,16
2026-06-29,g052,b0275,echec,14
2026-06-29,g052,b0256,echec,8
2026-06-29,g052,b0286,echec,7
2026-06-29,g052,b0245,echec,14
2026-06-29,g052,b0220,reussite,1
2026-06-30,g006,b0167,echec,7
2026-06-30,g006,b0203,echec,15
2026-06-30,g006,b0226,echec,13
2026-06-30,g006,b0197,echec,7
2026-06-30,g006,b0294,echec,14
2026-06-30,g006,b0265,echec,10
2026-06-30,g006,b0297,echec,12
2026-06-30,g006,b0285,echec,10
2026-06-30,g010,b0197,reussite,1
2026-06-30,g010,b0203,reussite,1
2026-06-30,g010,b0226,echec,11
2026-06-30,g010,b0165,reussite,5
2026-06-30,g010,b0265,reussite,6
2026-06-30,g010,b0225,reussite,14
2026-06-30,g010,b0255,reussite,2
2026-06-30,g010,b0256,reussite,9
2026-06-30,g010,b0285,echec,6
2026-06-30,g010,b0174,reussite,4
2026-06-30,g010,b0295,echec,8
2026-06-30,g013,b0285,reussite,1
2026-06-30,g013,b0216,reussite,5
2026-06-30,g013,b0276,reussite,7
2026-06-30,g013,b0203,echec,4
2026-06-30,g013,b0287,echec,16
2026-06-30,g013,b0224,reussite,3
2026-06-30,g013,b0259,echec,8
2026-06-30,g013,b0153,reussite,1
2026-06-30,g013,b0237,echec,16
2026-06-30,g019,b0153,echec,10
2026-06-30,g019,b0234,echec,14
2026-06-30,g019,b0233,echec,7
2026-06-30,g019,b0212,echec,2
2026-06-30,g019,b0253,reussite,11
2026-06-30,g019,b0174,echec,18
2026-06-30,g019,b0184,reussite,8
2026-06-30,g019,b0273,echec,6
2026-06-30,g019,b0264,echec,10
2026-06-30,g020,b0244,reussite,1
2026-06-30,g020,b0293,reussite,3
2026-06-30,g020,b0274,reussite,2
2026-06-30,g020,b0226,echec,9
2026-06-30,g020,b0255,reussite,2
2026-06-30,g020,b0295,echec,6
2026-06-30,g020,b0167,echec,12
2026-06-30,g020,b0225,reussite,7
2026-06-30,g020,b0204,echec,7
2026-06-30,g020,b0265,reussite,6
2026-06-30,g028,b0185,reussite,1
2026-06-30,g028,b0283,reussite,1
2026-06-30,g028,b0297,echec,11
2026-06-30,g028,b0264,echec,5
2026-06-30,g028,b0206,echec,18
2026-06-30,g028,b0261,reussite,1
2026-06-30,g028,b0203,echec,14
2026-06-30,g028,b0251,reussite,1
2026-06-30,g028,b0243,reussite,1
2026-06-30,g028,b0262,reussite,11
2026-06-30,g028,b0214,echec,12
2026-06-30,g032,b0212,reussite,1
2026-06-30,g032,b0197,echec,6
2026-06-30,g032,b0153,echec,9
2026-06-30,g032,b0174,echec,11
2026-06-30,g032,b0283,echec,4
2026-06-30,g032,b0297,echec,9
2026-06-30,g032,b0234,echec,8
2026-06-30,g034,b0194,reussite,1
2026-06-30,g034,b0183,reussite,1
2026-06-30,g034,b0281,reussite,1
2026-06-30,g034,b0266,echec,7
2026-06-30,g034,b0167,echec,16
2026-06-30,g034,b0161,reussite,1
2026-06-30,g034,b0186,echec,15
2026-06-30,g034,b0225,echec,17
2026-06-30,g034,b0229,echec,10
2026-06-30,g034,b0296,echec,10
2026-06-30,g034,b0154,echec,16
2026-06-30,g036,b0286,reussite,1
2026-06-30,g036,b0256,reussite,1
2026-06-30,g036,b0287,echec,7
2026-06-30,g036,b0206,reussite,1
2026-06-30,g036,b0266,echec,8
2026-06-30,g036,b0247,echec,8
2026-06-30,g036,b0225,echec,5
2026-06-30,g036,b0248,echec,13
2026-06-30,g036,b0278,echec,18
2026-06-30,g036,b0279,echec,13
2026-06-30,g036,b0179,echec,11
2026-06-30,g037,b0226,reussite,1
2026-06-30,g037,b0176,reussite,1
2026-06-30,g037,b0187,echec,9
2026-06-30,g037,b0207,echec,15
2026-06-30,g037,b0218,echec,10
2026-06-30,g037,b0206,reussite,4
2026-06-30,g037,b0276,echec,16
2026-06-30,g037,b0234,reussite,1
2026-06-30,g037,b0246,echec,13
2026-06-30,g037,b0238,echec,17
2026-06-30,g040,b0262,reussite,1
2026-06-30,g040,b0194,echec,10
2026-06-30,g040,b0236,echec,14
2026-06-30,g040,b0165,reussite,8
2026-06-30,g040,b0176,echec,9
2026-06-30,g040,b0185,echec,5
2026-06-30,g040,b0253,echec,2
2026-06-30,g040,b0197,reussite,1
2026-06-30,g040,b0215,echec,17
2026-06-30,g040,b0264,echec,5
2026-06-30,g040,b0261,reussite,1
2026-06-30,g040,b0274,reussite,13
2026-06-30,g040,b0200,reussite,1
2026-06-30,g040,b0293,reussite,6
2026-06-30,g040,b0245,echec,10
2026-06-30,g040,b0273,reussite,2
2026-06-30,g047,b0278,echec,14
2026-06-30,g047,b0246,echec,9
2026-06-30,g047,b0298,echec,7
2026-06-30,g047,b0229,echec,17
2026-06-30,g047,b0200,reussite,1
2026-06-30,g047,b0268,echec,15
2026-06-30,g047,b0251,reussite,1
2026-06-30,g049,b0281,reussite,1
2026-06-30,g049,b0232,reussite,1
2026-06-30,g049,b0291,reussite,1
2026-06-30,g049,b0211,reussite,1
2026-06-30,g049,b0265,echec,12
2026-06-30,g049,b0256,echec,12
2026-06-30,g049,b0203,echec,7
2026-06-30,g049,b0227,echec,17
2026-06-30,g049,b0275,echec,9
2026-06-30,g049,b0169,reussite,1
2026-06-30,g049,b0241,reussite,1
2026-06-30,g049,b0225,echec,14
2026-06-30,g049,b0247,echec,6
2026-06-30,g049,b0216,echec,10
2026-06-30,g049,b0215,echec,16
2026-06-30,g051,b0274,reussite,4
2026-06-30,g051,b0184,reussite,1
2026-06-30,g051,b0162,reussite,3
2026-06-30,g051,b0203,echec,12
2026-06-30,g051,b0197,echec,9
2026-06-30,g051,b0202,reussite,1
2026-06-30,g051,b0294,echec,13
2026-06-30,g051,b0224,echec,7
2026-07-01,g002,b0233,reussite,2
2026-07-01,g002,b0185,echec,9
2026-07-01,g002,b0224,echec,15
2026-07-01,g002,b0207,echec,16
2026-07-01,g004,b0236,echec,7
2026-07-01,g004,b0162,reussite,2
2026-07-01,g004,b0256,echec,14
2026-07-01,g004,b0265,echec,6
2026-07-01,g004,b0247,echec,8
2026-07-01,g004,b0206,echec,14
2026-07-01,g004,b0214,echec,8
2026-07-01,g004,b0248,echec,12
2026-07-01,g004,b0245,reussite,1
2026-07-01,g004,b0257,echec,15
2026-07-01,g004,b0261,reussite,1
2026-07-01,g004,b0266,echec,7
2026-07-01,g004,b0263,reussite,1
2026-07-01,g004,b0167,echec,6
2026-07-01,g004,b0298,echec,8
2026-07-01,g004,b0222,reussite,1
2026-07-01,g012,b0253,reussite,1
2026-07-01,g012,b0260,reussite,1
2026-07-01,g012,b0167,echec,9
2026-07-01,g012,b0176,echec,15
2026-07-01,g012,b0248,echec,14
2026-07-01,g012,b0287,echec,12
2026-07-01,g012,b0190,reussite,1
2026-07-01,g012,b0169,reussite,1
2026-07-01,g012,b0186,echec,7
2026-07-01,g012,b0207,echec,10
2026-07-01,g012,b0266,echec,13
2026-07-01,g012,b0178,echec,15
2026-07-01,g022,b0214,reussite,1
2026-07-01,g022,b0214,reussite,1
2026-07-01,g022,b0255,echec,5
2026-07-01,g022,b0202,reussite,2
2026-07-01,g022,b0274,echec,7
2026-07-01,g022,b0297,echec,14
2026-07-01,g023,b0203,echec,17
2026-07-01,g023,b0215,echec,11
2026-07-01,g023,b0183,reussite,1
2026-07-01,g023,b0225,echec,18
2026-07-01,g023,b0178,echec,15
2026-07-01,g023,b0214,echec,8
2026-07-01,g023,b0174,echec,11
2026-07-01,g023,b0216,echec,15
2026-07-01,g024,b0273,reussite,1
2026-07-01,g024,b0275,echec,17
2026-07-01,g024,b0293,reussite,14
2026-07-01,g024,b0289,reussite,1
2026-07-01,g024,b0294,echec,13
2026-07-01,g024,b0297,echec,10
2026-07-01,g024,b0295,echec,16
2026-07-01,g024,b0236,echec,9
2026-07-01,g024,b0224,echec,13
2026-07-01,g024,b0299,reussite,1
2026-07-01,g027,b0283,echec,12
2026-07-01,g027,b0243,reussite,2
2026-07-01,g027,b0241,echec,4
2026-07-01,g027,b0214,echec,9
2026-07-01,g027,b0220,reussite,4
2026-07-01,g027,b0161,reussite,6
2026-07-01,g027,b0282,reussite,1
2026-07-01,g027,b0261,reussite,4
2026-07-01,g030,b0253,reussite,1
2026-07-01,g030,b0184,reussite,4
2026-07-01,g030,b0203,echec,10
2026-07-01,g030,b0234,reussite,5
2026-07-01,g030,b0215,echec,17
2026-07-01,g030,b0153,echec,6
2026-07-01,g030,b0162,echec,16
2026-07-01,g030,b0185,echec,9
2026-07-01,g032,b0273,reussite,1
2026-07-01,g032,b0206,reussite,1
2026-07-01,g032,b0274,echec,12
2026-07-01,g032,b0255,reussite,13
2026-07-01,g032,b0244,echec,14
2026-07-01,g032,b0225,echec,16
2026-07-01,g032,b0224,echec,16
2026-07-01,g032,b0275,echec,13
2026-07-01,g032,b0285,echec,13
2026-07-01,g032,b0186,echec,13
2026-07-01,g032,b0227,echec,12
2026-07-01,g032,b0297,echec,16
2026-07-01,g042,b0283,reussite,2
2026-07-01,g042,b0247,echec,8
2026-07-01,g042,b0287,echec,12
2026-07-01,g042,b0257,echec,16
2026-07-01,g042,b0264,reussite,1
2026-07-01,g042,b0186,echec,16
2026-07-01,g042,b0253,reussite,1
2026-07-01,g042,b0184,reussite,1
2026-07-01,g042,b0223,reussite,1
2026-07-01,g042,b0238,echec,7
2026-07-01,g042,b0279,echec,8
2026-07-01,g042,b0243,reussite,1
2026-07-01,g042,b0208,echec,10
2026-07-01,g042,b0298,echec,13
2026-07-01,g042,b0201,reussite,1
2026-07-01,g043,b0225,echec,7
2026-07-01,g043,b0202,echec,5
2026-07-01,g043,b0243,reussite,1
2026-07-01,g043,b0281,reussite,1
2026-07-01,g043,b0297,echec,11
2026-07-01,g043,b0260,reussite,1
2026-07-01,g043,b0282,echec,1
2026-07-01,g044,b0287,echec,15
2026-07-01,g044,b0298,echec,9
2026-07-01,g044,b0276,echec,16
2026-07-01,g044,b0248,echec,17
2026-07-01,g044,b0258,echec,9
2026-07-01,g044,b0286,echec,10
2026-07-01,g044,b0268,echec,14
2026-07-01,g044,b0270,reussite,1
2026-07-01,g046,b0171,reussite,1
2026-07-01,g046,b0271,reussite,1
2026-07-01,g046,b0227,echec,9
2026-07-01,g046,b0270,reussite,1
2026-07-01,g046,b0275,echec,17
2026-07-01,g046,b0265,echec,16
2026-07-01,g046,b0285,echec,14
2026-07-01,g046,b0276,echec,12
2026-07-01,g046,b0299,reussite,1
2026-07-01,g051,b0236,reussite,1
2026-07-01,g051,b0266,echec,12
2026-07-01,g051,b0283,reussite,1
2026-07-01,g051,b0247,echec,11
2026-07-01,g051,b0284,echec,4
2026-07-01,g051,b0262,reussite,2
2026-07-01,g051,b0242,reussite,1
2026-07-01,g051,b0207,echec,17
2026-07-01,g051,b0273,reussite,1
2026-07-01,g051,b0235,reussite,2
2026-07-01,g051,b0234,reussite,3
2026-07-02,g003,b0263,reussite,1
2026-07-02,g003,b0202,reussite,1
2026-07-02,g003,b0232,reussite,1
2026-07-02,g003,b0276,echec,15
2026-07-02,g007,b0253,reussite,2
2026-07-02,g007,b0256,echec,15
2026-07-02,g007,b0297,echec,10
2026-07-02,g007,b0273,reussite,2
2026-07-02,g007,b0263,reussite,1
2026-07-02,g007,b0183,reussite,1
2026-07-02,g007,b0294,echec,15
2026-07-02,g007,b0295,echec,17
2026-07-02,g007,b0265,echec,11
2026-07-02,g008,b0211,reussite,1
2026-07-02,g008,b0244,reussite,1
2026-07-02,g008,b0278,echec,13
2026-07-02,g008,b0251,reussite,1
2026-07-02,g008,b0300,echec,13
2026-07-02,g008,b0259,echec,11
2026-07-02,g008,b0269,echec,9
2026-07-02,g008,b0258,echec,11
2026-07-02,g008,b0209,reussite,1
2026-07-02,g008,b0169,reussite,1
2026-07-02,g008,b0291,reussite,1
2026-07-02,g010,b0220,reussite,1
2026-07-02,g010,b0295,reussite,1
2026-07-02,g010,b0242,reussite,1
2026-07-02,g010,b0176,echec,8
2026-07-02,g010,b0227,echec,7
2026-07-02,g010,b0253,reussite,2
2026-07-02,g010,b0296,echec,12
2026-07-02,g010,b0273,reussite,1
2026-07-02,g010,b0275,echec,9
2026-07-02,g011,b0262,reussite,1
2026-07-02,g011,b0294,echec,8
2026-07-02,g011,b0282,reussite,1
2026-07-02,g011,b0215,echec,8
2026-07-02,g011,b0206,echec,15
2026-07-02,g011,b0283,reussite,3
2026-07-02,g011,b0255,reussite,4
2026-07-02,g012,b0206,echec,8
2026-07-02,g012,b0224,echec,15
2026-07-02,g012,b0227,echec,8
2026-07-02,g012,b0178,echec,17
2026-07-02,g012,b0246,echec,9
2026-07-02,g012,b0215,echec,11
2026-07-02,g012,b0161,reussite,1
2026-07-02,g012,b0152,reussite,1
2026-07-02,g012,b0225,echec,9
2026-07-02,g012,b0176,echec,10
2026-07-02,g013,b0266,echec,14
2026-07-02,g013,b0203,reussite,3
2026-07-02,g024,b0232,echec,1
2026-07-02,g024,b0235,echec,10
2026-07-02,g024,b0216,echec,17
2026-07-02,g024,b0295,echec,6
2026-07-02,g024,b0226,echec,15
2026-07-02,g024,b0284,echec,16
2026-07-02,g026,b0241,reussite,1
2026-07-02,g026,b0285,echec,16
2026-07-02,g026,b0287,echec,15
2026-07-02,g026,b0230,echec,12
2026-07-02,g026,b0263,reussite,1
2026-07-02,g026,b0257,echec,12
2026-07-02,g026,b0211,reussite,1
2026-07-02,g026,b0261,reussite,1
2026-07-02,g030,b0285,echec,15
2026-07-02,g030,b0295,echec,10
2026-07-02,g030,b0296,echec,10
2026-07-02,g030,b0287,echec,13
2026-07-02,g030,b0298,echec,12
2026-07-02,g030,b0257,echec,7
2026-07-02,g030,b0218,echec,14
2026-07-02,g030,b0279,echec,13
2026-07-02,g044,b0201,reussite,1
2026-07-02,g044,b0295,echec,15
2026-07-02,g044,b0215,echec,9
2026-07-02,g044,b0167,echec,9
2026-07-02,g044,b0205,echec,18
2026-07-02,g044,b0297,reussite,8
2026-07-02,g044,b0296,echec,9
2026-07-02,g044,b0165,echec,8
2026-07-02,g044,b0226,echec,16
2026-07-02,g044,b0286,echec,15
2026-07-02,g046,b0260,reussite,1
2026-07-02,g046,b0164,reussite,1
2026-07-02,g046,b0212,reussite,2
2026-07-02,g046,b0256,echec,8
2026-07-02,g046,b0264,echec,17
2026-07-02,g046,b0233,reussite,5
2026-07-02,g046,b0243,reussite,1
2026-07-02,g046,b0214,echec,14
2026-07-02,g046,b0261,reussite,1
2026-07-02,g046,b0243,reussite,1
2026-07-02,g046,b0243,reussite,1
2026-07-02,g046,b0262,echec,7
2026-07-02,g046,b0273,reussite,3
2026-07-02,g046,b0165,echec,17
2026-07-02,g046,b0283,reussite,8
2026-07-02,g046,b0202,echec,12
2026-07-02,g046,b0210,reussite,2
2026-07-02,g046,b0162,echec,9
2026-07-02,g046,b0235,reussite,13
2026-07-02,g048,b0265,echec,16
2026-07-02,g048,b0224,echec,9
2026-07-02,g048,b0152,reussite,1
2026-07-02,g048,b0206,echec,17
2026-07-02,g048,b0275,echec,16
2026-07-02,g048,b0225,echec,9
2026-07-02,g048,b0232,reussite,1
2026-07-02,g048,b0296,echec,6
2026-07-02,g050,b0272,reussite,1
2026-07-02,g050,b0204,echec,11
2026-07-02,g050,b0245,echec,18
2026-07-02,g050,b0255,echec,8
2026-07-02,g050,b0293,reussite,14
2026-07-02,g050,b0197,echec,14
2026-07-02,g050,b0211,reussite,1
2026-07-02,g050,b0203,echec,17
2026-07-02,g050,b0236,echec,13
2026-07-02,g050,b0152,reussite,1
2026-07-02,g050,b0256,echec,12
2026-07-03,g001,b0200,reussite,1
2026-07-03,g001,b0253,reussite,1
2026-07-03,g001,b0262,echec,6
2026-07-03,g001,b0214,echec,11
2026-07-03,g001,b0234,reussite,7
2026-07-03,g001,b0194,echec,12
2026-07-03,g001,b0283,reussite,2
2026-07-03,g001,b0164,reussite,1
2026-07-03,g001,b0263,reussite,1
2026-07-03,g001,b0202,reussite,1
2026-07-03,g001,b0235,echec,6
2026-07-03,g006,b0284,reussite,1
2026-07-03,g006,b0283,reussite,1
2026-07-03,g006,b0165,echec,16
2026-07-03,g006,b0234,echec,5
2026-07-03,g006,b0274,echec,6
2026-07-03,g006,b0204,echec,8
2026-07-03,g006,b0223,reussite,1
2026-07-03,g006,b0273,echec,1
2026-07-03,g007,b0164,reussite,1
2026-07-03,g007,b0194,echec,8
2026-07-03,g008,b0283,reussite,1
2026-07-03,g008,b0186,echec,14
2026-07-03,g008,b0287,echec,13
2026-07-03,g008,b0266,echec,7
2026-07-03,g008,b0268,echec,10
2026-07-03,g008,b0207,echec,13
2026-07-03,g008,b0267,echec,16
2026-07-03,g009,b0216,reussite,1
2026-07-03,g009,b0278,echec,12
2026-07-03,g009,b0230,echec,17
2026-07-03,g009,b0267,echec,12
2026-07-03,g009,b0279,echec,13
2026-07-03,g009,b0152,reussite,1
2026-07-03,g009,b0300,echec,8
2026-07-03,g009,b0257,echec,13
2026-07-03,g009,b0266,echec,13
2026-07-03,g009,b0240,echec,12
2026-07-03,g009,b0261,reussite,2
2026-07-03,g012,b0216,reussite,1
2026-07-03,g012,b0270,reussite,1
2026-07-03,g012,b0271,reussite,1
2026-07-03,g012,b0287,echec,18
2026-07-03,g012,b0238,echec,17
2026-07-03,g012,b0299,reussite,1
2026-07-03,g012,b0191,reussite,1
2026-07-03,g014,b0264,reussite,4
2026-07-03,g014,b0244,reussite,2
2026-07-03,g014,b0227,echec,15
2026-07-03,g014,b0294,echec,7
2026-07-03,g014,b0236,echec,9
2026-07-03,g014,b0255,echec,10
2026-07-03,g014,b0293,reussite,6
2026-07-03,g014,b0235,reussite,7
2026-07-03,g014,b0273,reussite,1
2026-07-03,g014,b0265,reussite,1
2026-07-03,g014,b0201,reussite,1
2026-07-03,g014,b0279,echec,7
2026-07-03,g014,b0276,echec,9
2026-07-03,g014,b0171,reussite,1
2026-07-03,g014,b0229,echec,7
2026-07-03,g014,b0225,echec,7
2026-07-03,g014,b0211,reussite,1
2026-07-03,g014,b0292,reussite,1
2026-07-03,g014,b0169,reussite,1
2026-07-03,g014,b0216,echec,17
2026-07-03,g027,b0273,reussite,1
2026-07-03,g027,b0294,echec,18
2026-07-03,g027,b0292,reussite,2
2026-07-03,g027,b0274,echec,13
2026-07-03,g027,b0260,echec,2
2026-07-03,g027,b0236,echec,14
2026-07-03,g027,b0293,echec,13
2026-07-03,g027,b0299,reussite,1
2026-07-03,g027,b0226,echec,13
2026-07-03,g030,b0294,echec,8
2026-07-03,g030,b0286,echec,10
2026-07-03,g030,b0297,echec,15
2026-07-03,g030,b0299,reussite,1
2026-07-03,g030,b0256,echec,8
2026-07-03,g030,b0270,reussite,1
2026-07-03,g030,b0296,echec,12
2026-07-03,g030,b0271,reussite,1
2026-07-03,g035,b0254,reussite,3
2026-07-03,g035,b0241,reussite,6
2026-07-03,g035,b0255,echec,8
2026-07-03,g035,b0233,reussite,9
2026-07-03,g035,b0164,echec,9
2026-07-03,g035,b0223,reussite,6
2026-07-03,g035,b0202,echec,15
2026-07-03,g035,b0212,reussite,12
2026-07-03,g035,b0222,reussite,1
2026-07-03,g035,b0214,echec,17
2026-07-03,g035,b0284,echec,8
2026-07-03,g035,b0225,echec,9
2026-07-03,g035,b0294,echec,12
2026-07-03,g035,b0275,echec,11
2026-07-03,g035,b0264,echec,7
2026-07-03,g035,b0191,reussite,1
2026-07-03,g035,b0297,echec,9
2026-07-03,g035,b0274,echec,12
2026-07-03,g035,b0197,echec,16
2026-07-03,g039,b0203,reussite,1
2026-07-03,g039,b0234,reussite,3
2026-07-03,g039,b0283,reussite,1
2026-07-03,g039,b0296,echec,17
2026-07-03,g039,b0184,reussite,1
2026-07-03,g039,b0247,echec,14
2026-07-03,g039,b0294,echec,8
2026-07-03,g039,b0233,reussite,1
2026-07-03,g042,b0205,reussite,1
2026-07-03,g042,b0290,echec,13
2026-07-03,g042,b0271,reussite,1
2026-07-03,g042,b0281,reussite,1
2026-07-03,g042,b0292,reussite,1
2026-07-03,g042,b0230,echec,14
2026-07-03,g042,b0237,echec,17
2026-07-03,g042,b0267,echec,12
2026-07-03,g042,b0228,echec,7
2026-07-03,g049,b0242,reussite,1
2026-07-03,g049,b0210,reussite,1
2026-07-03,g049,b0252,reussite,1
2026-07-03,g049,b0224,echec,8
2026-07-03,g049,b0293,echec,6
2026-07-03,g049,b0297,echec,18
2026-07-03,g049,b0276,echec,12
2026-07-03,g049,b0241,reussite,1
2026-07-03,g049,b0251,reussite,1
2026-07-03,g049,b0281,reussite,1
2026-07-03,g049,b0165,echec,12
2026-07-03,g054,b0293,reussite,15
2026-07-03,g054,b0273,echec,3
2026-07-03,g054,b0162,reussite,11
2026-07-03,g054,b0294,reussite,8
2026-07-03,g054,b0276,echec,14
2026-07-03,g054,b0275,echec,16
2026-07-03,g054,b0265,echec,14
2026-07-03,g054,b0275,echec,12
2026-07-03,g054,b0252,reussite,1
2026-07-03,g054,b0286,echec,11
2026-07-03,g054,b0295,echec,8
2026-07-03,g054,b0167,echec,14
2026-07-03,g054,b0200,reussite,1
2026-07-03,g054,b0215,echec,18
2026-07-04,g003,b0262,reussite,1
2026-07-04,g003,b0245,echec,9
2026-07-04,g003,b0273,reussite,2
2026-07-04,g003,b0275,echec,9
2026-07-04,g003,b0165,echec,11
2026-07-04,g003,b0256,echec,11
2026-07-04,g003,b0206,echec,16
2026-07-04,g009,b0255,reussite,1
2026-07-04,g009,b0247,echec,16
2026-07-04,g009,b0164,echec,1
2026-07-04,g009,b0246,echec,9
2026-07-04,g009,b0206,echec,12
2026-07-04,g009,b0258,echec,7
2026-07-04,g009,b0289,reussite,1
2026-07-04,g009,b0265,reussite,7
2026-07-04,g009,b0283,reussite,1
2026-07-04,g009,b0226,echec,7
2026-07-04,g011,b0264,reussite,1
2026-07-04,g011,b0224,echec,14
2026-07-04,g011,b0216,echec,17
2026-07-04,g011,b0194,echec,8
2026-07-04,g012,b0293,reussite,1
2026-07-04,g012,b0247,echec,7
2026-07-04,g012,b0256,echec,6
2026-07-04,g012,b0204,echec,14
2026-07-04,g012,b0203,echec,10
2026-07-04,g012,b0205,echec,10
2026-07-04,g012,b0300,echec,17
2026-07-04,g012,b0202,reussite,2
2026-07-04,g012,b0276,echec,7
2026-07-04,g022,b0162,reussite,1
2026-07-04,g022,b0264,reussite,1
2026-07-04,g022,b0295,echec,15
2026-07-04,g022,b0272,reussite,1
2026-07-04,g022,b0266,echec,12
2026-07-04,g022,b0226,reussite,14
2026-07-04,g022,b0287,echec,8
2026-07-04,g022,b0254,reussite,1
2026-07-04,g022,b0252,reussite,1
2026-07-04,g022,b0251,reussite,1
2026-07-04,g022,b0265,echec,16
2026-07-04,g022,b0222,reussite,1
2026-07-04,g028,b0184,reussite,1
2026-07-04,g028,b0281,reussite,1
2026-07-04,g028,b0232,reussite,1
2026-07-04,g028,b0292,reussite,1
2026-07-04,g028,b0282,reussite,1
2026-07-04,g028,b0224,echec,12
2026-07-04,g028,b0226,echec,13
2026-07-04,g028,b0215,echec,11
2026-07-04,g028,b0227,echec,7
2026-07-04,g028,b0255,reussite,7
2026-07-04,g028,b0247,echec,7
2026-07-04,g030,b0272,reussite,1
2026-07-04,g030,b0251,reussite,1
2026-07-04,g030,b0264,echec,16
2026-07-04,g030,b0293,echec,13
2026-07-04,g030,b0274,echec,6
2026-07-04,g030,b0275,echec,14
2026-07-04,g037,b0244,reussite,1
2026-07-04,g037,b0247,reussite,7
2026-07-04,g037,b0178,echec,11
2026-07-04,g037,b0225,reussite,15
2026-07-04,g037,b0286,echec,9
2026-07-04,g037,b0248,echec,17
2026-07-04,g037,b0204,reussite,3
2026-07-04,g037,b0227,echec,15
2026-07-04,g041,b0179,echec,8
2026-07-04,g041,b0249,echec,16
2026-07-04,g041,b0250,echec,11
2026-07-04,g042,b0164,reussite,1
2026-07-04,g042,b0258,echec,11
2026-07-04,g042,b0275,echec,4
2026-07-04,g042,b0296,echec,17
2026-07-04,g042,b0269,echec,10
2026-07-04,g042,b0218,echec,16
2026-07-04,g042,b0298,echec,10
2026-07-04,g043,b0241,reussite,1
2026-07-04,g043,b0213,reussite,1
2026-07-04,g043,b0212,reussite,2
2026-07-04,g043,b0255,echec,7
2026-07-04,g043,b0284,echec,9
2026-07-04,g043,b0256,echec,10
2026-07-04,g043,b0264,echec,15
2026-07-04,g043,b0274,echec,11
2026-07-04,g043,b0293,echec,15
2026-07-04,g043,b0215,echec,10
2026-07-04,g047,b0214,reussite,1
2026-07-04,g047,b0214,reussite,1
2026-07-04,g047,b0295,echec,8
2026-07-04,g047,b0234,echec,6
2026-07-04,g047,b0255,echec,8
2026-07-04,g047,b0165,echec,6
2026-07-04,g047,b0294,reussite,12
2026-07-04,g047,b0276,echec,18
2026-07-04,g047,b0293,echec,5
2026-07-04,g047,b0283,reussite,2
2026-07-04,g050,b0212,reussite,2
2026-07-04,g050,b0261,reussite,1
2026-07-04,g050,b0295,echec,13
2026-07-04,g050,b0234,echec,14
2026-07-04,g050,b0233,echec,3
2026-07-04,g050,b0200,reussite,1
2026-07-04,g050,b0294,echec,17
2026-07-04,g050,b0164,reussite,2
2026-07-04,g052,b0283,reussite,1
2026-07-04,g052,b0264,reussite,1
2026-07-04,g052,b0167,echec,17
2026-07-04,g052,b0284,echec,8
2026-07-04,g052,b0223,reussite,1
2026-07-04,g052,b0263,reussite,1
2026-07-04,g052,b0205,echec,17
2026-07-04,g052,b0246,echec,17
2026-07-04,g052,b0294,echec,16
2026-07-04,g052,b0261,reussite,1
2026-07-05,g002,b0215,echec,9
2026-07-05,g002,b0265,echec,7
2026-07-05,g002,b0243,reussite,1
2026-07-05,g002,b0295,echec,9
2026-07-05,g002,b0216,echec,12
2026-07-05,g002,b0248,echec,6
2026-07-05,g002,b0285,echec,17
2026-07-05,g002,b0227,echec,11
2026-07-05,g002,b0247,echec,11
2026-07-05,g002,b0225,echec,17
2026-07-05,g004,b0170,reussite,1
2026-07-05,g004,b0272,reussite,1
2026-07-05,g004,b0251,reussite,1
2026-07-05,g004,b0291,reussite,1
2026-07-05,g004,b0281,reussite,1
2026-07-05,g004,b0276,echec,14
2026-07-05,g004,b0266,echec,10
2026-07-05,g004,b0267,echec,13
2026-07-05,g008,b0275,reussite,1
2026-07-05,g008,b0286,echec,8
2026-07-05,g008,b0265,echec,5
2026-07-05,g008,b0266,echec,8
2026-07-05,g008,b0227,echec,6
2026-07-05,g008,b0198,echec,10
2026-07-05,g008,b0293,echec,1
2026-07-05,g008,b0167,echec,16
2026-07-05,g008,b0212,reussite,1
2026-07-05,g008,b0253,reussite,1
2026-07-05,g008,b0246,echec,16
2026-07-05,g010,b0293,reussite,2
2026-07-05,g010,b0286,echec,9
2026-07-05,g010,b0206,echec,6
2026-07-05,g010,b0234,reussite,1
2026-07-05,g010,b0274,reussite,3
2026-07-05,g010,b0296,echec,17
2026-07-05,g010,b0295,echec,5
2026-07-05,g010,b0226,echec,9
2026-07-05,g013,b0208,echec,8
2026-07-05,g013,b0227,echec,9
2026-07-05,g014,b0284,reussite,1
2026-07-05,g014,b0256,echec,10
2026-07-05,g014,b0162,reussite,5
2026-07-05,g014,b0206,echec,11
2026-07-05,g014,b0194,reussite,4
2026-07-05,g014,b0224,echec,9
2026-07-05,g014,b0202,reussite,1
2026-07-05,g014,b0266,echec,7
2026-07-05,g014,b0285,echec,15
2026-07-05,g014,b0215,echec,14
2026-07-05,g021,b0260,reussite,1
2026-07-05,g021,b0200,reussite,1
2026-07-05,g021,b0152,reussite,1
2026-07-05,g021,b0204,echec,11
2026-07-05,g021,b0171,reussite,1
2026-07-05,g021,b0245,echec,12
2026-07-05,g021,b0226,reussite,16
2026-07-05,g021,b0165,echec,12
2026-07-05,g021,b0271,reussite,1
2026-07-05,g021,b0206,echec,17
2026-07-05,g021,b0169,reussite,1
2026-07-05,g028,b0243,reussite,1
2026-07-05,g028,b0297,reussite,8
2026-07-05,g028,b0222,reussite,1
2026-07-05,g028,b0256,echec,14
2026-07-05,g028,b0152,reussite,1
2026-07-05,g028,b0247,echec,15
2026-07-05,g028,b0286,echec,16
2026-07-05,g028,b0291,reussite,1
2026-07-05,g028,b0285,echec,17
2026-07-05,g028,b0294,echec,9
2026-07-05,g028,b0205,echec,14
2026-07-05,g035,b0254,reussite,1
2026-07-05,g035,b0220,reussite,1
2026-07-05,g035,b0273,echec,15
2026-07-05,g035,b0253,echec,9
2026-07-05,g035,b0201,reussite,3
2026-07-05,g035,b0184,echec,11
2026-07-05,g035,b0194,echec,7
2026-07-05,g035,b0211,reussite,1
2026-07-05,g035,b0222,reussite,2
2026-07-05,g035,b0283,echec,9
2026-07-05,g035,b0293,echec,11
2026-07-05,g055,b0261,reussite,1
2026-07-05,g055,b0292,reussite,1
2026-07-05,g055,b0260,reussite,1
2026-07-05,g055,b0277,echec,16
2026-07-05,g055,b0291,reussite,1
2026-07-05,g055,b0269,echec,8
2026-07-05,g055,b0259,echec,12
2026-07-05,g055,b0280,echec,16
2026-07-05,g055,b0271,reussite,1
2026-07-05,g055,b0290,echec,8
2026-07-06,g003,b0210,reussite,1
2026-07-06,g003,b0272,reussite,1
2026-07-06,g003,b0252,reussite,1
2026-07-06,g003,b0211,reussite,1
2026-07-06,g003,b0215,echec,11
2026-07-06,g003,b0227,echec,7
2026-07-06,g003,b0261,reussite,1
2026-07-06,g003,b0296,echec,14
2026-07-06,g012,b0167,echec,9
2026-07-06,g012,b0179,echec,14
2026-07-06,g012,b0277,echec,7
2026-07-06,g012,b0238,echec,9
2026-07-06,g012,b0266,echec,9
2026-07-06,g012,b0207,echec,11
2026-07-06,g016,b0224,echec,15
2026-07-06,g016,b0295,echec,11
2026-07-06,g016,b0244,reussite,6
2026-07-06,g016,b0214,echec,12
2026-07-06,g016,b0208,echec,13
2026-07-06,g016,b0272,reussite,1
2026-07-06,g039,b0214,reussite,1
2026-07-06,g039,b0286,echec,11
2026-07-06,g039,b0206,echec,11
2026-07-06,g039,b0265,reussite,11
2026-07-06,g039,b0293,reussite,3
2026-07-06,g039,b0227,echec,13
2026-07-06,g039,b0275,echec,16
2026-07-06,g039,b0226,echec,9
2026-07-06,g042,b0263,reussite,1
2026-07-06,g042,b0213,reussite,1
2026-07-06,g042,b0207,echec,11
2026-07-06,g042,b0279,echec,11
2026-07-06,g042,b0267,echec,7
2026-07-06,g042,b0241,reussite,1
2026-07-06,g043,b0262,echec,14
2026-07-06,g043,b0242,reussite,3
2026-07-06,g043,b0283,reussite,4
2026-07-06,g043,b0215,echec,11
2026-07-06,g043,b0256,echec,16
2026-07-06,g043,b0271,reussite,1
2026-07-06,g054,b0164,reussite,1
2026-07-06,g054,b0260,reussite,1
2026-07-06,g054,b0284,reussite,9
2026-07-06,g054,b0264,reussite,9
2026-07-06,g054,b0256,reussite,10
2026-07-06,g054,b0227,echec,10
2026-07-06,g054,b0265,echec,12
2026-07-06,g055,b0297,echec,14
2026-07-06,g055,b0212,reussite,1
2026-07-06,g055,b0256,echec,14
2026-07-06,g055,b0283,reussite,1
2026-07-06,g055,b0262,reussite,2
2026-07-06,g055,b0247,echec,15
2026-07-06,g055,b0165,echec,12
2026-07-06,g055,b0204,echec,16
2026-07-06,g055,b0279,echec,15
2026-07-07,g001,b0289,reussite,1
2026-07-07,g001,b0248,echec,13
2026-07-07,g001,b0212,reussite,1
2026-07-07,g001,b0283,reussite,3
2026-07-07,g001,b0274,echec,8
2026-07-07,g001,b0213,reussite,1
2026-07-07,g001,b0295,echec,13
2026-07-07,g005,b0236,reussite,1
2026-07-07,g005,b0207,echec,15
2026-07-07,g005,b0224,reussite,3
2026-07-07,g005,b0225,echec,8
2026-07-07,g005,b0248,echec,11
2026-07-07,g005,b0226,reussite,2
2026-07-07,g005,b0276,echec,12
2026-07-07,g005,b0275,reussite,2
2026-07-07,g005,b0246,reussite,1
2026-07-07,g005,b0236,reussite,1
2026-07-07,g005,b0296,echec,4
2026-07-07,g005,b0248,reussite,14
2026-07-07,g005,b0276,echec,7
2026-07-07,g005,b0205,echec,6
2026-07-07,g005,b0207,reussite,6
2026-07-07,g005,b0287,echec,12
2026-07-07,g010,b0236,reussite,1
2026-07-07,g010,b0233,reussite,1
2026-07-07,g010,b0297,reussite,8
2026-07-07,g010,b0165,echec,7
2026-07-07,g010,b0227,echec,14
2026-07-07,g010,b0203,reussite,9
2026-07-07,g010,b0216,echec,7
2026-07-07,g010,b0294,reussite,5
2026-07-07,g010,b0265,echec,8
2026-07-07,g010,b0224,reussite,13
2026-07-07,g010,b0194,reussite,2
2026-07-07,g013,b0203,reussite,1
2026-07-07,g013,b0205,reussite,7
2026-07-07,g013,b0207,echec,16
2026-07-07,g013,b0248,echec,10
2026-07-07,g013,b0216,reussite,1
2026-07-07,g013,b0247,reussite,5
2026-07-07,g013,b0295,reussite,2
2026-07-07,g013,b0208,echec,16
2026-07-07,g013,b0218,echec,14
2026-07-07,g013,b0277,echec,16
2026-07-07,g016,b0255,echec,7
2026-07-07,g016,b0203,echec,17
2026-07-07,g016,b0284,reussite,4
2026-07-07,g016,b0275,echec,17
2026-07-07,g016,b0242,reussite,2
2026-07-07,g016,b0285,echec,16
2026-07-07,g016,b0202,reussite,4
2026-07-07,g029,b0233,reussite,1
2026-07-07,g029,b0273,reussite,2
2026-07-07,g029,b0235,echec,12
2026-07-07,g029,b0253,reussite,2
2026-07-07,g029,b0244,reussite,5
2026-07-07,g029,b0294,echec,11
2026-07-07,g029,b0210,reussite,1
2026-07-07,g032,b0283,echec,5
2026-07-07,g032,b0262,echec,6
2026-07-07,g032,b0215,echec,7
2026-07-07,g032,b0212,reussite,2
2026-07-07,g032,b0202,reussite,4
2026-07-07,g032,b0296,echec,10
2026-07-07,g032,b0293,echec,17
2026-07-07,g032,b0242,reussite,4
2026-07-07,g032,b0164,echec,6
2026-07-07,g035,b0242,echec,5
2026-07-07,g035,b0244,echec,7
2026-07-07,g035,b0194,echec,18
2026-07-07,g035,b0200,reussite,2
2026-07-07,g035,b0243,reussite,2
2026-07-07,g035,b0201,echec,4
2026-07-07,g035,b0272,echec,2
2026-07-07,g035,b0227,echec,11
2026-07-07,g035,b0284,echec,12
2026-07-07,g035,b0286,echec,16
2026-07-07,g035,b0221,reussite,1
2026-07-07,g035,b0296,echec,9
2026-07-07,g035,b0216,echec,14
2026-07-07,g035,b0167,echec,11
2026-07-07,g035,b0275,echec,11
2026-07-07,g035,b0208,echec,8
2026-07-07,g035,b0247,echec,13
2026-07-07,g045,b0253,reussite,1
2026-07-07,g045,b0167,reussite,1
2026-07-07,g045,b0286,echec,8
2026-07-07,g045,b0285,echec,7
2026-07-07,g045,b0246,echec,8
2026-07-07,g045,b0245,reussite,8
2026-07-07,g045,b0233,reussite,1
2026-07-07,g045,b0237,echec,17
2026-07-07,g052,b0164,reussite,1
2026-07-07,g052,b0202,reussite,7
2026-07-07,g052,b0216,echec,10
2026-07-07,g052,b0214,reussite,14
2026-07-07,g052,b0262,echec,8
2026-07-07,g052,b0293,reussite,6
2026-07-07,g052,b0208,echec,15
2026-07-07,g052,b0194,reussite,14
2026-07-07,g052,b0184,reussite,3
2026-07-07,g052,b0234,reussite,12
2026-07-07,g052,b0255,echec,8
2026-07-08,g016,b0283,reussite,2
2026-07-08,g016,b0294,echec,12
2026-07-08,g016,b0256,reussite,15
2026-07-08,g016,b0247,echec,8
2026-07-08,g016,b0293,reussite,6
2026-07-08,g016,b0253,reussite,2
2026-07-08,g018,b0214,reussite,1
2026-07-08,g018,b0202,reussite,1
2026-07-08,g018,b0227,echec,7
2026-07-08,g018,b0256,echec,3
2026-07-08,g018,b0216,echec,14
2026-07-08,g018,b0215,reussite,10
2026-07-08,g018,b0287,echec,7
2026-07-08,g018,b0226,reussite,6
2026-07-08,g018,b0208,echec,9
2026-07-08,g025,b0297,reussite,1
2026-07-08,g025,b0202,reussite,1
2026-07-08,g025,b0227,echec,8
2026-07-08,g025,b0295,echec,4
2026-07-08,g025,b0275,reussite,4
2026-07-08,g025,b0248,echec,14
2026-07-08,g025,b0204,reussite,2
2026-07-08,g025,b0205,echec,12
2026-07-08,g025,b0286,reussite,11
2026-07-08,g025,b0208,echec,17
2026-07-08,g025,b0247,reussite,6
2026-07-08,g034,b0285,echec,7
2026-07-08,g034,b0184,reussite,1
2026-07-08,g034,b0235,reussite,3
2026-07-08,g034,b0227,echec,9
2026-07-08,g034,b0225,echec,15
2026-07-08,g034,b0269,echec,14
2026-07-08,g034,b0214,reussite,1
2026-07-08,g034,b0184,reussite,1
2026-07-08,g034,b0206,reussite,7
2026-07-08,g034,b0273,reussite,1
2026-07-08,g034,b0204,reussite,12
2026-07-08,g034,b0286,echec,6
2026-07-08,g034,b0224,echec,8
2026-07-08,g034,b0183,reussite,1
2026-07-08,g034,b0295,echec,12
2026-07-08,g034,b0265,echec,7
2026-07-08,g034,b0220,reussite,1
2026-07-08,g034,b0287,echec,7
2026-07-08,g042,b0294,reussite,1
2026-07-08,g042,b0205,reussite,1
2026-07-08,g042,b0268,echec,8
2026-07-08,g042,b0217,echec,14
2026-07-08,g042,b0246,reussite,12
2026-07-08,g042,b0273,reussite,1
2026-07-08,g042,b0287,echec,15
2026-07-08,g042,b0207,echec,17
2026-07-08,g042,b0257,echec,15
2026-07-08,g045,b0283,reussite,1
2026-07-08,g045,b0295,reussite,11
2026-07-08,g045,b0206,echec,11
2026-07-08,g045,b0227,echec,7
2026-07-08,g045,b0247,echec,12
2026-07-08,g045,b0284,reussite,1
2026-07-08,g045,b0215,echec,7
2026-07-08,g045,b0279,echec,18
2026-07-08,g045,b0203,echec,9
2026-07-08,g045,b0237,echec,8
2026-07-08,g045,b0296,echec,14
2026-07-08,g046,b0234,echec,6
2026-07-08,g046,b0214,echec,8
2026-07-08,g046,b0184,reussite,5
2026-07-08,g046,b0293,echec,9
2026-07-08,g046,b0212,echec,2
2026-07-08,g046,b0263,reussite,1
2026-07-08,g046,b0164,reussite,4
2026-07-08,g046,b0213,reussite,2
2026-07-08,g046,b0260,reussite,1
2026-07-08,g046,b0183,reussite,2
2026-07-08,g051,b0213,reussite,1
2026-07-08,g051,b0253,reussite,1
2026-07-08,g051,b0296,echec,12
2026-07-08,g051,b0294,echec,5
2026-07-08,g051,b0261,reussite,1
2026-07-08,g051,b0205,echec,11
2026-07-08,g051,b0263,reussite,1
2026-07-08,g051,b0212,reussite,1
2026-07-08,g051,b0204,reussite,1
2026-07-08,g051,b0285,echec,9
2026-07-08,g051,b0286,reussite,17
2026-07-08,g051,b0246,echec,11
2026-07-08,g051,b0257,echec,11
2026-07-08,g051,b0256,reussite,7
2026-07-08,g051,b0183,reussite,1
2026-07-08,g051,b0287,echec,9
2026-07-08,g051,b0298,echec,17
2026-07-08,g051,b0208,echec,17
2026-07-08,g051,b0294,echec,8
2026-07-08,g054,b0223,reussite,1
2026-07-08,g054,b0247,echec,7
2026-07-08,g054,b0297,echec,12
2026-07-08,g054,b0264,echec,9
2026-07-08,g054,b0284,echec,6
2026-07-08,g054,b0227,echec,11
2026-07-08,g054,b0272,reussite,1
2026-07-08,g054,b0241,reussite,1
2026-07-08,g054,b0203,echec,7
2026-07-09,g002,b0264,reussite,1
2026-07-09,g002,b0227,echec,9
2026-07-09,g002,b0296,echec,9
2026-07-09,g002,b0205,echec,18
2026-07-09,g002,b0287,echec,9
2026-07-09,g002,b0266,echec,11
2026-07-09,g002,b0286,echec,7
2026-07-09,g004,b0227,echec,6
2026-07-09,g004,b0274,reussite,5
2026-07-09,g004,b0206,echec,11
2026-07-09,g004,b0264,echec,2
2026-07-09,g004,b0296,echec,9
2026-07-09,g004,b0215,echec,9
2026-07-09,g004,b0286,echec,12
2026-07-09,g004,b0216,echec,12
2026-07-09,g004,b0247,echec,11
2026-07-09,g005,b0295,reussite,1
2026-07-09,g005,b0265,reussite,4
2026-07-09,g005,b0287,reussite,6
2026-07-09,g005,b0208,echec,11
2026-07-09,g005,b0279,echec,6
2026-07-09,g005,b0238,echec,13
2026-07-09,g012,b0269,echec,9
2026-07-09,g012,b0205,reussite,11
2026-07-09,g012,b0209,reussite,1
2026-07-09,g012,b0260,reussite,1
2026-07-09,g012,b0238,echec,7
2026-07-09,g012,b0248,echec,10
2026-07-09,g012,b0240,echec,15
2026-07-09,g012,b0282,reussite,1
2026-07-09,g013,b0247,reussite,1
2026-07-09,g013,b0205,reussite,1
2026-07-09,g013,b0278,echec,7
2026-07-09,g013,b0217,echec,7
2026-07-09,g013,b0236,reussite,2
2026-07-09,g013,b0238,echec,9
2026-07-09,g013,b0267,echec,7
2026-07-09,g013,b0288,echec,15
2026-07-09,g015,b0214,reussite,1
2026-07-09,g015,b0236,reussite,1
2026-07-09,g015,b0247,echec,6
2026-07-09,g015,b0216,echec,10
2026-07-09,g015,b0225,echec,10
2026-07-09,g015,b0226,reussite,10
2026-07-09,g015,b0265,echec,11
2026-07-09,g015,b0207,echec,16
2026-07-09,g020,b0297,reussite,1
2026-07-09,g020,b0206,reussite,1
2026-07-09,g020,b0256,reussite,14
2026-07-09,g020,b0245,echec,8
2026-07-09,g020,b0215,reussite,15
2026-07-09,g020,b0246,echec,10
2026-07-09,g020,b0248,echec,15
2026-07-09,g020,b0276,echec,11
2026-07-09,g020,b0227,echec,15
2026-07-09,g020,b0225,echec,8
2026-07-09,g023,b0242,reussite,1
2026-07-09,g023,b0273,reussite,1
2026-07-09,g023,b0213,reussite,1
2026-07-09,g023,b0264,echec,8
2026-07-09,g023,b0275,echec,15
2026-07-09,g023,b0253,reussite,2
2026-07-09,g023,b0204,echec,9
2026-07-09,g023,b0284,echec,3
2026-07-09,g023,b0274,echec,5
2026-07-09,g023,b0294,reussite,15
2026-07-09,g023,b0244,echec,6
2026-07-09,g033,b0284,reussite,1
2026-07-09,g033,b0264,reussite,1
2026-07-09,g033,b0207,echec,14
2026-07-09,g033,b0298,echec,8
2026-07-09,g033,b0248,echec,10
2026-07-09,g033,b0278,echec,6
2026-07-09,g033,b0266,reussite,13
2026-07-09,g033,b0229,echec,13
2026-07-09,g033,b0238,echec,10
2026-07-09,g033,b0259,echec,7
2026-07-09,g039,b0227,echec,11
2026-07-09,g039,b0255,reussite,2
2026-07-09,g039,b0214,reussite,4
2026-07-09,g039,b0265,echec,7
2026-07-09,g039,b0206,echec,10
2026-07-09,g039,b0224,echec,5
2026-07-09,g046,b0285,echec,10
2026-07-09,g046,b0286,echec,14
2026-07-09,g046,b0269,echec,15
2026-07-09,g046,b0298,echec,16
2026-07-09,g046,b0267,echec,12
2026-07-09,g046,b0266,echec,6
2026-07-09,g046,b0246,echec,18
2026-07-09,g046,b0258,echec,15
2026-07-09,g046,b0287,echec,8
2026-07-09,g055,b0257,echec,12
2026-07-09,g055,b0207,echec,13
2026-07-09,g055,b0285,echec,17
2026-07-09,g055,b0208,echec,9
2026-07-09,g055,b0272,reussite,1
2026-07-09,g055,b0254,reussite,1
2026-07-10,g001,b0232,reussite,1
2026-07-10,g001,b0287,echec,17
2026-07-10,g001,b0209,reussite,1
2026-07-10,g001,b0285,echec,11
2026-07-10,g001,b0291,reussite,1
2026-07-10,g001,b0276,echec,13
2026-07-10,g001,b0207,echec,12
2026-07-10,g001,b0279,echec,18
2026-07-10,g005,b0244,reussite,1
2026-07-10,g005,b0286,echec,8
2026-07-10,g005,b0238,echec,17
2026-07-10,g005,b0208,echec,15
2026-07-10,g005,b0298,echec,7
2026-07-10,g005,b0294,reussite,1
2026-07-10,g005,b0266,echec,12
2026-07-10,g005,b0293,reussite,1
2026-07-10,g005,b0274,reussite,1
2026-07-10,g005,b0278,echec,7
2026-07-10,g009,b0245,reussite,1
2026-07-10,g009,b0262,reussite,1
2026-07-10,g009,b0285,echec,9
2026-07-10,g009,b0213,reussite,1
2026-07-10,g009,b0268,echec,9
2026-07-10,g009,b0238,echec,12
2026-07-10,g009,b0246,echec,7
2026-07-10,g009,b0254,reussite,1
2026-07-10,g009,b0298,echec,16
2026-07-10,g009,b0207,echec,17
2026-07-10,g009,b0248,echec,13
2026-07-10,g009,b0279,echec,11
2026-07-10,g013,b0285,reussite,1
2026-07-10,g013,b0203,reussite,1
2026-07-10,g013,b0235,reussite,1
2026-07-10,g013,b0240,echec,15
2026-07-10,g013,b0244,reussite,1
2026-07-10,g013,b0228,echec,11
2026-07-10,g013,b0290,echec,9
2026-07-10,g013,b0280,echec,11
2026-07-10,g013,b0233,reussite,1
2026-07-10,g013,b0230,echec,8
2026-07-10,g013,b0237,echec,18
2026-07-10,g021,b0253,echec,7
2026-07-10,g021,b0274,echec,13
2026-07-10,g021,b0201,reussite,1
2026-07-10,g021,b0234,echec,10
2026-07-10,g021,b0236,echec,9
2026-07-10,g021,b0214,echec,12
2026-07-10,g021,b0293,echec,16
2026-07-10,g021,b0223,reussite,1
2026-07-10,g021,b0242,reussite,1
2026-07-10,g021,b0264,echec,14
2026-07-10,g021,b0210,reussite,2
2026-07-10,g030,b0204,echec,14
2026-07-10,g030,b0252,reussite,1
2026-07-10,g030,b0260,reussite,1
2026-07-10,g030,b0297,echec,8
2026-07-10,g030,b0274,echec,9
2026-07-10,g030,b0264,echec,10
2026-07-10,g030,b0265,echec,16
2026-07-10,g030,b0293,reussite,12
2026-07-10,g030,b0275,echec,12
2026-07-10,g037,b0295,echec,6
2026-07-10,g037,b0247,echec,14
2026-07-10,g037,b0246,echec,10
2026-07-10,g037,b0283,reussite,1
2026-07-10,g037,b0269,echec,16
2026-07-10,g037,b0216,echec,6
2026-07-10,g037,b0255,reussite,1
2026-07-10,g037,b0244,reussite,1
2026-07-10,g037,b0294,reussite,1
2026-07-10,g037,b0206,reussite,1
2026-07-10,g037,b0227,echec,10
2026-07-10,g037,b0205,echec,6
2026-07-10,g037,b0257,echec,10
2026-07-10,g037,b0285,echec,12
2026-07-10,g037,b0202,reussite,1
2026-07-10,g037,b0267,echec,7
2026-07-10,g037,b0276,echec,7
2026-07-10,g037,b0233,reussite,1
2026-07-10,g042,b0294,reussite,1
2026-07-10,g042,b0294,reussite,1
2026-07-10,g042,b0227,echec,6
2026-07-10,g042,b0244,reussite,1
2026-07-10,g042,b0202,reussite,1
2026-07-10,g042,b0245,reussite,6
2026-07-10,g042,b0266,echec,9
2026-07-10,g042,b0204,echec,9
2026-07-10,g042,b0265,reussite,8
2026-07-10,g054,b0284,reussite,1
2026-07-10,g054,b0243,reussite,1
2026-07-10,g054,b0282,reussite,1
2026-07-10,g054,b0275,echec,7
2026-07-10,g054,b0265,echec,12
2026-07-10,g054,b0205,echec,15
2026-07-10,g054,b0251,reussite,1
2026-07-10,g054,b0292,reussite,1
2026-07-10,g054,b0285,echec,11
2026-07-10,g054,b0291,reussite,1
2026-07-10,g054,b0257,echec,15
2026-07-10,g054,b0238,echec,13
2026-07-11,g007,b0284,reussite,1
2026-07-11,g007,b0225,echec,7
2026-07-11,g007,b0265,echec,13
2026-07-11,g007,b0216,echec,18
2026-07-11,g007,b0276,echec,6
2026-07-11,g007,b0215,echec,15
2026-07-11,g007,b0247,echec,9
2026-07-11,g008,b0262,reussite,1
2026-07-11,g008,b0216,reussite,1
2026-07-11,g008,b0245,echec,6
2026-07-11,g008,b0288,echec,11
2026-07-11,g008,b0236,echec,6
2026-07-11,g008,b0244,reussite,3
2026-07-11,g008,b0235,reussite,3
2026-07-11,g008,b0208,echec,16
2026-07-11,g008,b0297,reussite,1
2026-07-11,g008,b0227,echec,16
2026-07-11,g008,b0224,echec,8
2026-07-11,g008,b0245,echec,6
2026-07-11,g008,b0295,echec,13
2026-07-11,g008,b0287,echec,18
2026-07-11,g008,b0296,echec,17
2026-07-11,g008,b0264,reussite,1
2026-07-11,g008,b0225,echec,7
2026-07-11,g012,b0253,reussite,1
2026-07-11,g012,b0293,reussite,1
2026-07-11,g012,b0236,reussite,3
2026-07-11,g012,b0241,reussite,1
2026-07-11,g012,b0220,reussite,1
2026-07-11,g012,b0248,echec,9
2026-07-11,g012,b0223,reussite,1
2026-07-11,g012,b0252,reussite,1
2026-07-11,g012,b0257,echec,9
2026-07-11,g012,b0235,reussite,2
2026-07-11,g012,b0261,reussite,1
2026-07-11,g030,b0242,reussite,1
2026-07-11,g030,b0283,reussite,1
2026-07-11,g030,b0284,echec,6
2026-07-11,g030,b0236,echec,11
2026-07-11,g030,b0261,echec,1
2026-07-11,g030,b0243,reussite,1
2026-07-11,g030,b0216,echec,13
2026-07-11,g030,b0205,echec,14
2026-07-11,g035,b0239,reussite,1
2026-07-11,g035,b0293,echec,11
2026-07-11,g035,b0283,reussite,7
2026-07-11,g035,b0256,echec,7
2026-07-11,g035,b0289,reussite,1
2026-07-11,g035,b0201,reussite,1
2026-07-11,g035,b0282,reussite,2
2026-07-11,g035,b0209,reussite,1
2026-07-11,g035,b0256,echec,17
2026-07-11,g044,b0293,reussite,5
2026-07-11,g044,b0247,echec,12
2026-07-11,g044,b0275,echec,6
2026-07-11,g044,b0265,echec,8
2026-07-11,g044,b0224,echec,12
2026-07-11,g044,b0227,echec,14
2026-07-11,g044,b0226,echec,15
2026-07-11,g044,b0225,echec,13
2026-07-11,g044,b0207,echec,7
2026-07-11,g044,b0297,echec,8
2026-07-11,g044,b0263,reussite,1
2026-07-11,g044,b0235,reussite,1
2026-07-11,g044,b0265,echec,7
2026-07-11,g044,b0224,echec,12
2026-07-11,g044,b0295,echec,14
2026-07-11,g044,b0275,echec,10
2026-07-11,g044,b0296,echec,8
2026-07-11,g044,b0285,echec,18
2026-07-11,g044,b0252,reussite,1
2026-07-11,g045,b0293,reussite,1
2026-07-11,g045,b0214,reussite,3
2026-07-11,g045,b0227,echec,16
2026-07-11,g045,b0265,reussite,7
2026-07-11,g045,b0253,reussite,1
2026-07-11,g045,b0244,reussite,4
2026-07-11,g045,b0279,echec,9
2026-07-11,g045,b0275,echec,7
2026-07-11,g045,b0204,echec,7
2026-07-11,g045,b0295,echec,14
2026-07-11,g047,b0247,reussite,1
2026-07-11,g047,b0236,echec,10
2026-07-11,g047,b0255,echec,8
2026-07-11,g047,b0273,reussite,1
2026-07-11,g047,b0275,echec,15
2026-07-11,g047,b0297,echec,16
2026-07-11,g047,b0294,echec,8
2026-07-11,g047,b0235,reussite,6
2026-07-11,g047,b0295,echec,17
2026-07-11,g047,b0243,reussite,1
2026-07-11,g047,b0294,reussite,1
2026-07-11,g047,b0241,reussite,1
2026-07-11,g047,b0208,echec,15
2026-07-11,g047,b0246,echec,14
2026-07-11,g047,b0238,echec,13
2026-07-11,g047,b0201,reussite,1
2026-07-11,g047,b0289,reussite,1
2026-07-11,g047,b0218,echec,9
2026-07-11,g047,b0285,echec,15
2026-07-11,g047,b0211,reussite,1
2026-07-11,g047,b0207,echec,14
2026-07-11,g055,b0214,reussite,1
2026-07-11,g055,b0202,reussite,1
2026-07-11,g055,b0236,echec,13
2026-07-11,g055,b0273,echec,1
2026-07-11,g055,b0244,echec,9
2026-07-11,g055,b0233,reussite,1
2026-07-11,g055,b0210,reussite,1
2026-07-11,g055,b0203,echec,11
2026-07-11,g055,b0274,reussite,7
2026-07-11,g055,b0245,echec,15
2026-07-12,g003,b0212,reussite,1
2026-07-12,g003,b0209,reussite,1
2026-07-12,g003,b0282,reussite,1
2026-07-12,g003,b0291,reussite,1
2026-07-12,g003,b0257,echec,7
2026-07-12,g003,b0238,echec,14
2026-07-12,g003,b0292,reussite,1
2026-07-12,g003,b0266,echec,8
2026-07-12,g006,b0244,reussite,11
2026-07-12,g006,b0262,echec,5
2026-07-12,g006,b0264,reussite,11
2026-07-12,g006,b0284,echec,9
2026-07-12,g006,b0263,reussite,1
2026-07-12,g006,b0283,reussite,3
2026-07-12,g006,b0202,reussite,6
2026-07-12,g006,b0274,echec,9
2026-07-12,g006,b0204,echec,16
2026-07-12,g006,b0253,reussite,1
2026-07-12,g007,b0210,reussite,1
2026-07-12,g007,b0226,echec,7
2026-07-12,g007,b0256,echec,14
2026-07-12,g007,b0252,reussite,1
2026-07-12,g007,b0241,reussite,1
2026-07-12,g007,b0247,echec,18
2026-07-12,g007,b0225,echec,12
2026-07-12,g008,b0216,reussite,1
2026-07-12,g008,b0294,reussite,1
2026-07-12,g008,b0255,reussite,2
2026-07-12,g008,b0297,reussite,3
2026-07-12,g008,b0288,echec,18
2026-07-12,g009,b0201,reussite,1
2026-07-12,g009,b0235,reussite,1
2026-07-12,g009,b0300,echec,11
2026-07-12,g009,b0251,reussite,1
2026-07-12,g009,b0260,reussite,1
2026-07-12,g009,b0228,echec,17
2026-07-12,g009,b0218,echec,15
2026-07-12,g009,b0257,echec,16
2026-07-12,g009,b0237,echec,15
2026-07-12,g012,b0263,reussite,1
2026-07-12,g012,b0262,echec,3
2026-07-12,g012,b0204,reussite,11
2026-07-12,g012,b0233,reussite,1
2026-07-12,g012,b0206,echec,7
2026-07-12,g012,b0246,echec,8
2026-07-12,g012,b0225,echec,6
2026-07-12,g014,b0284,reussite,1
2026-07-12,g014,b0242,reussite,1
2026-07-12,g014,b0203,echec,13
2026-07-12,g014,b0215,echec,13
2026-07-12,g014,b0205,echec,14
2026-07-12,g014,b0214,echec,7
2026-07-12,g014,b0244,echec,6
2026-07-12,g014,b0224,echec,9
2026-07-12,g014,b0226,echec,7
2026-07-12,g019,b0202,reussite,1
2026-07-12,g019,b0264,echec,10
2026-07-12,g019,b0255,echec,8
2026-07-12,g019,b0209,reussite,1
2026-07-12,g019,b0294,echec,15
2026-07-12,g019,b0274,echec,11
2026-07-12,g019,b0213,reussite,2
2026-07-12,g022,b0236,reussite,1
2026-07-12,g022,b0275,echec,6
2026-07-12,g022,b0225,echec,11
2026-07-12,g022,b0205,echec,15
2026-07-12,g022,b0216,echec,16
2026-07-12,g022,b0227,echec,9
2026-07-12,g022,b0257,echec,17
2026-07-12,g022,b0247,echec,9
2026-07-12,g022,b0246,echec,7
2026-07-12,g033,b0224,reussite,5
2026-07-12,g033,b0204,echec,1
2026-07-12,g033,b0266,echec,16
2026-07-12,g033,b0285,reussite,6
2026-07-12,g045,b0297,reussite,1
2026-07-12,g045,b0235,reussite,2
2026-07-12,g045,b0264,reussite,2
2026-07-12,g045,b0245,echec,11
2026-07-12,g045,b0226,reussite,9
2026-07-12,g045,b0227,echec,13
2026-07-12,g045,b0233,echec,1
2026-07-12,g045,b0247,echec,11
2026-07-12,g055,b0266,echec,17
2026-07-12,g055,b0224,echec,8
2026-07-12,g055,b0214,reussite,6
2026-07-12,g055,b0215,echec,12
2026-07-12,g055,b0253,reussite,1
2026-07-12,g055,b0242,reussite,1
2026-07-13,g006,b0255,reussite,1
2026-07-13,g006,b0273,reussite,1
2026-07-13,g006,b0297,echec,14
2026-07-13,g006,b0220,reussite,1
2026-07-13,g006,b0294,echec,14
2026-07-13,g006,b0214,reussite,12
2026-07-13,g006,b0256,echec,14
2026-07-13,g006,b0236,reussite,11
2026-07-13,g007,b0242,reussite,1
2026-07-13,g007,b0253,reussite,1
2026-07-13,g007,b0297,echec,14
2026-07-13,g007,b0215,echec,17
2026-07-13,g007,b0226,echec,15
2026-07-13,g007,b0294,echec,8
2026-07-13,g007,b0295,echec,16
2026-07-13,g007,b0243,reussite,1
2026-07-13,g007,b0216,echec,13
2026-07-13,g007,b0253,reussite,1
2026-07-13,g007,b0220,reussite,1
2026-07-13,g007,b0285,echec,18
2026-07-13,g008,b0244,reussite,1
2026-07-13,g008,b0295,reussite,7
2026-07-13,g008,b0207,echec,12
2026-07-13,g008,b0283,reussite,2
2026-07-13,g008,b0274,reussite,2
2026-07-13,g008,b0257,echec,11
2026-07-13,g008,b0203,echec,9
2026-07-13,g008,b0213,reussite,1
2026-07-13,g008,b0202,reussite,1
2026-07-13,g008,b0259,echec,8
2026-07-13,g008,b0292,reussite,1
2026-07-13,g008,b0269,echec,7
2026-07-13,g008,b0228,echec,7
2026-07-13,g008,b0281,reussite,1
2026-07-13,g008,b0258,echec,14
2026-07-13,g008,b0300,echec,13
2026-07-13,g008,b0217,echec,12
2026-07-13,g008,b0278,echec,17
2026-07-13,g008,b0237,echec,11
2026-07-13,g012,b0239,reussite,1
2026-07-13,g012,b0286,echec,12
2026-07-13,g012,b0281,reussite,1
2026-07-13,g012,b0247,echec,8
2026-07-13,g012,b0267,echec,11
2026-07-13,g012,b0229,echec,14
2026-07-13,g012,b0292,reussite,1
2026-07-13,g012,b0237,echec,11
2026-07-13,g012,b0291,reussite,1
2026-07-13,g012,b0289,reussite,1
2026-07-13,g012,b0259,echec,6
2026-07-13,g012,b0287,echec,14
2026-07-13,g012,b0207,echec,10
2026-07-13,g012,b0266,echec,12
2026-07-13,g014,b0253,reussite,1
2026-07-13,g014,b0214,reussite,1
2026-07-13,g014,b0236,reussite,10
2026-07-13,g014,b0226,echec,8
2026-07-13,g014,b0245,echec,8
2026-07-13,g014,b0213,reussite,1
2026-07-13,g014,b0294,reussite,8
2026-07-13,g014,b0275,echec,12
2026-07-13,g014,b0296,echec,7
2026-07-13,g014,b0295,echec,13
2026-07-13,g014,b0223,reussite,1
2026-07-13,g016,b0242,reussite,1
2026-07-13,g016,b0223,reussite,1
2026-07-13,g016,b0261,reussite,1
2026-07-13,g016,b0281,reussite,1
2026-07-13,g016,b0265,echec,15
2026-07-13,g016,b0286,echec,6
2026-07-13,g016,b0294,echec,9
2026-07-13,g016,b0220,reussite,1
2026-07-13,g016,b0203,echec,7
2026-07-13,g016,b0241,reussite,1
2026-07-13,g016,b0285,echec,14
2026-07-13,g021,b0223,reussite,1
2026-07-13,g021,b0254,reussite,1
2026-07-13,g021,b0203,echec,7
2026-07-13,g021,b0243,reussite,2
2026-07-13,g021,b0289,reussite,1
2026-07-13,g021,b0222,reussite,2
2026-07-13,g021,b0232,reussite,1
2026-07-13,g021,b0209,reussite,1
2026-07-13,g021,b0244,echec,15
2026-07-13,g022,b0244,reussite,1
2026-07-13,g022,b0212,reussite,1
2026-07-13,g022,b0236,reussite,12
2026-07-13,g022,b0215,reussite,15
2026-07-13,g022,b0283,reussite,2
2026-07-13,g022,b0235,echec,10
2026-07-13,g022,b0245,echec,14
2026-07-13,g022,b0207,echec,16
2026-07-13,g026,b0294,reussite,1
2026-07-13,g026,b0214,reussite,1
2026-07-13,g026,b0255,reussite,2
2026-07-13,g026,b0236,reussite,4
2026-07-13,g026,b0206,reussite,6
2026-07-13,g026,b0226,reussite,5
2026-07-13,g026,b0283,reussite,1
2026-07-13,g026,b0297,reussite,7
2026-07-13,g031,b0264,reussite,1
2026-07-13,g031,b0242,reussite,1
2026-07-13,g031,b0210,reussite,1
2026-07-13,g031,b0204,echec,8
2026-07-13,g031,b0294,echec,17
2026-07-13,g031,b0226,echec,10
2026-07-13,g031,b0206,echec,13
2026-07-13,g031,b0254,reussite,1
2026-07-13,g031,b0224,echec,8
2026-07-13,g031,b0241,reussite,2
2026-07-13,g033,b0265,reussite,1
2026-07-13,g033,b0206,reussite,1
2026-07-13,g033,b0288,echec,11
2026-07-13,g033,b0236,reussite,2
2026-07-13,g033,b0294,reussite,1
2026-07-13,g033,b0225,reussite,4
2026-07-13,g033,b0214,reussite,1
2026-07-13,g033,b0229,echec,12
2026-07-13,g033,b0230,echec,17
2026-07-13,g042,b0256,reussite,1
2026-07-13,g042,b0202,reussite,1
2026-07-13,g042,b0296,echec,18
2026-07-13,g042,b0236,echec,6
2026-07-13,g042,b0234,reussite,2
2026-07-13,g042,b0246,echec,10
2026-07-13,g042,b0225,echec,11
2026-07-13,g042,b0286,echec,12
2026-07-13,g042,b0293,reussite,2
2026-07-13,g042,b0272,reussite,1
2026-07-13,g044,b0264,reussite,10
2026-07-13,g044,b0236,echec,16
2026-07-13,g044,b0233,reussite,3
2026-07-13,g044,b0216,echec,7
2026-07-13,g044,b0262,echec,8
2026-07-13,g044,b0274,reussite,7
2026-07-13,g044,b0234,reussite,10
2026-07-13,g044,b0273,reussite,2
2026-07-13,g044,b0201,reussite,1
2026-07-13,g045,b0214,echec,2
2026-07-13,g045,b0204,echec,10
2026-07-13,g045,b0259,echec,16
2026-07-13,g048,b0264,reussite,1
2026-07-13,g048,b0262,reussite,1
2026-07-13,g048,b0284,echec,10
2026-07-13,g048,b0274,echec,11
2026-07-13,g048,b0273,reussite,3
2026-07-13,g048,b0201,reussite,1
2026-07-13,g048,b0204,echec,8
2026-07-13,g048,b0294,echec,11
2026-07-13,g050,b0254,reussite,1
2026-07-13,g050,b0283,reussite,1
2026-07-13,g050,b0297,echec,10
2026-07-13,g050,b0209,reussite,1
2026-07-13,g054,b0283,reussite,1
2026-07-13,g054,b0210,reussite,1
2026-07-13,g054,b0244,echec,11
2026-07-13,g054,b0276,echec,13
2026-07-13,g054,b0234,echec,6
2026-07-13,g054,b0224,echec,10
2026-07-13,g054,b0220,reussite,1
2026-07-13,g054,b0262,reussite,6
2026-07-13,g054,b0204,echec,6
2026-07-13,g054,b0294,echec,15
2026-07-13,g054,b0233,reussite,2
2026-07-14,g008,b0233,reussite,1
2026-07-14,g008,b0201,reussite,1
2026-07-14,g008,b0217,echec,18
2026-07-14,g008,b0258,echec,16
2026-07-14,g008,b0278,echec,18
2026-07-14,g008,b0282,reussite,1
2026-07-14,g008,b0230,echec,12
2026-07-14,g008,b0240,echec,7
2026-07-14,g010,b0204,reussite,1
2026-07-14,g010,b0245,reussite,1
2026-07-14,g010,b0284,reussite,3
2026-07-14,g010,b0286,echec,17
2026-07-14,g010,b0264,reussite,2
2026-07-14,g010,b0246,echec,12
2026-07-14,g010,b0248,echec,6
2026-07-14,g010,b0283,reussite,1
2026-07-14,g010,b0275,echec,8
2026-07-14,g010,b0206,reussite,10
2026-07-14,g013,b0236,reussite,1
2026-07-14,g013,b0228,echec,8
2026-07-14,g013,b0230,echec,12
2026-07-14,g013,b0202,reussite,1
2026-07-14,g013,b0280,echec,16
2026-07-14,g013,b0242,reussite,1
2026-07-14,g014,b0235,reussite,1
2026-07-14,g014,b0227,echec,17
2026-07-14,g014,b0222,reussite,1
2026-07-14,g014,b0278,echec,6
2026-07-14,g014,b0298,echec,6
2026-07-14,g014,b0291,reussite,1
2026-07-14,g014,b0246,echec,17
2026-07-14,g014,b0239,reussite,1
2026-07-14,g014,b0269,echec,17
2026-07-14,g014,b0289,reussite,1
2026-07-14,g014,b0259,echec,10
2026-07-14,g017,b0261,reussite,1
2026-07-14,g017,b0288,echec,13
2026-07-14,g017,b0278,echec,15
2026-07-14,g017,b0269,echec,13
2026-07-14,g017,b0267,echec,16
2026-07-14,g017,b0259,echec,17
2026-07-14,g017,b0280,echec,17
2026-07-14,g017,b0300,echec,17
2026-07-14,g017,b0277,echec,9
2026-07-14,g017,b0290,echec,6
2026-07-14,g024,b0252,reussite,1
2026-07-14,g024,b0254,reussite,1
2026-07-14,g024,b0256,echec,17
2026-07-14,g024,b0292,reussite,2
2026-07-14,g024,b0265,echec,18
2026-07-14,g024,b0244,echec,8
2026-07-14,g024,b0204,echec,15
2026-07-14,g024,b0291,echec,1
2026-07-14,g024,b0203,echec,9
2026-07-14,g028,b0213,reussite,1
2026-07-14,g028,b0241,reussite,2
2026-07-14,g028,b0214,echec,9
2026-07-14,g028,b0252,reussite,1
2026-07-14,g028,b0235,echec,16
2026-07-14,g028,b0283,echec,3
2026-07-14,g028,b0255,echec,9
2026-07-14,g030,b0283,reussite,1
2026-07-14,g030,b0203,echec,16
2026-07-14,g030,b0253,reussite,5
2026-07-14,g030,b0234,echec,7
2026-07-14,g030,b0251,reussite,1
2026-07-14,g030,b0255,echec,13
2026-07-14,g030,b0273,reussite,4
2026-07-14,g030,b0244,echec,12
2026-07-14,g030,b0242,reussite,2
2026-07-14,g030,b0212,reussite,3
2026-07-14,g034,b0263,reussite,1
2026-07-14,g034,b0204,echec,11
2026-07-14,g034,b0206,echec,10
2026-07-14,g034,b0276,echec,16
2026-07-14,g034,b0245,reussite,10
2026-07-14,g034,b0275,echec,10
2026-07-14,g034,b0265,echec,12
2026-07-14,g037,b0214,reussite,2
2026-07-14,g037,b0265,echec,2
2026-07-14,g037,b0246,echec,10
2026-07-14,g037,b0216,echec,12
2026-07-14,g037,b0294,reussite,2
2026-07-14,g037,b0276,echec,18
2026-07-14,g037,b0224,reussite,8
2026-07-14,g037,b0248,echec,7
2026-07-14,g040,b0233,reussite,1
2026-07-14,g040,b0252,reussite,1
2026-07-14,g040,b0272,reussite,1
2026-07-14,g040,b0246,echec,7
2026-07-14,g040,b0275,echec,13
2026-07-14,g040,b0286,echec,14
2026-07-14,g040,b0287,echec,16
2026-07-14,g040,b0226,echec,11
2026-07-14,g041,b0215,echec,16
2026-07-14,g041,b0239,reussite,1
2026-07-14,g041,b0297,echec,10
2026-07-14,g041,b0209,reussite,1
2026-07-14,g041,b0256,echec,10
2026-07-14,g041,b0265,echec,16
2026-07-14,g041,b0211,reussite,1
2026-07-14,g041,b0275,echec,11
2026-07-14,g041,b0295,echec,15
2026-07-14,g048,b0206,echec,9
2026-07-14,g048,b0245,echec,9
2026-07-14,g048,b0254,reussite,1
2026-07-14,g048,b0225,echec,15
2026-07-14,g048,b0222,reussite,1
2026-07-14,g048,b0256,echec,11
2026-07-14,g048,b0251,reussite,1
2026-07-14,g048,b0295,echec,14
2026-07-14,g048,b0224,echec,7
2026-07-14,g049,b0202,reussite,1
2026-07-14,g049,b0273,reussite,8
2026-07-14,g049,b0263,reussite,2
2026-07-14,g049,b0234,echec,11
2026-07-14,g049,b0206,echec,16
2026-07-14,g049,b0255,echec,11
2026-07-14,g049,b0276,echec,12
2026-07-14,g049,b0284,echec,10
2026-07-14,g049,b0202,reussite,1
2026-07-14,g049,b0263,reussite,1
2026-07-14,g049,b0283,echec,13
2026-07-14,g049,b0294,echec,9
2026-07-14,g049,b0264,echec,7
2026-07-14,g049,b0262,echec,8
2026-07-14,g049,b0274,echec,8
2026-07-14,g049,b0261,reussite,1
2026-07-14,g049,b0235,echec,11
2026-07-14,g049,b0253,echec,10
2026-07-14,g050,b0209,reussite,1
2026-07-14,g050,b0224,echec,10
2026-07-14,g050,b0264,reussite,6
2026-07-14,g050,b0272,reussite,1
2026-07-14,g050,b0243,reussite,1
2026-07-14,g050,b0244,echec,14
2026-07-14,g050,b0236,echec,11
2026-07-14,g050,b0251,reussite,1
2026-07-14,g050,b0274,echec,6
2026-07-14,g055,b0255,reussite,1
2026-07-14,g055,b0242,reussite,1
2026-07-14,g055,b0284,reussite,4
2026-07-14,g055,b0268,echec,15
2026-07-14,g055,b0275,echec,9
2026-07-14,g055,b0235,reussite,8
2026-07-14,g055,b0246,echec,15
2026-07-14,g055,b0213,reussite,1
2026-07-14,g055,b0226,echec,15
2026-07-14,g055,b0220,reussite,1
2026-07-14,g055,b0264,reussite,6
2026-07-14,g055,b0295,echec,16
2026-07-15,g002,b0212,reussite,1
2026-07-15,g002,b0242,reussite,1
2026-07-15,g002,b0257,echec,13
2026-07-15,g002,b0273,echec,2
2026-07-15,g002,b0253,reussite,2
2026-07-15,g002,b0255,echec,8
2026-07-15,g002,b0236,echec,10
2026-07-15,g002,b0210,reussite,1
2026-07-15,g002,b0234,reussite,8
2026-07-15,g002,b0244,reussite,9
2026-07-15,g002,b0294,reussite,6
2026-07-15,g007,b0214,reussite,1
2026-07-15,g007,b0233,reussite,1
2026-07-15,g007,b0283,reussite,4
2026-07-15,g007,b0227,echec,17
2026-07-15,g007,b0287,echec,17
2026-07-15,g007,b0293,echec,10
2026-07-15,g007,b0279,echec,11
2026-07-15,g007,b0217,echec,12
2026-07-15,g008,b0277,echec,11
2026-07-15,g008,b0270,reussite,1
2026-07-15,g008,b0300,echec,16
2026-07-15,g008,b0299,reussite,1
2026-07-15,g008,b0289,reussite,1
2026-07-15,g008,b0237,echec,13
2026-07-15,g008,b0249,echec,12
2026-07-15,g015,b0227,reussite,1
2026-07-15,g015,b0275,reussite,1
2026-07-15,g015,b0256,echec,9
2026-07-15,g015,b0207,echec,9
2026-07-15,g015,b0293,echec,1
2026-07-15,g015,b0225,echec,14
2026-07-15,g015,b0255,reussite,2
2026-07-15,g015,b0274,echec,2
2026-07-15,g015,b0286,echec,16
2026-07-15,g016,b0202,reussite,1
2026-07-15,g016,b0273,reussite,1
2026-07-15,g016,b0233,reussite,2
2026-07-15,g016,b0208,echec,18
2026-07-15,g016,b0255,reussite,5
2026-07-15,g016,b0236,echec,13
2026-07-15,g016,b0262,reussite,3
2026-07-15,g016,b0238,echec,7
2026-07-15,g016,b0204,echec,14
2026-07-15,g016,b0264,reussite,10
2026-07-15,g016,b0215,echec,9
2026-07-15,g021,b0251,reussite,1
2026-07-15,g021,b0233,reussite,1
2026-07-15,g021,b0214,echec,15
2026-07-15,g023,b0213,reussite,1
2026-07-15,g023,b0253,reussite,1
2026-07-15,g023,b0233,reussite,1
2026-07-15,g023,b0210,reussite,1
2026-07-15,g023,b0275,echec,14
2026-07-15,g023,b0241,reussite,1
2026-07-15,g023,b0214,echec,13
2026-07-15,g023,b0276,echec,7
2026-07-15,g023,b0293,echec,6
2026-07-15,g027,b0211,echec,1
2026-07-15,g027,b0273,reussite,8
2026-07-15,g027,b0234,echec,7
2026-07-15,g027,b0222,reussite,2
2026-07-15,g027,b0215,echec,10
2026-07-15,g027,b0263,reussite,7
2026-07-15,g027,b0216,echec,14
2026-07-15,g027,b0284,echec,10
2026-07-15,g028,b0202,reussite,1
2026-07-15,g028,b0263,reussite,1
2026-07-15,g028,b0253,reussite,3
2026-07-15,g028,b0297,echec,6
2026-07-15,g028,b0274,echec,13
2026-07-15,g028,b0264,echec,16
2026-07-15,g028,b0242,reussite,4
2026-07-15,g028,b0244,echec,15
2026-07-15,g028,b0210,reussite,1
2026-07-15,g028,b0212,reussite,2
2026-07-15,g030,b0222,reussite,1
2026-07-15,g030,b0272,reussite,2
2026-07-15,g030,b0242,echec,6
2026-07-15,g030,b0262,reussite,8
2026-07-15,g030,b0202,reussite,9
2026-07-15,g030,b0244,echec,16
2026-07-15,g030,b0212,echec,3
2026-07-15,g030,b0255,echec,15
2026-07-15,g030,b0215,echec,16
2026-07-15,g030,b0234,reussite,1
2026-07-15,g030,b0235,echec,14
2026-07-15,g030,b0236,echec,15
2026-07-15,g030,b0224,echec,14
2026-07-15,g030,b0205,echec,12
2026-07-15,g030,b0206,echec,8
2026-07-15,g030,b0216,echec,16
2026-07-15,g030,b0241,reussite,1
2026-07-15,g031,b0253,reussite,3
2026-07-15,g031,b0234,echec,8
2026-07-15,g031,b0202,echec,8
2026-07-15,g031,b0233,reussite,4
2026-07-15,g031,b0264,reussite,5
2026-07-15,g031,b0297,echec,17
2026-07-15,g035,b0233,reussite,1
2026-07-15,g035,b0202,echec,14
2026-07-15,g035,b0213,reussite,7
2026-07-15,g035,b0261,echec,3
2026-07-15,g035,b0220,reussite,4
2026-07-15,g035,b0242,echec,6
2026-07-15,g035,b0263,reussite,4
2026-07-15,g035,b0210,reussite,9
2026-07-15,g035,b0244,echec,9
2026-07-15,g035,b0255,echec,12
2026-07-15,g048,b0213,reussite,1
2026-07-15,g048,b0292,reussite,1
2026-07-15,g048,b0239,reussite,1
2026-07-15,g048,b0247,echec,9
2026-07-15,g048,b0205,echec,16
2026-07-15,g048,b0282,reussite,1
2026-07-15,g048,b0291,reussite,1
2026-07-15,g048,b0215,echec,11
2026-07-15,g048,b0271,reussite,1
2026-07-15,g048,b0209,reussite,1
2026-07-15,g048,b0286,echec,6
2026-07-15,g050,b0227,echec,9
2026-07-15,g050,b0205,echec,16
2026-07-15,g050,b0225,echec,14
2026-07-15,g050,b0296,reussite,11
2026-07-15,g050,b0246,echec,14
2026-07-15,g050,b0285,echec,15
2026-07-15,g050,b0215,echec,16
2026-07-15,g050,b0291,reussite,1
2026-07-15,g054,b0285,echec,16
2026-07-15,g054,b0287,echec,10
2026-07-15,g054,b0286,echec,18
2026-07-15,g054,b0248,echec,16
2026-07-15,g054,b0266,echec,16
2026-07-15,g054,b0246,echec,12
2026-07-15,g054,b0238,echec,15
2026-07-15,g054,b0296,echec,17
2026-07-15,g054,b0232,reussite,1
2026-07-15,g054,b0208,echec,18
2026-07-15,g055,b0233,reussite,1
2026-07-15,g055,b0213,reussite,1
2026-07-15,g055,b0287,echec,6
2026-07-15,g055,b0252,reussite,1
2026-07-15,g055,b0288,echec,8
2026-07-15,g055,b0251,reussite,1
2026-07-15,g055,b0278,echec,13
2026-07-15,g055,b0261,reussite,1
2026-07-16,g001,b0216,echec,15
2026-07-16,g001,b0256,echec,14
2026-07-16,g001,b0283,echec,4
2026-07-16,g001,b0294,echec,9
2026-07-16,g001,b0214,echec,15
2026-07-16,g001,b0275,echec,16
2026-07-16,g001,b0273,reussite,3
2026-07-16,g006,b0233,reussite,1
2026-07-16,g006,b0212,reussite,1
2026-07-16,g006,b0235,reussite,7
2026-07-16,g006,b0293,reussite,11
2026-07-16,g006,b0295,echec,14
2026-07-16,g006,b0255,reussite,14
2026-07-16,g006,b0236,echec,14
2026-07-16,g008,b0206,reussite,1
2026-07-16,g008,b0254,reussite,1
2026-07-16,g008,b0241,reussite,1
2026-07-16,g008,b0261,reussite,1
2026-07-16,g008,b0218,echec,14
2026-07-16,g008,b0272,reussite,1
2026-07-16,g008,b0267,echec,15
2026-07-16,g008,b0229,echec,8
2026-07-16,g021,b0242,reussite,1
2026-07-16,g021,b0233,reussite,1
2026-07-16,g021,b0244,echec,9
2026-07-16,g021,b0256,echec,18
2026-07-16,g021,b0295,echec,10
2026-07-16,g021,b0239,reussite,1
2026-07-16,g021,b0203,echec,18
2026-07-16,g021,b0211,reussite,2
2026-07-16,g028,b0241,reussite,1
2026-07-16,g028,b0264,reussite,1
2026-07-16,g028,b0256,echec,12
2026-07-16,g028,b0236,echec,15
2026-07-16,g028,b0266,echec,8
2026-07-16,g028,b0265,echec,7
2026-07-16,g028,b0287,echec,8
2026-07-16,g028,b0276,echec,13
2026-07-16,g028,b0204,echec,11
2026-07-16,g028,b0207,echec,13
2026-07-16,g028,b0299,reussite,1
2026-07-16,g028,b0298,echec,15
2026-07-16,g028,b0220,reussite,1
2026-07-16,g028,b0270,reussite,1
2026-07-16,g028,b0206,echec,12
2026-07-16,g028,b0224,echec,8
2026-07-16,g028,b0231,reussite,1
2026-07-16,g028,b0226,reussite,8
2026-07-16,g028,b0288,echec,16
2026-07-16,g028,b0279,echec,9
2026-07-16,g028,b0204,echec,8
2026-07-16,g028,b0268,echec,11
2026-07-16,g028,b0219,reussite,1
2026-07-16,g030,b0272,reussite,1
2026-07-16,g030,b0233,reussite,1
2026-07-16,g030,b0285,echec,15
2026-07-16,g030,b0238,echec,9
2026-07-16,g030,b0221,reussite,1
2026-07-16,g030,b0246,echec,11
2026-07-16,g030,b0276,echec,8
2026-07-16,g030,b0229,echec,14
2026-07-16,g030,b0256,echec,14
2026-07-16,g030,b0265,echec,6
2026-07-16,g030,b0295,echec,17
2026-07-16,g031,b0201,reussite,1
2026-07-16,g031,b0281,reussite,1
2026-07-16,g031,b0295,echec,11
2026-07-16,g031,b0272,reussite,1
2026-07-16,g031,b0216,echec,10
2026-07-16,g031,b0211,reussite,1
2026-07-16,g031,b0247,echec,13
2026-07-16,g031,b0251,reussite,1
2026-07-16,g031,b0285,echec,11
2026-07-16,g031,b0279,echec,8
2026-07-16,g031,b0232,reussite,1
2026-07-16,g035,b0292,reussite,1
2026-07-16,g035,b0284,echec,12
2026-07-16,g035,b0274,echec,9
2026-07-16,g035,b0264,echec,15
2026-07-16,g035,b0235,echec,16
2026-07-16,g035,b0214,echec,9
2026-07-16,g035,b0299,reussite,1
2026-07-16,g035,b0271,reussite,1
2026-07-16,g035,b0234,echec,17
2026-07-16,g035,b0294,echec,13
2026-07-16,g035,b0262,echec,8
2026-07-16,g035,b0251,reussite,1
2026-07-16,g035,b0270,reussite,1
2026-07-16,g035,b0245,echec,13
2026-07-16,g035,b0295,echec,9
2026-07-16,g035,b0219,reussite,1
2026-07-16,g035,b0206,echec,12
2026-07-16,g035,b0203,echec,14
2026-07-16,g035,b0262,echec,17
2026-07-16,g035,b0204,echec,10
2026-07-16,g035,b0236,echec,17
2026-07-16,g047,b0224,echec,10
2026-07-16,g047,b0236,echec,13
2026-07-16,g047,b0286,echec,17
2026-07-16,g047,b0275,echec,17
2026-07-16,g047,b0204,echec,15
2026-07-16,g047,b0276,echec,18
2026-07-16,g047,b0296,echec,7
2026-07-16,g054,b0274,echec,6
2026-07-16,g054,b0202,reussite,7
2026-07-16,g054,b0214,echec,9
2026-07-16,g054,b0283,echec,2
2026-07-16,g054,b0253,reussite,1
2026-07-16,g054,b0213,reussite,1
2026-07-16,g054,b0255,echec,9
2026-07-16,g054,b0212,reussite,2
2026-07-17,g008,b0262,reussite,1
2026-07-17,g008,b0225,reussite,1
2026-07-17,g008,b0248,echec,18
2026-07-17,g008,b0247,echec,10
2026-07-17,g008,b0223,reussite,1
2026-07-17,g008,b0279,echec,14
2026-07-17,g008,b0273,reussite,1
2026-07-17,g008,b0205,echec,10
2026-07-17,g010,b0275,reussite,1
2026-07-17,g010,b0216,echec,14
2026-07-17,g010,b0247,echec,16
2026-07-17,g010,b0263,reussite,1
2026-07-17,g010,b0286,echec,8
2026-07-17,g010,b0205,echec,13
2026-07-17,g010,b0287,echec,16
2026-07-17,g011,b0202,reussite,1
2026-07-17,g011,b0202,reussite,1
2026-07-17,g011,b0227,echec,16
2026-07-17,g011,b0247,echec,9
2026-07-17,g011,b0295,echec,15
2026-07-17,g015,b0264,reussite,1
2026-07-17,g015,b0248,echec,14
2026-07-17,g015,b0265,echec,11
2026-07-17,g015,b0205,echec,7
2026-07-17,g015,b0246,echec,8
2026-07-17,g015,b0293,reussite,1
2026-07-17,g015,b0206,echec,7
2026-07-17,g015,b0257,echec,15
2026-07-17,g015,b0287,echec,9
2026-07-17,g015,b0283,reussite,1
2026-07-17,g030,b0210,reussite,1
2026-07-17,g030,b0235,echec,8
2026-07-17,g030,b0236,echec,8
2026-07-17,g030,b0284,echec,13
2026-07-17,g030,b0223,reussite,2
2026-07-17,g030,b0275,echec,9
2026-07-17,g030,b0206,echec,14
2026-07-17,g030,b0224,echec,16
2026-07-17,g030,b0201,reussite,1
2026-07-17,g031,b0258,echec,16
2026-07-17,g031,b0299,reussite,1
2026-07-17,g031,b0292,reussite,1
2026-07-17,g031,b0278,echec,11
2026-07-17,g031,b0218,echec,8
2026-07-17,g031,b0268,echec,14
2026-07-17,g031,b0271,reussite,1
2026-07-17,g031,b0298,echec,13
2026-07-17,g031,b0270,reussite,1
2026-07-17,g032,b0293,reussite,1
2026-07-17,g032,b0264,reussite,1
2026-07-17,g032,b0284,reussite,9
2026-07-17,g032,b0265,echec,11
2026-07-17,g032,b0296,echec,9
2026-07-17,g032,b0226,echec,6
2026-07-17,g032,b0206,reussite,12
2026-07-17,g032,b0235,echec,8
2026-07-17,g032,b0243,reussite,1
2026-07-17,g037,b0215,reussite,1
2026-07-17,g037,b0215,reussite,1
2026-07-17,g037,b0248,echec,7
2026-07-17,g037,b0246,echec,12
2026-07-17,g037,b0203,reussite,5
2026-07-17,g040,b0212,reussite,1
2026-07-17,g040,b0212,reussite,1
2026-07-17,g040,b0215,echec,14
2026-07-17,g040,b0256,echec,7
2026-07-17,g040,b0264,reussite,5
2026-07-17,g040,b0227,echec,6
2026-07-17,g040,b0265,echec,15
2026-07-17,g040,b0245,reussite,14
2026-07-17,g040,b0214,echec,10
2026-07-17,g040,b0254,reussite,1
2026-07-17,g042,b0268,echec,10
2026-07-17,g042,b0252,reussite,1
2026-07-17,g042,b0249,echec,14
2026-07-17,g042,b0298,echec,15
2026-07-17,g042,b0257,echec,10
2026-07-17,g042,b0251,reussite,1
2026-07-17,g042,b0277,echec,17
2026-07-17,g045,b0283,reussite,1
2026-07-17,g045,b0234,reussite,1
2026-07-17,g045,b0294,reussite,3
2026-07-17,g045,b0297,reussite,8
2026-07-17,g045,b0204,echec,9
2026-07-17,g045,b0214,echec,3
2026-07-17,g045,b0276,echec,8
2026-07-17,g045,b0225,echec,10
2026-07-17,g045,b0298,echec,8
2026-07-17,g045,b0262,reussite,1
2026-07-17,g054,b0297,echec,16
2026-07-17,g054,b0206,reussite,18
2026-07-17,g054,b0225,echec,9
2026-07-17,g054,b0296,echec,16
2026-07-17,g054,b0204,echec,7
2026-07-17,g054,b0226,echec,14
2026-07-18,g003,b0233,reussite,1
2026-07-18,g003,b0233,reussite,1
2026-07-18,g003,b0285,echec,10
2026-07-18,g003,b0247,echec,12
2026-07-18,g003,b0272,reussite,1
2026-07-18,g003,b0287,echec,16
2026-07-18,g003,b0216,echec,9
2026-07-18,g003,b0225,echec,15
2026-07-18,g003,b0220,reussite,1
2026-07-18,g009,b0297,reussite,1
2026-07-18,g009,b0265,reussite,1
2026-07-18,g009,b0264,reussite,2
2026-07-18,g009,b0214,reussite,4
2026-07-18,g009,b0215,echec,13
2026-07-18,g009,b0227,echec,10
2026-07-18,g009,b0247,echec,10
2026-07-18,g009,b0293,reussite,3
2026-07-18,g011,b0255,reussite,1
2026-07-18,g011,b0215,echec,7
2026-07-18,g017,b0223,reussite,2
2026-07-18,g017,b0210,reussite,1
2026-07-18,g017,b0256,echec,7
2026-07-18,g017,b0232,reussite,1
2026-07-18,g017,b0235,echec,9
2026-07-18,g017,b0243,reussite,1
2026-07-18,g017,b0204,echec,11
2026-07-18,g017,b0254,reussite,1
2026-07-18,g017,b0226,echec,12
2026-07-18,g017,b0261,reussite,1
2026-07-18,g020,b0206,reussite,1
2026-07-18,g020,b0297,reussite,1
2026-07-18,g020,b0247,echec,16
2026-07-18,g020,b0245,echec,8
2026-07-18,g020,b0227,reussite,7
2026-07-18,g020,b0213,reussite,1
2026-07-18,g020,b0296,echec,13
2026-07-18,g020,b0286,echec,15
2026-07-18,g020,b0266,echec,6
2026-07-18,g020,b0234,reussite,2
2026-07-18,g020,b0203,echec,9
2026-07-18,g020,b0275,echec,7
2026-07-18,g023,b0255,echec,7
2026-07-18,g023,b0263,reussite,1
2026-07-18,g023,b0227,echec,18
2026-07-18,g023,b0273,reussite,2
2026-07-18,g023,b0262,echec,10
2026-07-18,g023,b0236,echec,9
2026-07-18,g023,b0234,reussite,10
2026-07-18,g023,b0204,echec,8
2026-07-18,g027,b0289,reussite,1
2026-07-18,g027,b0262,echec,15
2026-07-18,g027,b0220,echec,6
2026-07-18,g027,b0283,echec,8
2026-07-18,g027,b0243,echec,4
2026-07-18,g027,b0264,echec,18
2026-07-18,g027,b0261,echec,2
2026-07-18,g027,b0203,echec,16
2026-07-18,g027,b0247,echec,16
2026-07-18,g027,b0214,echec,18
2026-07-18,g027,b0284,echec,9
2026-07-18,g033,b0204,reussite,1
2026-07-18,g033,b0207,echec,13
2026-07-18,g033,b0279,echec,13
2026-07-18,g033,b0234,reussite,1
2026-07-18,g033,b0274,reussite,1
2026-07-18,g033,b0217,echec,16
2026-07-18,g033,b0238,reussite,7
2026-07-18,g034,b0202,reussite,1
2026-07-18,g034,b0274,reussite,1
2026-07-18,g034,b0293,reussite,5
2026-07-18,g034,b0255,echec,5
2026-07-18,g034,b0236,echec,10
2026-07-18,g034,b0215,reussite,11
2026-07-18,g034,b0295,echec,9
2026-07-18,g034,b0297,reussite,12
2026-07-18,g034,b0294,reussite,12
2026-07-18,g034,b0214,reussite,8
2026-07-18,g034,b0275,echec,14
2026-07-18,g036,b0203,reussite,1
2026-07-18,g036,b0226,reussite,1
2026-07-18,g036,b0278,echec,6
2026-07-18,g036,b0286,reussite,5
2026-07-18,g036,b0246,echec,4
2026-07-18,g036,b0296,reussite,5
2026-07-18,g036,b0204,reussite,1
2026-07-18,g036,b0238,echec,10
2026-07-18,g036,b0279,echec,14
2026-07-18,g049,b0263,echec,3
2026-07-18,g049,b0234,echec,11
2026-07-18,g049,b0242,reussite,6
2026-07-18,g049,b0285,echec,9
2026-07-18,g049,b0202,reussite,7
2026-07-18,g049,b0208,echec,17
2026-07-18,g049,b0214,echec,15
2026-07-18,g049,b0284,echec,6
2026-07-18,g049,b0255,echec,16
2026-07-18,g049,b0273,echec,10
2026-07-18,g053,b0212,reussite,1
2026-07-18,g053,b0233,echec,7
2026-07-18,g053,b0262,echec,13
2026-07-19,g004,b0236,reussite,1
2026-07-19,g004,b0248,echec,7
2026-07-19,g004,b0226,echec,8
2026-07-19,g004,b0293,reussite,3
2026-07-19,g004,b0225,echec,13
2026-07-19,g004,b0235,echec,6
2026-07-19,g004,b0295,echec,12
2026-07-19,g004,b0279,echec,17
2026-07-19,g004,b0215,reussite,17
2026-07-19,g004,b0227,echec,16
2026-07-19,g004,b0216,echec,10
2026-07-19,g009,b0265,reussite,1
2026-07-19,g009,b0234,reussite,1
2026-07-19,g009,b0204,reussite,11
2026-07-19,g009,b0253,reussite,1
2026-07-19,g009,b0216,echec,11
2026-07-19,g009,b0285,echec,10
2026-07-19,g009,b0266,echec,9
2026-07-19,g009,b0212,reussite,1
2026-07-19,g009,b0287,echec,14
2026-07-19,g009,b0210,reussite,1
2026-07-19,g012,b0214,reussite,1
2026-07-19,g012,b0214,reussite,1
2026-07-19,g012,b0296,echec,11
2026-07-19,g012,b0255,echec,5
2026-07-19,g012,b0244,reussite,3
2026-07-19,g012,b0247,echec,14
2026-07-19,g012,b0203,echec,14
2026-07-19,g012,b0276,echec,13
2026-07-19,g012,b0263,reussite,1
2026-07-19,g012,b0254,reussite,1
2026-07-19,g012,b0227,echec,8
2026-07-19,g012,b0268,echec,10
2026-07-19,g012,b0278,echec,10
2026-07-19,g012,b0251,reussite,1
2026-07-19,g012,b0211,reussite,1
2026-07-19,g012,b0228,echec,16
2026-07-19,g012,b0225,reussite,9
2026-07-19,g012,b0247,echec,15
2026-07-19,g012,b0246,reussite,8
2026-07-19,g015,b0205,reussite,1
2026-07-19,g015,b0212,reussite,1
2026-07-19,g015,b0263,reussite,1
2026-07-19,g015,b0229,echec,13
2026-07-19,g015,b0246,echec,16
2026-07-19,g015,b0258,echec,7
2026-07-19,g015,b0238,echec,7
2026-07-19,g019,b0212,reussite,1
2026-07-19,g019,b0284,reussite,14
2026-07-19,g019,b0297,echec,8
2026-07-19,g019,b0273,reussite,5
2026-07-19,g019,b0283,reussite,10
2026-07-19,g019,b0210,echec,1
2026-07-19,g019,b0233,echec,2
2026-07-19,g026,b0256,reussite,1
2026-07-19,g026,b0283,reussite,1
2026-07-19,g026,b0204,echec,3
2026-07-19,g026,b0275,reussite,4
2026-07-19,g026,b0227,reussite,6
2026-07-19,g026,b0218,echec,16
2026-07-19,g026,b0247,echec,13
2026-07-19,g026,b0202,reussite,1
2026-07-19,g026,b0236,reussite,1
2026-07-19,g026,b0273,reussite,1
2026-07-19,g026,b0258,echec,16
2026-07-19,g026,b0267,echec,12
2026-07-19,g026,b0300,echec,10
2026-07-19,g026,b0246,echec,8
2026-07-19,g026,b0269,echec,16
2026-07-19,g026,b0288,echec,15
2026-07-19,g026,b0220,reussite,1
2026-07-19,g033,b0206,echec,4
2026-07-19,g033,b0214,echec,1
2026-07-19,g033,b0246,echec,7
2026-07-19,g033,b0267,echec,10
2026-07-19,g033,b0225,echec,4
2026-07-19,g033,b0287,echec,7
2026-07-19,g033,b0238,echec,9
2026-07-19,g033,b0226,reussite,2
2026-07-19,g033,b0296,echec,9
2026-07-19,g034,b0284,echec,5
2026-07-19,g034,b0236,reussite,9
2026-07-19,g034,b0235,echec,5
2026-07-19,g034,b0216,echec,9
2026-07-19,g034,b0275,echec,15
2026-07-19,g034,b0256,reussite,9
2026-07-19,g034,b0296,echec,15
2026-07-19,g034,b0203,echec,14
2026-07-19,g034,b0206,echec,13
2026-07-19,g034,b0265,echec,13
2026-07-19,g034,b0256,reussite,1
2026-07-19,g034,b0236,reussite,1
2026-07-19,g034,b0257,echec,11
2026-07-19,g034,b0265,echec,7
2026-07-19,g034,b0224,echec,14
2026-07-19,g034,b0246,echec,12
2026-07-19,g034,b0227,echec,10
2026-07-19,g034,b0241,reussite,1
2026-07-19,g034,b0247,echec,8
2026-07-19,g039,b0294,reussite,1
2026-07-19,g039,b0205,echec,17
2026-07-19,g039,b0273,reussite,1
2026-07-19,g039,b0246,echec,10
2026-07-19,g039,b0296,echec,17
2026-07-19,g039,b0256,reussite,8
2026-07-19,g039,b0236,echec,5
2026-07-19,g039,b0245,reussite,10
2026-07-19,g039,b0225,echec,6
2026-07-19,g039,b0285,echec,11
2026-07-19,g042,b0203,reussite,1
2026-07-19,g042,b0263,reussite,1
2026-07-19,g042,b0229,echec,8
2026-07-19,g042,b0278,echec,14
2026-07-19,g042,b0220,reussite,1
2026-07-19,g042,b0288,echec,11
2026-07-19,g042,b0210,reussite,1
2026-07-19,g042,b0254,reussite,1
2026-07-19,g042,b0230,echec,10
2026-07-19,g044,b0242,reussite,1
2026-07-19,g044,b0284,reussite,1
2026-07-19,g044,b0297,echec,6
2026-07-19,g044,b0235,reussite,5
2026-07-19,g044,b0293,echec,7
2026-07-19,g044,b0245,echec,15
2026-07-19,g044,b0263,reussite,2
2026-07-19,g044,b0265,echec,10
2026-07-19,g046,b0201,reussite,1
2026-07-19,g046,b0255,reussite,16
2026-07-19,g046,b0224,echec,18
2026-07-19,g046,b0254,reussite,1
2026-07-19,g046,b0242,reussite,2
2026-07-19,g046,b0244,echec,9
2026-07-19,g046,b0274,echec,16
2026-07-19,g046,b0204,echec,14
2026-07-19,g046,b0262,echec,8
2026-07-19,g046,b0284,echec,12
2026-07-19,g046,b0253,reussite,3
2026-07-19,g046,b0295,echec,18
2026-07-19,g046,b0287,echec,7
2026-07-19,g046,b0279,echec,14
2026-07-19,g046,b0238,echec,7
2026-07-19,g046,b0207,echec,13
2026-07-19,g046,b0275,echec,16
2026-07-19,g046,b0257,echec,10
2026-07-19,g046,b0247,echec,14
2026-07-19,g046,b0225,echec,10
2026-07-19,g050,b0242,reussite,1
2026-07-19,g050,b0225,echec,12
2026-07-19,g050,b0226,echec,17
2026-07-19,g050,b0255,echec,10
2026-07-19,g050,b0293,echec,12
2026-07-19,g050,b0295,echec,10
2026-07-19,g050,b0260,reussite,1
2026-07-19,g055,b0300,echec,15
2026-07-19,g055,b0217,echec,17
2026-07-19,g055,b0281,reussite,1
2026-07-19,g055,b0298,echec,6
2026-07-19,g055,b0258,echec,16
2026-07-19,g055,b0282,reussite,1
2026-07-19,g055,b0228,echec,8
2026-07-19,g055,b0232,reussite,1
2026-07-20,g003,b0242,reussite,1
2026-07-20,g003,b0265,echec,7
2026-07-20,g003,b0314,echec,11
2026-07-20,g003,b0297,echec,12
2026-07-20,g003,b0304,echec,6
2026-07-20,g003,b0316,echec,11
2026-07-20,g003,b0305,reussite,13
2026-07-20,g003,b0233,reussite,4
2026-07-20,g003,b0293,echec,13
2026-07-20,g003,b0337,echec,14
2026-07-20,g003,b0245,echec,8
2026-07-20,g014,b0256,reussite,1
2026-07-20,g014,b0303,echec,3
2026-07-20,g014,b0314,reussite,13
2026-07-20,g014,b0346,echec,17
2026-07-20,g014,b0203,echec,16
2026-07-20,g014,b0245,reussite,11
2026-07-20,g014,b0316,echec,16
2026-07-20,g014,b0347,echec,17
2026-07-20,g014,b0315,reussite,7
2026-07-20,g025,b0214,reussite,2
2026-07-20,g025,b0244,reussite,2
2026-07-20,g025,b0306,echec,7
2026-07-20,g025,b0343,reussite,1
2026-07-20,g025,b0308,reussite,12
2026-07-20,g025,b0293,reussite,2
2026-07-20,g025,b0274,reussite,1
2026-07-20,g028,b0260,reussite,1
2026-07-20,g028,b0283,echec,4
2026-07-20,g028,b0345,echec,8
2026-07-20,g028,b0303,echec,14
2026-07-20,g028,b0324,echec,6
2026-07-20,g028,b0313,echec,4
2026-07-20,g028,b0344,echec,7
2026-07-20,g028,b0343,echec,8
2026-07-20,g028,b0223,echec,1
2026-07-20,g028,b0314,echec,8
2026-07-20,g028,b0344,reussite,3
2026-07-20,g028,b0313,echec,4
2026-07-20,g028,b0293,reussite,9
2026-07-20,g028,b0213,reussite,1
2026-07-20,g028,b0297,reussite,1
2026-07-20,g028,b0208,echec,17
2026-07-20,g028,b0303,echec,9
2026-07-20,g028,b0330,reussite,1
2026-07-20,g028,b0257,echec,13
2026-07-20,g028,b0340,reussite,1
2026-07-20,g028,b0319,reussite,1
2026-07-20,g028,b0294,reussite,11
2026-07-20,g028,b0233,reussite,1
2026-07-20,g028,b0220,reussite,1
2026-07-20,g028,b0298,echec,7
2026-07-20,g028,b0335,echec,9
2026-07-20,g028,b0256,echec,7
2026-07-20,g028,b0317,echec,14
2026-07-20,g028,b0203,echec,7
2026-07-20,g028,b0226,echec,6
2026-07-20,g028,b0320,reussite,1
2026-07-20,g038,b0321,reussite,1
2026-07-20,g038,b0322,reussite,1
2026-07-20,g038,b0212,reussite,11
2026-07-20,g038,b0242,echec,13
2026-07-20,g038,b0209,reussite,1
2026-07-20,g038,b0261,reussite,5
2026-07-20,g038,b0312,echec,2
2026-07-20,g038,b0344,echec,12
2026-07-20,g038,b0323,reussite,3
2026-07-20,g038,b0302,reussite,4
2026-07-20,g040,b0262,reussite,1
2026-07-20,g040,b0293,echec,5
2026-07-20,g040,b0284,echec,13
2026-07-20,g040,b0244,echec,8
2026-07-20,g040,b0216,echec,13
2026-07-20,g040,b0255,echec,9
2026-07-20,g040,b0305,echec,12
2026-07-20,g042,b0236,reussite,1
2026-07-20,g042,b0324,reussite,1
2026-07-20,g042,b0303,reussite,2
2026-07-20,g042,b0326,echec,11
2026-07-20,g042,b0306,echec,16
2026-07-20,g042,b0346,echec,16
2026-07-20,g042,b0336,echec,16
2026-07-20,g042,b0347,echec,13
2026-07-20,g049,b0313,echec,7
2026-07-20,g049,b0324,echec,16
2026-07-20,g054,b0322,reussite,1
2026-07-20,g054,b0206,reussite,1
2026-07-20,g054,b0323,reussite,1
2026-07-20,g054,b0321,reussite,2
2026-07-20,g054,b0247,echec,14
2026-07-20,g054,b0345,reussite,7
2026-07-20,g054,b0296,echec,17
2026-07-20,g054,b0281,reussite,1
2026-07-20,g054,b0306,echec,7
2026-07-21,g001,b0296,echec,11
2026-07-21,g001,b0326,echec,16
2026-07-21,g001,b0350,reussite,1
2026-07-21,g001,b0337,echec,16
2026-07-21,g001,b0260,reussite,1
2026-07-21,g001,b0307,echec,16
2026-07-21,g001,b0346,echec,18
2026-07-21,g001,b0292,reussite,1
2026-07-21,g001,b0342,reussite,1
2026-07-21,g001,b0286,echec,16
2026-07-21,g001,b0252,reussite,1
2026-07-21,g001,b0318,echec,8
2026-07-21,g001,b0270,reussite,1
2026-07-21,g001,b0327,echec,9
2026-07-21,g001,b0309,echec,12
2026-07-21,g001,b0320,reussite,1
2026-07-21,g001,b0237,echec,10
2026-07-21,g003,b0212,reussite,1
2026-07-21,g003,b0343,echec,6
2026-07-21,g003,b0344,reussite,5
2026-07-21,g003,b0322,reussite,1
2026-07-21,g003,b0345,echec,6
2026-07-21,g003,b0204,echec,16
2026-07-21,g003,b0224,echec,10
2026-07-21,g003,b0213,reussite,2
2026-07-21,g003,b0203,echec,11
2026-07-21,g012,b0216,reussite,1
2026-07-21,g012,b0335,reussite,1
2026-07-21,g012,b0236,echec,8
2026-07-21,g012,b0207,echec,17
2026-07-21,g012,b0203,echec,13
2026-07-21,g012,b0227,echec,16
2026-07-21,g012,b0284,reussite,2
2026-07-21,g012,b0337,echec,12
2026-07-21,g012,b0305,reussite,1
2026-07-21,g012,b0335,reussite,1
2026-07-21,g012,b0318,echec,9
2026-07-21,g012,b0227,echec,17
2026-07-21,g012,b0272,reussite,1
2026-07-21,g012,b0278,echec,10
2026-07-21,g012,b0302,reussite,1
2026-07-21,g012,b0258,echec,17
2026-07-21,g012,b0298,echec,17
2026-07-21,g015,b0285,reussite,1
2026-07-21,g015,b0317,echec,8
2026-07-21,g015,b0224,echec,7
2026-07-21,g015,b0273,reussite,1
2026-07-21,g015,b0215,echec,10
2026-07-21,g015,b0325,echec,6
2026-07-21,g015,b0306,echec,6
2026-07-21,g017,b0335,echec,9
2026-07-21,g017,b0275,echec,9
2026-07-21,g017,b0260,reussite,1
2026-07-21,g017,b0265,echec,10
2026-07-21,g017,b0295,echec,17
2026-07-21,g017,b0321,reussite,1
2026-07-21,g017,b0341,reussite,1
2026-07-21,g017,b0309,echec,16
2026-07-21,g017,b0348,echec,15
2026-07-21,g022,b0334,reussite,1
2026-07-21,g022,b0316,echec,12
2026-07-21,g022,b0214,reussite,15
2026-07-21,g022,b0304,reussite,9
2026-07-21,g022,b0255,echec,7
2026-07-21,g022,b0297,echec,10
2026-07-21,g023,b0302,reussite,1
2026-07-21,g023,b0315,reussite,1
2026-07-21,g023,b0326,echec,15
2026-07-21,g023,b0333,reussite,1
2026-07-21,g023,b0343,reussite,5
2026-07-21,g023,b0317,echec,16
2026-07-21,g023,b0203,echec,7
2026-07-21,g023,b0305,echec,4
2026-07-21,g023,b0293,reussite,5
2026-07-21,g023,b0226,echec,17
2026-07-21,g030,b0284,reussite,1
2026-07-21,g030,b0315,echec,8
2026-07-21,g030,b0344,reussite,9
2026-07-21,g030,b0321,reussite,1
2026-07-21,g030,b0325,echec,10
2026-07-21,g030,b0342,reussite,1
2026-07-21,g030,b0292,reussite,1
2026-07-21,g030,b0316,echec,13
2026-07-21,g032,b0215,echec,11
2026-07-21,g032,b0294,echec,11
2026-07-21,g032,b0305,echec,12
2026-07-21,g032,b0312,reussite,1
2026-07-21,g032,b0220,reussite,2
2026-07-21,g032,b0315,echec,11
2026-07-21,g032,b0283,reussite,4
2026-07-21,g032,b0345,reussite,7
2026-07-21,g032,b0303,reussite,9
2026-07-21,g033,b0265,reussite,1
2026-07-21,g033,b0246,echec,13
2026-07-21,g033,b0308,echec,12
2026-07-21,g033,b0328,echec,12
2026-07-21,g033,b0317,echec,14
2026-07-21,g033,b0255,reussite,1
2026-07-21,g033,b0227,echec,6
2026-07-21,g041,b0272,reussite,1
2026-07-21,g041,b0239,reussite,1
2026-07-21,g041,b0288,echec,10
2026-07-21,g041,b0310,reussite,1
2026-07-21,g041,b0318,echec,12
2026-07-21,g041,b0300,echec,13
2026-07-21,g041,b0329,echec,13
2026-07-21,g041,b0309,echec,17
2026-07-21,g041,b0259,echec,12
2026-07-21,g044,b0344,reussite,1
2026-07-21,g044,b0296,echec,10
2026-07-21,g044,b0306,echec,11
2026-07-21,g044,b0331,reussite,1
2026-07-21,g044,b0205,echec,11
2026-07-21,g044,b0307,echec,12
2026-07-21,g044,b0349,echec,12
2026-07-21,g044,b0271,reussite,1
2026-07-21,g044,b0310,reussite,1
2026-07-21,g044,b0319,reussite,1
2026-07-21,g048,b0212,reussite,1
2026-07-21,g048,b0322,reussite,1
2026-07-21,g048,b0324,echec,5
2026-07-21,g048,b0272,reussite,1
2026-07-21,g048,b0345,echec,13
2026-07-21,g048,b0303,echec,9
2026-07-21,g048,b0256,echec,10
2026-07-21,g048,b0341,reussite,1
2026-07-21,g048,b0295,echec,14
2026-07-21,g048,b0285,echec,8
2026-07-21,g048,b0333,reussite,1
2026-07-21,g048,b0226,echec,18
2026-07-21,g049,b0324,echec,8
2026-07-21,g049,b0313,echec,6
2026-07-21,g049,b0335,echec,13
2026-07-21,g053,b0210,reussite,2
2026-07-21,g053,b0281,reussite,1
2026-07-21,g053,b0214,echec,7
2026-07-21,g053,b0242,echec,5
2026-07-21,g053,b0236,echec,15
2026-07-21,g053,b0260,reussite,1
2026-07-21,g053,b0314,echec,16
2026-07-21,g053,b0262,echec,13
2026-07-21,g055,b0324,reussite,4
2026-07-21,g055,b0334,reussite,1
2026-07-21,g055,b0344,reussite,1
2026-07-21,g055,b0322,echec,1
2026-07-21,g055,b0341,reussite,1
2026-07-21,g055,b0313,reussite,1
2026-07-22,g001,b0273,reussite,1
2026-07-22,g001,b0273,reussite,1
2026-07-22,g001,b0305,echec,9
2026-07-22,g001,b0344,reussite,3
2026-07-22,g001,b0322,reussite,2
2026-07-22,g001,b0313,echec,3
2026-07-22,g001,b0297,echec,15
2026-07-22,g001,b0202,echec,7
2026-07-22,g001,b0281,reussite,1
2026-07-22,g001,b0233,reussite,2
2026-07-22,g001,b0223,reussite,1
2026-07-22,g001,b0281,reussite,1
2026-07-22,g001,b0328,echec,17
2026-07-22,g001,b0317,echec,11
2026-07-22,g001,b0308,echec,8
2026-07-22,g001,b0266,echec,17
2026-07-22,g001,b0257,echec,7
2026-07-22,g001,b0208,echec,17
2026-07-22,g001,b0319,reussite,1
2026-07-22,g001,b0238,echec,6
2026-07-22,g001,b0299,reussite,1
2026-07-22,g001,b0311,reussite,1
2026-07-22,g002,b0345,reussite,1
2026-07-22,g002,b0212,reussite,1
2026-07-22,g002,b0303,echec,8
2026-07-22,g002,b0334,reussite,2
2026-07-22,g002,b0284,echec,12
2026-07-22,g002,b0343,echec,8
2026-07-22,g002,b0322,reussite,1
2026-07-22,g002,b0216,echec,8
2026-07-22,g008,b0350,reussite,1
2026-07-22,g008,b0318,echec,18
2026-07-22,g008,b0328,echec,14
2026-07-22,g008,b0348,echec,10
2026-07-22,g008,b0327,reussite,13
2026-07-22,g008,b0277,echec,8
2026-07-22,g008,b0252,reussite,1
2026-07-22,g009,b0203,reussite,1
2026-07-22,g009,b0294,reussite,1
2026-07-22,g009,b0306,echec,14
2026-07-22,g009,b0307,echec,13
2026-07-22,g009,b0322,reussite,1
2026-07-22,g009,b0346,echec,9
2026-07-22,g009,b0337,echec,10
2026-07-22,g009,b0308,echec,16
2026-07-22,g010,b0295,reussite,1
2026-07-22,g010,b0304,reussite,1
2026-07-22,g010,b0296,echec,17
2026-07-22,g010,b0326,echec,12
2026-07-22,g010,b0205,echec,11
2026-07-22,g010,b0305,reussite,3
2026-07-22,g010,b0216,echec,16
2026-07-22,g010,b0276,echec,7
2026-07-22,g010,b0343,reussite,2
2026-07-22,g014,b0225,echec,8
2026-07-22,g014,b0216,echec,11
2026-07-22,g014,b0295,echec,11
2026-07-22,g014,b0226,echec,6
2026-07-22,g014,b0335,echec,10
2026-07-22,g014,b0236,echec,10
2026-07-22,g014,b0345,reussite,4
2026-07-22,g017,b0213,reussite,1
2026-07-22,g017,b0313,reussite,1
2026-07-22,g017,b0212,reussite,3
2026-07-22,g017,b0257,echec,15
2026-07-22,g017,b0274,reussite,12
2026-07-22,g017,b0214,echec,13
2026-07-22,g017,b0283,reussite,8
2026-07-22,g017,b0233,reussite,3
2026-07-22,g017,b0262,echec,12
2026-07-22,g017,b0253,reussite,5
2026-07-22,g017,b0242,echec,4
2026-07-22,g017,b0255,reussite,16
2026-07-22,g017,b0297,echec,8
2026-07-22,g017,b0324,echec,11
2026-07-22,g017,b0273,echec,6
2026-07-22,g017,b0294,echec,9
2026-07-22,g017,b0322,echec,4
2026-07-22,g017,b0334,reussite,3
2026-07-22,g023,b0255,reussite,1
2026-07-22,g023,b0345,reussite,2
2026-07-22,g023,b0236,reussite,10
2026-07-22,g023,b0204,echec,14
2026-07-22,g027,b0334,reussite,6
2026-07-22,g027,b0302,reussite,3
2026-07-22,g027,b0322,echec,13
2026-07-22,g027,b0344,echec,13
2026-07-22,g027,b0345,echec,9
2026-07-22,g027,b0333,reussite,4
2026-07-22,g027,b0203,echec,15
2026-07-22,g027,b0264,echec,16
2026-07-22,g040,b0262,echec,8
2026-07-22,g040,b0234,echec,7
2026-07-22,g040,b0204,echec,13
2026-07-22,g040,b0236,echec,7
2026-07-22,g040,b0224,echec,7
2026-07-22,g040,b0247,echec,14
2026-07-22,g040,b0283,reussite,4
2026-07-22,g043,b0283,reussite,1
2026-07-22,g043,b0344,echec,2
2026-07-22,g043,b0254,reussite,1
2026-07-22,g043,b0316,echec,13
2026-07-22,g043,b0206,echec,12
2026-07-22,g043,b0321,reussite,1
2026-07-22,g043,b0226,echec,7
2026-07-22,g043,b0201,reussite,1
2026-07-22,g047,b0220,reussite,1
2026-07-22,g047,b0223,reussite,1
2026-07-22,g047,b0261,reussite,1
2026-07-22,g047,b0225,echec,10
2026-07-22,g047,b0287,echec,7
2026-07-22,g047,b0317,echec,13
2026-07-22,g047,b0337,echec,17
2026-07-22,g047,b0216,echec,17
2026-07-22,g047,b0315,echec,10
2026-07-22,g047,b0302,reussite,1
2026-07-23,g007,b0214,reussite,1
2026-07-23,g007,b0212,reussite,1
2026-07-23,g007,b0255,echec,5
2026-07-23,g007,b0334,reussite,1
2026-07-23,g007,b0344,reussite,4
2026-07-23,g007,b0244,echec,8
2026-07-23,g007,b0284,echec,7
2026-07-23,g008,b0315,reussite,1
2026-07-23,g008,b0312,reussite,1
2026-07-23,g008,b0328,echec,14
2026-07-23,g008,b0309,echec,15
2026-07-23,g008,b0237,echec,9
2026-07-23,g008,b0346,echec,8
2026-07-23,g008,b0341,reussite,1
2026-07-23,g008,b0333,reussite,1
2026-07-23,g012,b0325,reussite,1
2026-07-23,g012,b0313,reussite,1
2026-07-23,g012,b0215,echec,12
2026-07-23,g012,b0208,echec,10
2026-07-23,g012,b0238,echec,8
2026-07-23,g012,b0205,echec,8
2026-07-23,g012,b0206,echec,14
2026-07-23,g012,b0279,echec,17
2026-07-23,g015,b0316,echec,5
2026-07-23,g015,b0247,reussite,11
2026-07-23,g015,b0296,reussite,15
2026-07-23,g015,b0326,echec,15
2026-07-23,g015,b0205,reussite,14
2026-07-23,g015,b0324,reussite,1
2026-07-23,g015,b0286,echec,15
2026-07-23,g015,b0313,reussite,1
2026-07-23,g016,b0304,reussite,1
2026-07-23,g016,b0236,echec,12
2026-07-23,g016,b0343,echec,9
2026-07-23,g016,b0274,echec,10
2026-07-23,g016,b0263,reussite,1
2026-07-23,g016,b0322,reussite,2
2026-07-23,g016,b0283,echec,2
2026-07-23,g017,b0233,reussite,1
2026-07-23,g017,b0261,reussite,1
2026-07-23,g017,b0312,echec,1
2026-07-23,g017,b0302,reussite,2
2026-07-23,g017,b0343,echec,11
2026-07-23,g017,b0333,reussite,1
2026-07-23,g017,b0251,reussite,1
2026-07-23,g017,b0315,reussite,15
2026-07-23,g017,b0341,reussite,1
2026-07-23,g017,b0318,echec,6
2026-07-23,g017,b0263,reussite,1
2026-07-23,g017,b0252,reussite,1
2026-07-23,g017,b0212,reussite,1
2026-07-23,g017,b0313,reussite,5
2026-07-23,g017,b0234,echec,10
2026-07-23,g017,b0333,reussite,1
2026-07-23,g017,b0322,reussite,2
2026-07-23,g017,b0272,reussite,1
2026-07-23,g029,b0345,reussite,1
2026-07-23,g029,b0304,echec,12
2026-07-23,g029,b0315,echec,16
2026-07-23,g029,b0224,echec,15
2026-07-23,g029,b0256,echec,9
2026-07-23,g029,b0286,echec,17
2026-07-23,g029,b0346,echec,8
2026-07-23,g029,b0255,reussite,6
2026-07-23,g029,b0245,echec,12
2026-07-23,g031,b0305,echec,11
2026-07-23,g031,b0261,reussite,1
2026-07-23,g031,b0341,reussite,1
2026-07-23,g031,b0321,reussite,1
2026-07-23,g031,b0314,echec,13
2026-07-23,g031,b0333,reussite,1
2026-07-23,g032,b0233,reussite,1
2026-07-23,g032,b0272,reussite,1
2026-07-23,g032,b0264,reussite,9
2026-07-23,g032,b0306,echec,17
2026-07-23,g032,b0344,reussite,2
2026-07-23,g032,b0296,echec,16
2026-07-23,g032,b0261,reussite,1
2026-07-23,g032,b0294,echec,16
2026-07-23,g032,b0253,echec,1
2026-07-23,g032,b0305,echec,7
2026-07-23,g032,b0212,reussite,1
2026-07-23,g032,b0345,reussite,1
2026-07-23,g032,b0245,echec,10
2026-07-23,g032,b0253,reussite,2
2026-07-23,g032,b0294,echec,16
2026-07-23,g032,b0333,reussite,1
2026-07-23,g032,b0236,echec,12
2026-07-23,g032,b0284,echec,10
2026-07-23,g032,b0304,echec,12
2026-07-23,g032,b0254,reussite,1
2026-07-23,g032,b0335,echec,14
2026-07-23,g040,b0297,echec,11
2026-07-23,g040,b0337,echec,9
2026-07-23,g040,b0313,echec,2
2026-07-23,g040,b0255,echec,14
2026-07-23,g040,b0275,echec,10
2026-07-23,g040,b0344,reussite,3
2026-07-23,g040,b0264,echec,5
2026-07-23,g044,b0216,reussite,1
2026-07-23,g044,b0244,reussite,1
2026-07-23,g044,b0297,echec,12
2026-07-23,g044,b0305,reussite,5
2026-07-23,g044,b0225,echec,10
2026-07-23,g044,b0207,echec,7
2026-07-23,g044,b0226,echec,11
2026-07-23,g044,b0335,echec,9
2026-07-23,g044,b0343,reussite,7
2026-07-23,g045,b0334,reussite,1
2026-07-23,g045,b0314,reussite,1
2026-07-23,g045,b0275,reussite,10
2026-07-23,g045,b0215,echec,15
2026-07-23,g045,b0343,reussite,2
2026-07-23,g045,b0279,echec,12
2026-07-23,g045,b0306,echec,11
2026-07-23,g045,b0303,reussite,2
2026-07-23,g045,b0212,reussite,1
2026-07-23,g045,b0247,echec,6
2026-07-23,g045,b0284,echec,3
2026-07-24,g002,b0242,reussite,1
2026-07-24,g002,b0242,reussite,1
2026-07-24,g002,b0224,echec,11
2026-07-24,g002,b0325,echec,10
2026-07-24,g002,b0294,echec,11
2026-07-24,g002,b0212,reussite,1
2026-07-24,g002,b0283,reussite,3
2026-07-24,g002,b0345,echec,6
2026-07-24,g002,b0313,reussite,3
2026-07-24,g003,b0242,reussite,1
2026-07-24,g003,b0241,reussite,1
2026-07-24,g003,b0336,echec,12
2026-07-24,g003,b0308,echec,16
2026-07-24,g003,b0239,reussite,1
2026-07-24,g003,b0266,echec,12
2026-07-24,g003,b0327,echec,10
2026-07-24,g003,b0317,echec,17
2026-07-24,g003,b0217,echec,11
2026-07-24,g003,b0298,echec,17
2026-07-24,g010,b0265,reussite,1
2026-07-24,g010,b0297,reussite,1
2026-07-24,g010,b0275,echec,7
2026-07-24,g010,b0316,reussite,13
2026-07-24,g010,b0279,echec,15
2026-07-24,g010,b0259,echec,11
2026-07-24,g010,b0335,reussite,9
2026-07-24,g010,b0307,echec,8
2026-07-24,g014,b0312,reussite,1
2026-07-24,g014,b0313,reussite,1
2026-07-24,g014,b0273,reussite,1
2026-07-24,g014,b0204,echec,9
2026-07-24,g014,b0266,echec,15
2026-07-24,g014,b0294,echec,13
2026-07-24,g014,b0305,reussite,5
2026-07-24,g014,b0247,echec,8
2026-07-24,g014,b0255,echec,5
2026-07-24,g014,b0262,reussite,2
2026-07-24,g014,b0343,reussite,1
2026-07-24,g014,b0312,reussite,1
2026-07-24,g014,b0225,echec,15
2026-07-24,g014,b0286,echec,12
2026-07-24,g014,b0302,reussite,1
2026-07-24,g014,b0306,echec,15
2026-07-24,g014,b0215,echec,8
2026-07-24,g014,b0323,reussite,1
2026-07-24,g014,b0216,echec,10
2026-07-24,g014,b0307,echec,13
2026-07-24,g014,b0326,echec,8
2026-07-24,g014,b0272,reussite,1
2026-07-24,g015,b0273,reussite,1
2026-07-24,g015,b0203,echec,7
2026-07-24,g015,b0276,echec,8
2026-07-24,g015,b0317,echec,14
2026-07-24,g015,b0325,reussite,10
2026-07-24,g015,b0279,echec,12
2026-07-24,g015,b0295,echec,7
2026-07-24,g015,b0294,reussite,5
2026-07-24,g015,b0308,echec,16
2026-07-24,g015,b0214,reussite,1
2026-07-24,g015,b0316,echec,14
2026-07-24,g015,b0326,echec,15
2026-07-24,g015,b0262,reussite,1
2026-07-24,g015,b0256,reussite,6
2026-07-24,g015,b0315,reussite,6
2026-07-24,g015,b0247,echec,13
2026-07-24,g015,b0287,echec,8
2026-07-24,g015,b0305,reussite,2
2026-07-24,g020,b0306,echec,14
2026-07-24,g020,b0297,reussite,8
2026-07-24,g020,b0215,echec,6
2026-07-24,g020,b0317,echec,18
2026-07-24,g020,b0276,echec,9
2026-07-24,g020,b0325,echec,10
2026-07-24,g021,b0242,reussite,1
2026-07-24,g021,b0263,reussite,1
2026-07-24,g021,b0345,echec,6
2026-07-24,g021,b0324,echec,9
2026-07-24,g021,b0304,echec,17
2026-07-24,g021,b0223,reussite,2
2026-07-24,g021,b0315,echec,16
2026-07-24,g021,b0264,echec,14
2026-07-24,g026,b0306,reussite,1
2026-07-24,g026,b0305,reussite,2
2026-07-24,g026,b0224,reussite,13
2026-07-24,g026,b0247,echec,8
2026-07-24,g026,b0285,echec,17
2026-07-24,g026,b0307,echec,14
2026-07-24,g026,b0315,reussite,7
2026-07-24,g027,b0281,reussite,1
2026-07-24,g027,b0284,echec,9
2026-07-24,g027,b0216,echec,15
2026-07-24,g027,b0211,reussite,1
2026-07-24,g028,b0211,reussite,1
2026-07-24,g028,b0242,reussite,1
2026-07-24,g028,b0303,echec,6
2026-07-24,g028,b0346,echec,11
2026-07-24,g028,b0294,echec,12
2026-07-24,g028,b0332,reussite,1
2026-07-24,g028,b0311,reussite,1
2026-07-24,g028,b0308,echec,9
2026-07-24,g028,b0314,echec,9
2026-07-24,g028,b0335,echec,12
2026-07-24,g028,b0265,echec,14
2026-07-24,g033,b0326,reussite,4
2026-07-24,g033,b0327,echec,12
2026-07-24,g033,b0267,echec,8
2026-07-24,g033,b0308,echec,10
2026-07-24,g033,b0287,reussite,10
2026-07-24,g033,b0315,reussite,2
2026-07-24,g033,b0208,reussite,10
2026-07-24,g033,b0279,echec,9
2026-07-24,g041,b0273,reussite,1
2026-07-24,g041,b0260,reussite,1
2026-07-24,g041,b0314,echec,8
2026-07-24,g041,b0323,reussite,2
2026-07-24,g041,b0335,echec,10
2026-07-24,g041,b0315,echec,13
2026-07-24,g041,b0312,reussite,1
2026-07-24,g041,b0216,echec,6
2026-07-24,g041,b0333,reussite,1
2026-07-24,g041,b0321,reussite,1
2026-07-24,g041,b0287,echec,12
2026-07-24,g041,b0350,reussite,1
2026-07-24,g041,b0321,reussite,1
2026-07-24,g041,b0340,reussite,1
2026-07-24,g041,b0311,reussite,1
2026-07-24,g041,b0308,echec,7
2026-07-24,g041,b0317,echec,16
2026-07-24,g041,b0331,reussite,1
2026-07-24,g041,b0319,reussite,1
2026-07-24,g043,b0345,reussite,10
2026-07-24,g043,b0282,reussite,1
2026-07-24,g043,b0304,echec,8
2026-07-24,g043,b0251,reussite,1
2026-07-24,g043,b0264,echec,5
2026-07-24,g043,b0276,echec,10
2026-07-24,g043,b0296,echec,7
2026-07-24,g043,b0224,echec,9
2026-07-24,g043,b0247,echec,17
2026-07-24,g043,b0274,echec,15
2026-07-24,g048,b0314,echec,16
2026-07-24,g048,b0214,echec,15
2026-07-24,g048,b0304,echec,8
2026-07-24,g048,b0253,echec,4
2026-07-24,g048,b0297,echec,14
2026-07-24,g048,b0344,reussite,4
2026-07-24,g048,b0293,echec,16
2026-07-25,g005,b0295,reussite,1
2026-07-25,g005,b0276,reussite,1
2026-07-25,g005,b0205,echec,3
2026-07-25,g005,b0317,echec,17
2026-07-25,g005,b0245,reussite,2
2026-07-25,g005,b0336,echec,6
2026-07-25,g005,b0326,reussite,10
2026-07-25,g005,b0247,echec,5
2026-07-25,g016,b0293,reussite,1
2026-07-25,g016,b0262,reussite,1
2026-07-25,g016,b0214,reussite,10
2026-07-25,g016,b0303,reussite,3
2026-07-25,g016,b0288,echec,11
2026-07-25,g016,b0316,echec,16
2026-07-25,g016,b0313,reussite,1
2026-07-25,g016,b0335,echec,16
2026-07-25,g016,b0294,echec,10
2026-07-25,g016,b0204,reussite,11
2026-07-25,g016,b0343,reussite,6
2026-07-25,g016,b0226,echec,7
2026-07-25,g017,b0270,reussite,1
2026-07-25,g017,b0304,echec,14
2026-07-25,g017,b0294,echec,12
2026-07-25,g017,b0283,reussite,6
2026-07-25,g017,b0205,echec,9
2026-07-25,g017,b0344,echec,5
2026-07-25,g017,b0234,echec,7
2026-07-25,g040,b0337,echec,12
2026-07-25,g040,b0256,echec,16
2026-07-25,g040,b0294,echec,6
2026-07-25,g040,b0333,reussite,1
2026-07-25,g040,b0307,echec,9
2026-07-25,g040,b0323,reussite,1
2026-07-25,g040,b0315,echec,12
2026-07-25,g040,b0335,echec,11
2026-07-25,g043,b0283,reussite,1
2026-07-25,g043,b0233,echec,3
2026-07-25,g043,b0273,echec,6
2026-07-25,g043,b0314,echec,8
2026-07-25,g043,b0322,echec,5
2026-07-25,g043,b0202,echec,7
2026-07-25,g043,b0263,reussite,2
2026-07-25,g043,b0345,echec,14
2026-07-25,g043,b0252,reussite,1
2026-07-25,g044,b0303,echec,13
2026-07-25,g044,b0313,reussite,2
2026-07-25,g044,b0275,echec,16
2026-07-25,g044,b0334,echec,2
2026-07-25,g044,b0316,echec,11
2026-07-25,g044,b0325,echec,15
2026-07-25,g044,b0223,reussite,1
2026-07-25,g044,b0220,echec,1
2026-07-25,g044,b0347,echec,11
2026-07-25,g044,b0341,reussite,1
2026-07-25,g047,b0303,reussite,2
2026-07-25,g047,b0304,echec,2
2026-07-25,g047,b0312,reussite,1
2026-07-25,g047,b0315,echec,15
2026-07-25,g047,b0325,echec,10
2026-07-25,g047,b0308,echec,10
2026-07-25,g049,b0264,echec,13
2026-07-25,g049,b0212,reussite,2
2026-07-25,g049,b0253,reussite,8
2026-07-25,g049,b0322,reussite,9
2026-07-25,g049,b0303,echec,7
2026-07-25,g049,b0334,reussite,10
2026-07-25,g051,b0244,reussite,1
2026-07-25,g051,b0202,reussite,1
2026-07-25,g051,b0324,reussite,3
2026-07-25,g051,b0256,echec,7
2026-07-25,g051,b0337,echec,12
2026-07-25,g051,b0284,echec,1
2026-07-25,g051,b0295,echec,8
2026-07-25,g051,b0314,echec,3
2026-07-25,g051,b0224,reussite,8
2026-07-25,g051,b0276,echec,10
2026-07-25,g051,b0345,reussite,1
2026-07-26,g001,b0312,reussite,1
2026-07-26,g001,b0341,reussite,1
2026-07-26,g001,b0295,echec,8
2026-07-26,g001,b0254,reussite,1
2026-07-26,g001,b0321,echec,1
2026-07-26,g001,b0333,reussite,1
2026-07-26,g004,b0285,echec,11
2026-07-26,g004,b0345,reussite,3
2026-07-26,g004,b0224,echec,7
2026-07-26,g004,b0336,echec,13
2026-07-26,g004,b0335,reussite,4
2026-07-26,g004,b0275,reussite,9
2026-07-26,g005,b0224,reussite,1
2026-07-26,g005,b0335,reussite,1
2026-07-26,g005,b0315,reussite,1
2026-07-26,g005,b0317,echec,6
2026-07-26,g005,b0308,echec,12
2026-07-26,g005,b0257,echec,11
2026-07-26,g005,b0345,reussite,1
2026-07-26,g005,b0314,reussite,1
2026-07-26,g005,b0337,echec,12
2026-07-26,g005,b0266,echec,11
2026-07-26,g007,b0214,reussite,1
2026-07-26,g007,b0204,echec,9
2026-07-26,g007,b0304,reussite,11
2026-07-26,g007,b0245,echec,15
2026-07-26,g007,b0274,reussite,5
2026-07-26,g007,b0275,echec,13
2026-07-26,g007,b0287,echec,15
2026-07-26,g007,b0322,reussite,2
2026-07-26,g007,b0279,echec,16
2026-07-26,g008,b0349,echec,9
2026-07-26,g008,b0280,echec,18
2026-07-26,g008,b0269,echec,14
2026-07-26,g008,b0319,reussite,1
2026-07-26,g008,b0332,reussite,1
2026-07-26,g008,b0330,reussite,1
2026-07-26,g008,b0310,reussite,1
2026-07-26,g015,b0284,reussite,2
2026-07-26,g015,b0314,reussite,5
2026-07-26,g015,b0216,echec,8
2026-07-26,g015,b0256,echec,6
2026-07-26,g015,b0279,echec,6
2026-07-26,g015,b0295,reussite,8
2026-07-26,g015,b0275,reussite,14
2026-07-26,g015,b0204,reussite,4
2026-07-26,g025,b0297,reussite,1
2026-07-26,g025,b0274,reussite,1
2026-07-26,g025,b0305,reussite,1
2026-07-26,g025,b0337,echec,7
2026-07-26,g025,b0346,echec,12
2026-07-26,g025,b0327,echec,12
2026-07-26,g025,b0336,reussite,7
2026-07-26,g025,b0255,reussite,1
2026-07-26,g025,b0347,echec,9
2026-07-26,g025,b0264,reussite,1
2026-07-26,g025,b0237,echec,11
2026-07-26,g030,b0220,reussite,1
2026-07-26,g030,b0242,reussite,1
2026-07-26,g030,b0304,echec,8
2026-07-26,g030,b0214,echec,15
2026-07-26,g030,b0244,echec,7
2026-07-26,g030,b0335,echec,9
2026-07-26,g030,b0322,echec,3
2026-07-26,g030,b0305,echec,17
2026-07-26,g030,b0334,reussite,5
2026-07-26,g030,b0341,reussite,2
2026-07-26,g030,b0303,echec,14
2026-07-26,g030,b0306,echec,12
2026-07-26,g032,b0302,reussite,1
2026-07-26,g032,b0213,reussite,1
2026-07-26,g032,b0341,reussite,1
2026-07-26,g032,b0344,echec,3
2026-07-26,g032,b0334,reussite,5
2026-07-26,g032,b0306,echec,12
2026-07-26,g032,b0264,echec,13
2026-07-26,g032,b0262,reussite,3
2026-07-26,g032,b0345,echec,6
2026-07-26,g032,b0304,echec,16
2026-07-26,g038,b0242,reussite,1
2026-07-26,g038,b0312,reussite,3
2026-07-26,g038,b0344,echec,15
2026-07-26,g038,b0304,echec,8
2026-07-26,g038,b0253,reussite,13
2026-07-26,g038,b0263,reussite,4
2026-07-26,g038,b0213,echec,5
2026-07-26,g038,b0324,echec,10
2026-07-26,g038,b0233,echec,7
2026-07-26,g038,b0273,echec,7
2026-07-26,g038,b0262,echec,8
2026-07-26,g040,b0302,reussite,1
2026-07-26,g040,b0294,echec,12
2026-07-26,g040,b0315,echec,10
2026-07-26,g040,b0336,echec,16
2026-07-26,g040,b0316,echec,10
2026-07-26,g040,b0312,reussite,1
2026-07-26,g040,b0256,echec,9
2026-07-26,g040,b0346,echec,8
2026-07-26,g041,b0350,reussite,1
2026-07-26,g041,b0342,reussite,1
2026-07-26,g041,b0347,echec,15
2026-07-26,g041,b0325,echec,10
2026-07-26,g041,b0306,echec,15
2026-07-26,g041,b0332,reussite,1
2026-07-26,g041,b0346,echec,8
2026-07-26,g041,b0285,echec,8
2026-07-26,g041,b0336,echec,8
2026-07-26,g041,b0337,echec,13
2026-07-26,g044,b0283,reussite,1
2026-07-26,g044,b0244,reussite,9
2026-07-26,g044,b0256,echec,12
2026-07-26,g044,b0245,echec,8
2026-07-26,g044,b0204,echec,10
2026-07-26,g044,b0304,echec,6
2026-07-26,g044,b0294,echec,6
2026-07-26,g044,b0345,reussite,12
2026-07-26,g044,b0253,reussite,1
2026-07-26,g046,b0312,reussite,1
2026-07-26,g046,b0275,echec,17
2026-07-26,g046,b0292,reussite,1
2026-07-26,g046,b0245,echec,16
2026-07-26,g046,b0345,echec,13
2026-07-26,g046,b0291,reussite,1
2026-07-26,g046,b0226,echec,12
2026-07-26,g046,b0324,echec,13
2026-07-26,g046,b0350,reussite,1
2026-07-26,g046,b0342,reussite,1
2026-07-26,g046,b0253,reussite,1
2026-07-26,g046,b0314,echec,15
2026-07-26,g046,b0315,echec,12
2026-07-26,g046,b0335,echec,7
2026-07-26,g046,b0311,reussite,1
2026-07-26,g046,b0347,echec,16
2026-07-26,g046,b0265,echec,10
2026-07-26,g047,b0295,reussite,1
2026-07-26,g047,b0238,echec,11
2026-07-26,g047,b0285,echec,9
2026-07-26,g047,b0254,reussite,1
2026-07-26,g047,b0326,echec,14
2026-07-26,g047,b0328,echec,12
2026-07-26,g047,b0307,echec,8
2026-07-26,g054,b0283,reussite,4
2026-07-26,g054,b0313,reussite,4
2026-07-26,g054,b0325,echec,18
2026-07-26,g054,b0263,reussite,1
2026-07-26,g054,b0274,echec,10
2026-07-26,g054,b0224,echec,6
2026-07-26,g054,b0294,echec,8
2026-07-26,g054,b0233,reussite,1
2026-07-26,g054,b0344,echec,4
2026-07-26,g054,b0273,echec,2
2026-07-26,g054,b0322,reussite,2
2026-07-26,g054,b0303,echec,11
2026-07-26,g054,b0302,reussite,1
2026-07-26,g054,b0314,echec,11
2026-07-26,g054,b0335,echec,10
2026-07-26,g054,b0254,reussite,1
2026-07-26,g054,b0316,echec,17
2026-07-26,g054,b0295,echec,8
2026-07-27,g010,b0233,reussite,1
2026-07-27,g010,b0324,reussite,1
2026-07-27,g010,b0297,echec,9
2026-07-27,g010,b0215,echec,15
2026-07-27,g010,b0216,echec,14
2026-07-27,g010,b0262,reussite,1
2026-07-27,g010,b0265,echec,9
2026-07-27,g013,b0285,reussite,1
2026-07-27,g013,b0279,echec,12
2026-07-27,g013,b0269,echec,11
2026-07-27,g013,b0256,reussite,2
2026-07-27,g013,b0343,echec,1
2026-07-27,g013,b0298,echec,6
2026-07-27,g013,b0335,reussite,1
2026-07-27,g013,b0258,echec,11
2026-07-27,g013,b0294,echec,2
2026-07-27,g013,b0308,reussite,1
2026-07-27,g013,b0229,echec,10
2026-07-27,g013,b0288,echec,15
2026-07-27,g013,b0305,reussite,1
2026-07-27,g013,b0274,reussite,1
2026-07-27,g013,b0349,echec,15
2026-07-27,g013,b0300,echec,11
2026-07-27,g013,b0298,echec,18
2026-07-27,g014,b0309,echec,14
2026-07-27,g014,b0238,echec,9
2026-07-27,g014,b0319,reussite,1
2026-07-27,g014,b0267,echec,16
2026-07-27,g014,b0258,echec,12
2026-07-27,g014,b0337,echec,16
2026-07-27,g033,b0255,reussite,1
2026-07-27,g033,b0215,reussite,2
2026-07-27,g033,b0259,echec,14
2026-07-27,g033,b0288,echec,7
2026-07-27,g033,b0306,reussite,7
2026-07-27,g033,b0245,reussite,2
2026-07-27,g033,b0346,echec,9
2026-07-27,g033,b0269,echec,14
2026-07-27,g033,b0295,reussite,2
2026-07-27,g042,b0317,echec,8
2026-07-27,g042,b0286,reussite,11
2026-07-27,g042,b0316,echec,6
2026-07-27,g042,b0287,echec,9
2026-07-27,g042,b0284,echec,1
2026-07-27,g042,b0314,reussite,3
2026-07-27,g042,b0305,reussite,3
2026-07-27,g042,b0247,echec,9
2026-07-27,g047,b0313,reussite,1
2026-07-27,g047,b0314,reussite,1
2026-07-27,g047,b0204,reussite,7
2026-07-27,g047,b0202,echec,2
2026-07-27,g047,b0316,reussite,17
2026-07-27,g047,b0275,echec,7
2026-07-27,g047,b0247,reussite,13
2026-07-27,g047,b0242,reussite,1
2026-07-27,g047,b0224,echec,8
2026-07-27,g047,b0296,echec,11
2026-07-27,g047,b0276,echec,8
2026-07-27,g047,b0286,echec,13
2026-07-27,g047,b0242,reussite,1
2026-07-27,g047,b0266,echec,8
2026-07-27,g047,b0318,echec,15
2026-07-27,g047,b0307,echec,14
2026-07-27,g047,b0327,echec,11
2026-07-27,g047,b0341,reussite,1
2026-07-27,g047,b0333,reussite,1
2026-07-27,g047,b0323,reussite,1
2026-07-27,g047,b0306,echec,13
2026-07-27,g052,b0315,echec,16
2026-07-27,g052,b0296,echec,14
2026-07-27,g052,b0343,echec,9
2026-07-27,g052,b0274,reussite,9
2026-07-27,g052,b0345,echec,8
2026-07-27,g052,b0244,reussite,6
2026-07-27,g052,b0295,echec,7
2026-07-27,g052,b0304,echec,15
2026-07-28,g001,b0214,echec,6
2026-07-28,g001,b0343,reussite,9
2026-07-28,g001,b0334,echec,1
2026-07-28,g001,b0251,reussite,1
2026-07-28,g001,b0303,echec,5
2026-07-28,g001,b0294,echec,10
2026-07-28,g003,b0337,echec,6
2026-07-28,g003,b0259,echec,12
2026-07-28,g003,b0323,reussite,1
2026-07-28,g003,b0281,reussite,1
2026-07-28,g003,b0347,echec,7
2026-07-28,g003,b0346,echec,16
2026-07-28,g003,b0215,echec,12
2026-07-28,g003,b0326,echec,13
2026-07-28,g003,b0307,echec,8
2026-07-28,g003,b0296,echec,9
2026-07-28,g003,b0286,echec,7
2026-07-28,g003,b0306,echec,11
2026-07-28,g008,b0335,echec,8
2026-07-28,g008,b0215,echec,10
2026-07-28,g008,b0316,echec,10
2026-07-28,g008,b0265,echec,9
2026-07-28,g008,b0284,reussite,3
2026-07-28,g008,b0296,reussite,9
2026-07-28,g011,b0234,reussite,1
2026-07-28,g011,b0297,echec,14
2026-07-28,g011,b0343,echec,5
2026-07-28,g011,b0322,reussite,1
2026-07-28,g011,b0315,echec,8
2026-07-28,g011,b0275,echec,15
2026-07-28,g011,b0317,echec,13
2026-07-28,g014,b0320,reussite,1
2026-07-28,g014,b0317,echec,12
2026-07-28,g014,b0237,echec,17
2026-07-28,g014,b0277,echec,18
2026-07-28,g014,b0270,reussite,1
2026-07-28,g014,b0327,echec,11
2026-07-28,g016,b0341,reussite,1
2026-07-28,g016,b0294,echec,8
2026-07-28,g016,b0215,echec,7
2026-07-28,g016,b0296,echec,7
2026-07-28,g016,b0315,echec,10
2026-07-28,g016,b0295,echec,12
2026-07-28,g017,b0255,reussite,1
2026-07-28,g017,b0303,echec,13
2026-07-28,g017,b0345,reussite,13
2026-07-28,g017,b0272,reussite,1
2026-07-28,g017,b0220,reussite,2
2026-07-28,g017,b0317,echec,7
2026-07-28,g017,b0293,echec,10
2026-07-28,g017,b0305,echec,9
2026-07-28,g021,b0283,reussite,11
2026-07-28,g021,b0302,echec,1
2026-07-28,g021,b0263,reussite,3
2026-07-28,g021,b0344,reussite,5
2026-07-28,g021,b0313,echec,11
2026-07-28,g021,b0242,reussite,9
2026-07-28,g021,b0299,reussite,1
2026-07-28,g021,b0330,reussite,1
2026-07-28,g021,b0224,echec,10
2026-07-28,g021,b0296,echec,16
2026-07-28,g021,b0216,echec,16
2026-07-28,g021,b0275,echec,10
2026-07-28,g021,b0215,echec,12
2026-07-28,g021,b0306,echec,7
2026-07-28,g021,b0307,echec,17
2026-07-28,g025,b0303,reussite,1
2026-07-28,g025,b0307,reussite,9
2026-07-28,g025,b0285,reussite,15
2026-07-28,g025,b0317,echec,7
2026-07-28,g025,b0202,reussite,1
2026-07-28,g025,b0266,echec,10
2026-07-28,g025,b0265,reussite,4
2026-07-28,g025,b0245,reussite,4
2026-07-28,g029,b0202,reussite,1
2026-07-28,g029,b0202,reussite,1
2026-07-28,g029,b0325,echec,8
2026-07-28,g029,b0305,reussite,5
2026-07-28,g029,b0263,reussite,1
2026-07-28,g029,b0303,echec,10
2026-07-28,g029,b0345,reussite,6
2026-07-28,g029,b0234,reussite,5
2026-07-28,g029,b0335,echec,16
2026-07-28,g030,b0314,echec,7
2026-07-28,g030,b0302,reussite,1
2026-07-28,g030,b0304,echec,7
2026-07-28,g030,b0322,reussite,3
2026-07-28,g030,b0313,echec,9
2026-07-28,g030,b0303,echec,7
2026-07-28,g030,b0293,echec,8
2026-07-28,g035,b0223,reussite,1
2026-07-28,g035,b0242,echec,10
2026-07-28,g035,b0341,echec,5
2026-07-28,g035,b0304,echec,16
2026-07-28,g035,b0244,echec,11
2026-07-28,g035,b0202,echec,7
2026-07-28,g035,b0261,reussite,4
2026-07-28,g035,b0255,echec,8
2026-07-28,g035,b0302,echec,9
2026-07-28,g035,b0312,reussite,7
2026-07-28,g039,b0274,reussite,1
2026-07-28,g039,b0262,reussite,1
2026-07-28,g039,b0294,echec,5
2026-07-28,g039,b0286,echec,8
2026-07-28,g039,b0216,echec,14
2026-07-28,g039,b0275,reussite,8
2026-07-28,g039,b0297,echec,9
2026-07-28,g039,b0335,echec,5
2026-07-28,g039,b0316,echec,9
2026-07-28,g039,b0315,echec,6
2026-07-28,g039,b0215,echec,10
2026-07-28,g039,b0242,reussite,1
2026-07-28,g043,b0334,reussite,1
2026-07-28,g043,b0233,reussite,1
2026-07-28,g043,b0255,echec,16
2026-07-28,g043,b0274,echec,8
2026-07-28,g043,b0307,echec,6
2026-07-28,g043,b0293,echec,10
2026-07-28,g043,b0245,echec,8
2026-07-28,g043,b0319,reussite,1
2026-07-28,g043,b0326,echec,11
2026-07-28,g044,b0284,reussite,1
2026-07-28,g044,b0244,reussite,1
2026-07-28,g044,b0279,echec,7
2026-07-28,g044,b0330,reussite,1
2026-07-28,g044,b0301,reussite,1
2026-07-28,g044,b0340,reussite,1
2026-07-28,g044,b0309,echec,17
2026-07-28,g044,b0286,echec,15
2026-07-28,g044,b0285,echec,9
2026-07-28,g045,b0305,reussite,1
2026-07-28,g045,b0345,reussite,1
2026-07-28,g045,b0286,echec,6
2026-07-28,g045,b0308,echec,13
2026-07-28,g045,b0287,echec,13
2026-07-28,g045,b0337,echec,9
2026-07-28,g045,b0307,echec,10
2026-07-28,g045,b0336,echec,15
2026-07-28,g045,b0318,echec,16
2026-07-28,g045,b0257,echec,13
2026-07-28,g045,b0208,echec,16
2026-07-28,g045,b0242,reussite,1
2026-07-28,g047,b0233,reussite,1
2026-07-28,g047,b0214,reussite,1
2026-07-28,g047,b0307,echec,13
2026-07-28,g047,b0334,reussite,2
2026-07-28,g047,b0336,echec,8
2026-07-28,g047,b0304,echec,7
2026-07-28,g047,b0343,reussite,6
2026-07-28,g047,b0303,echec,2
2026-07-28,g047,b0335,reussite,5
2026-07-28,g047,b0344,reussite,1
2026-07-28,g047,b0346,echec,17
2026-07-28,g047,b0347,echec,14
2026-07-28,g051,b0304,reussite,6
2026-07-28,g051,b0293,echec,4
2026-07-28,g051,b0245,echec,12
2026-07-28,g051,b0334,reussite,1
2026-07-28,g051,b0215,echec,11
2026-07-28,g051,b0216,echec,15
2026-07-28,g051,b0315,echec,13
2026-07-28,g051,b0265,echec,7
2026-07-28,g051,b0202,reussite,1
2026-07-28,g051,b0244,reussite,6
2026-07-28,g051,b0203,echec,7
2026-07-28,g051,b0214,reussite,9
2026-07-28,g051,b0255,reussite,3
2026-07-28,g051,b0216,echec,6
2026-07-28,g051,b0204,reussite,8
2026-07-28,g055,b0242,reussite,1
2026-07-28,g055,b0255,reussite,5
2026-07-28,g055,b0335,echec,8
2026-07-28,g055,b0293,echec,5
2026-07-28,g055,b0305,reussite,4
2026-07-28,g055,b0276,echec,17
2026-07-28,g055,b0315,echec,7
2026-07-28,g055,b0216,echec,11
2026-07-28,g055,b0265,echec,8
2026-07-29,g002,b0241,reussite,1
2026-07-29,g002,b0326,echec,17
2026-07-29,g002,b0302,reussite,1
2026-07-29,g002,b0325,echec,7
2026-07-29,g002,b0341,reussite,2
2026-07-29,g002,b0347,echec,11
2026-07-29,g002,b0285,echec,17
2026-07-29,g002,b0264,reussite,1
2026-07-29,g002,b0307,echec,14
2026-07-29,g002,b0321,reussite,1
2026-07-29,g002,b0323,reussite,1
2026-07-29,g002,b0337,echec,7
2026-07-29,g002,b0336,echec,14
2026-07-29,g002,b0306,echec,18
2026-07-29,g002,b0276,echec,10
2026-07-29,g003,b0306,echec,15
2026-07-29,g003,b0326,echec,8
2026-07-29,g003,b0261,echec,1
2026-07-29,g003,b0333,reussite,1
2026-07-29,g003,b0223,reussite,1
2026-07-29,g003,b0321,reussite,2
2026-07-29,g003,b0307,echec,9
2026-07-29,g008,b0255,reussite,1
2026-07-29,g008,b0216,reussite,1
2026-07-29,g008,b0203,echec,11
2026-07-29,g008,b0204,reussite,8
2026-07-29,g008,b0335,echec,7
2026-07-29,g008,b0295,echec,13
2026-07-29,g008,b0215,echec,10
2026-07-29,g008,b0275,reussite,13
2026-07-29,g008,b0224,echec,12
2026-07-29,g008,b0296,echec,16
2026-07-29,g008,b0316,echec,10
2026-07-29,g010,b0304,reussite,1
2026-07-29,g010,b0276,echec,7
2026-07-29,g010,b0326,echec,13
2026-07-29,g010,b0344,reussite,1
2026-07-29,g010,b0285,echec,14
2026-07-29,g010,b0336,echec,6
2026-07-29,g010,b0279,echec,18
2026-07-29,g010,b0298,echec,12
2026-07-29,g010,b0328,echec,11
2026-07-29,g011,b0273,reussite,1
2026-07-29,g011,b0345,reussite,1
2026-07-29,g011,b0315,reussite,15
2026-07-29,g018,b0286,reussite,1
2026-07-29,g018,b0296,echec,10
2026-07-29,g018,b0304,reussite,1
2026-07-29,g018,b0335,reussite,2
2026-07-29,g018,b0215,echec,15
2026-07-29,g018,b0314,echec,1
2026-07-29,g018,b0208,echec,10
2026-07-29,g018,b0337,echec,7
2026-07-29,g018,b0315,reussite,3
2026-07-29,g018,b0336,echec,12
2026-07-29,g021,b0252,reussite,1
2026-07-29,g021,b0202,echec,10
2026-07-29,g021,b0303,echec,10
2026-07-29,g021,b0322,reussite,6
2026-07-29,g021,b0341,reussite,2
2026-07-29,g021,b0316,echec,13
2026-07-29,g021,b0334,echec,9
2026-07-29,g021,b0302,reussite,2
2026-07-29,g021,b0313,echec,6
2026-07-29,g021,b0242,reussite,1
2026-07-29,g021,b0252,reussite,1
2026-07-29,g021,b0334,echec,4
2026-07-29,g021,b0273,echec,8
2026-07-29,g021,b0297,echec,8
2026-07-29,g021,b0262,echec,6
2026-07-29,g021,b0316,echec,13
2026-07-29,g021,b0255,echec,13
2026-07-29,g021,b0283,reussite,1
2026-07-29,g021,b0311,reussite,1
2026-07-29,g021,b0245,echec,17
2026-07-29,g021,b0299,reussite,1
2026-07-29,g021,b0224,echec,12
2026-07-29,g021,b0275,echec,10
2026-07-29,g021,b0204,echec,17
2026-07-29,g021,b0216,echec,15
2026-07-29,g021,b0330,reussite,1
2026-07-29,g021,b0340,reussite,1
2026-07-29,g022,b0314,reussite,1
2026-07-29,g022,b0308,echec,10
2026-07-29,g022,b0315,echec,12
2026-07-29,g022,b0224,echec,6
2026-07-29,g022,b0345,reussite,5
2026-07-29,g022,b0216,echec,12
2026-07-29,g022,b0253,echec,1
2026-07-29,g022,b0296,echec,14
2026-07-29,g022,b0316,reussite,16
2026-07-29,g029,b0204,echec,14
2026-07-29,g029,b0322,reussite,2
2026-07-29,g029,b0216,echec,13
2026-07-29,g029,b0265,echec,8
2026-07-29,g029,b0334,reussite,1
2026-07-29,g029,b0203,echec,14
2026-07-29,g029,b0302,reussite,1
2026-07-29,g029,b0316,echec,8
2026-07-29,g030,b0242,reussite,1
2026-07-29,g030,b0223,reussite,1
2026-07-29,g030,b0313,reussite,7
2026-07-29,g030,b0294,echec,14
2026-07-29,g030,b0312,reussite,2
2026-07-29,g030,b0303,echec,11
2026-07-29,g030,b0343,echec,14
2026-07-29,g030,b0345,echec,15
2026-07-29,g030,b0323,reussite,1
2026-07-29,g030,b0333,reussite,2
2026-07-29,g030,b0324,echec,16
2026-07-29,g030,b0304,echec,9
2026-07-29,g031,b0220,reussite,1
2026-07-29,g031,b0323,reussite,1
2026-07-29,g031,b0332,reussite,1
2026-07-29,g031,b0337,echec,17
2026-07-29,g031,b0342,reussite,1
2026-07-29,g031,b0327,echec,9
2026-07-29,g031,b0350,reussite,1
2026-07-29,g031,b0318,echec,16
2026-07-29,g031,b0229,echec,18
2026-07-29,g031,b0319,reussite,1
2026-07-29,g046,b0252,echec,1
2026-07-29,g046,b0283,echec,8
2026-07-29,g046,b0344,reussite,7
2026-07-29,g046,b0234,echec,13
2026-07-29,g046,b0334,echec,5
2026-07-29,g046,b0313,reussite,6
2026-07-29,g046,b0220,reussite,2
2026-07-29,g046,b0293,echec,15
2026-07-29,g046,b0251,reussite,1
2026-07-29,g046,b0289,reussite,1
2026-07-29,g046,b0343,echec,11
2026-07-29,g046,b0307,echec,16
2026-07-29,g046,b0315,echec,12
2026-07-29,g046,b0326,echec,13
2026-07-29,g046,b0332,reussite,1
2026-07-29,g046,b0286,echec,12
2026-07-29,g052,b0293,reussite,1
2026-07-29,g052,b0304,reussite,6
2026-07-29,g052,b0343,echec,11
2026-07-29,g052,b0315,echec,15
2026-07-29,g052,b0313,reussite,4
2026-07-29,g052,b0344,reussite,5
2026-07-29,g052,b0345,echec,6
2026-07-29,g052,b0323,reussite,1
2026-07-29,g052,b0284,echec,12
2026-07-29,g052,b0264,echec,13
2026-07-29,g052,b0303,echec,6
2026-07-30,g003,b0264,reussite,1
2026-07-30,g003,b0332,reussite,1
2026-07-30,g003,b0328,echec,14
2026-07-30,g003,b0308,echec,7
2026-07-30,g003,b0342,reussite,1
2026-07-30,g003,b0317,echec,9
2026-07-30,g003,b0327,echec,10
2026-07-30,g003,b0229,echec,15
2026-07-30,g003,b0319,reussite,1
2026-07-30,g003,b0271,reussite,1
2026-07-30,g006,b0234,reussite,1
2026-07-30,g006,b0220,reussite,1
2026-07-30,g006,b0324,reussite,7
2026-07-30,g006,b0303,reussite,12
2026-07-30,g006,b0322,reussite,2
2026-07-30,g006,b0345,echec,9
2026-07-30,g006,b0295,reussite,12
2026-07-30,g006,b0314,echec,6
2026-07-30,g016,b0216,echec,10
2026-07-30,g016,b0337,echec,8
2026-07-30,g016,b0325,echec,11
2026-07-30,g016,b0273,reussite,1
2026-07-30,g016,b0297,echec,7
2026-07-30,g016,b0304,reussite,14
2026-07-30,g016,b0281,reussite,1
2026-07-30,g016,b0255,reussite,1
2026-07-30,g016,b0315,echec,9
2026-07-30,g016,b0335,reussite,7
2026-07-30,g016,b0306,echec,10
2026-07-30,g016,b0334,reussite,1
2026-07-30,g016,b0254,reussite,2
2026-07-30,g016,b0346,echec,8
2026-07-30,g016,b0266,echec,9
2026-07-30,g022,b0294,reussite,1
2026-07-30,g022,b0276,echec,12
2026-07-30,g022,b0204,echec,8
2026-07-30,g022,b0315,echec,13
2026-07-30,g022,b0220,reussite,1
2026-07-30,g022,b0241,reussite,1
2026-07-30,g022,b0346,echec,15
2026-07-30,g022,b0285,echec,15
2026-07-30,g024,b0334,reussite,1
2026-07-30,g024,b0324,echec,9
2026-07-30,g024,b0313,reussite,8
2026-07-30,g024,b0322,echec,11
2026-07-30,g024,b0341,reussite,1
2026-07-30,g024,b0262,echec,12
2026-07-30,g024,b0345,echec,16
2026-07-30,g024,b0264,echec,13
2026-07-30,g024,b0314,echec,16
2026-07-30,g024,b0304,echec,18
2026-07-30,g024,b0315,echec,9
2026-07-30,g025,b0203,reussite,1
2026-07-30,g025,b0335,reussite,1
2026-07-30,g025,b0276,echec,11
2026-07-30,g025,b0285,echec,10
2026-07-30,g025,b0287,echec,18
2026-07-30,g025,b0215,reussite,8
2026-07-30,g025,b0307,echec,14
2026-07-30,g025,b0297,reussite,1
2026-07-30,g025,b0224,echec,6
2026-07-30,g025,b0315,reussite,2
2026-07-30,g031,b0273,reussite,1
2026-07-30,g031,b0254,reussite,1
2026-07-30,g031,b0309,echec,10
2026-07-30,g031,b0330,reussite,1
2026-07-30,g031,b0311,reussite,1
2026-07-30,g031,b0340,reussite,1
2026-07-30,g031,b0320,reussite,1
2026-07-30,g031,b0328,echec,17
2026-07-30,g033,b0308,echec,7
2026-07-30,g033,b0346,reussite,6
2026-07-30,g033,b0336,echec,4
2026-07-30,g033,b0317,reussite,15
2026-07-30,g033,b0326,echec,12
2026-07-30,g033,b0327,echec,10
2026-07-30,g033,b0286,reussite,8
2026-07-30,g040,b0345,reussite,1
2026-07-30,g040,b0220,reussite,1
2026-07-30,g040,b0303,reussite,9
2026-07-30,g040,b0314,reussite,14
2026-07-30,g040,b0294,echec,14
2026-07-30,g040,b0256,echec,13
2026-07-30,g040,b0341,reussite,1
2026-07-30,g040,b0315,echec,15
2026-07-30,g040,b0285,echec,12
2026-07-30,g040,b0347,echec,13
2026-07-30,g040,b0275,echec,11
2026-07-30,g040,b0216,echec,6
2026-07-30,g042,b0328,echec,11
2026-07-30,g042,b0349,echec,13
2026-07-30,g042,b0337,echec,14
2026-07-30,g042,b0327,echec,12
2026-07-30,g042,b0333,reussite,1
2026-07-30,g042,b0318,echec,8
2026-07-30,g042,b0288,echec,10
2026-07-30,g042,b0268,echec,9
2026-07-30,g042,b0309,echec,11
2026-07-30,g054,b0241,reussite,1
2026-07-30,g054,b0283,reussite,1
2026-07-30,g054,b0215,echec,15
2026-07-30,g054,b0322,echec,1
2026-07-30,g054,b0302,echec,1
2026-07-30,g054,b0273,echec,2
2026-07-30,g054,b0341,reussite,1
2026-07-30,g054,b0345,echec,13
2026-07-30,g054,b0261,echec,1
2026-07-30,g054,b0264,echec,11
2026-07-30,g054,b0305,echec,8
2026-07-31,g004,b0204,reussite,9
2026-07-31,g004,b0314,echec,3
2026-07-31,g004,b0215,echec,6
2026-07-31,g004,b0256,echec,7
2026-07-31,g004,b0265,echec,14
2026-07-31,g004,b0306,echec,9
2026-07-31,g004,b0336,echec,17
2026-07-31,g004,b0337,echec,13
2026-07-31,g004,b0279,echec,6
2026-07-31,g004,b0296,echec,13
2026-07-31,g004,b0318,echec,10
2026-07-31,g004,b0285,echec,7
2026-07-31,g004,b0268,echec,12
2026-07-31,g004,b0321,reussite,1
2026-07-31,g004,b0272,reussite,1
2026-07-31,g006,b0345,reussite,5
2026-07-31,g006,b0314,reussite,6
2026-07-31,g006,b0305,reussite,9
2026-07-31,g006,b0315,echec,16
2026-07-31,g006,b0335,echec,11
2026-07-31,g006,b0245,echec,7
2026-07-31,g006,b0297,echec,14
2026-07-31,g007,b0274,reussite,1
2026-07-31,g007,b0263,reussite,1
2026-07-31,g007,b0276,echec,18
2026-07-31,g008,b0295,reussite,1
2026-07-31,g008,b0307,echec,6
2026-07-31,g008,b0302,reussite,1
2026-07-31,g008,b0346,echec,17
2026-07-31,g008,b0336,echec,10
2026-07-31,g008,b0229,echec,14
2026-07-31,g008,b0263,reussite,1
2026-07-31,g008,b0317,echec,13
2026-07-31,g008,b0327,echec,13
2026-07-31,g012,b0308,echec,10
2026-07-31,g012,b0297,reussite,7
2026-07-31,g012,b0314,reussite,7
2026-07-31,g012,b0255,reussite,1
2026-07-31,g012,b0216,reussite,8
2026-07-31,g012,b0304,echec,4
2026-07-31,g014,b0327,echec,17
2026-07-31,g014,b0216,echec,16
2026-07-31,g014,b0336,echec,13
2026-07-31,g014,b0308,echec,11
2026-07-31,g014,b0276,echec,8
2026-07-31,g014,b0260,reussite,1
2026-07-31,g014,b0317,echec,18
2026-07-31,g014,b0296,echec,14
2026-07-31,g014,b0332,reussite,1
2026-07-31,g014,b0307,reussite,18
2026-07-31,g014,b0306,echec,7
2026-07-31,g014,b0317,echec,17
2026-07-31,g014,b0300,echec,8
2026-07-31,g014,b0349,echec,13
2026-07-31,g014,b0257,echec,10
2026-07-31,g014,b0330,reussite,1
2026-07-31,g014,b0308,echec,16
2026-07-31,g016,b0324,reussite,5
2026-07-31,g016,b0302,reussite,1
2026-07-31,g016,b0234,reussite,4
2026-07-31,g016,b0293,echec,9
2026-07-31,g016,b0345,reussite,6
2026-07-31,g016,b0307,echec,14
2026-07-31,g016,b0284,reussite,1
2026-07-31,g016,b0343,echec,9
2026-07-31,g016,b0313,echec,3
2026-07-31,g016,b0245,echec,11
2026-07-31,g016,b0216,reussite,12
2026-07-31,g016,b0303,echec,6
2026-07-31,g016,b0314,reussite,13
2026-07-31,g016,b0204,echec,9
2026-07-31,g017,b0342,reussite,1
2026-07-31,g017,b0331,reussite,1
2026-07-31,g017,b0314,echec,15
2026-07-31,g017,b0242,echec,4
2026-07-31,g017,b0307,echec,13
2026-07-31,g017,b0252,reussite,1
2026-07-31,g017,b0283,reussite,8
2026-07-31,g027,b0273,reussite,1
2026-07-31,g027,b0265,echec,7
2026-07-31,g027,b0324,echec,11
2026-07-31,g027,b0342,echec,1
2026-07-31,g027,b0343,echec,13
2026-07-31,g027,b0330,reussite,1
2026-07-31,g027,b0314,echec,7
2026-07-31,g027,b0304,reussite,17
2026-07-31,g027,b0340,reussite,1
2026-07-31,g027,b0315,echec,14
2026-07-31,g032,b0202,reussite,1
2026-07-31,g032,b0322,reussite,1
2026-07-31,g032,b0244,echec,13
2026-07-31,g032,b0323,reussite,1
2026-07-31,g032,b0253,echec,3
2026-07-31,g032,b0344,echec,5
2026-07-31,g032,b0343,echec,7
2026-07-31,g032,b0303,echec,16
2026-07-31,g038,b0254,reussite,4
2026-07-31,g038,b0242,reussite,14
2026-07-31,g038,b0264,echec,13
2026-07-31,g038,b0313,echec,13
2026-07-31,g038,b0233,echec,7
2026-07-31,g038,b0334,reussite,7
2026-07-31,g038,b0312,echec,2
2026-07-31,g038,b0263,echec,10
2026-07-31,g040,b0324,echec,8
2026-07-31,g040,b0234,reussite,4
2026-07-31,g040,b0262,reussite,3
2026-07-31,g040,b0204,echec,10
2026-07-31,g040,b0202,reussite,1
2026-07-31,g040,b0204,echec,8
2026-07-31,g040,b0304,reussite,13
2026-07-31,g040,b0295,echec,18
2026-07-31,g040,b0253,reussite,1
2026-07-31,g040,b0203,echec,9
2026-07-31,g040,b0263,reussite,1
2026-07-31,g040,b0215,echec,7
2026-07-31,g040,b0297,echec,15
2026-07-31,g040,b0324,reussite,5
2026-07-31,g042,b0251,reussite,1
2026-07-31,g042,b0220,reussite,1
2026-07-31,g042,b0317,echec,13
2026-07-31,g042,b0347,echec,16
2026-07-31,g042,b0318,echec,11
2026-07-31,g042,b0341,reussite,1
2026-07-31,g042,b0346,echec,10
2026-07-31,g042,b0302,reussite,1
2026-07-31,g042,b0337,echec,16
2026-07-31,g042,b0258,echec,8
2026-07-31,g042,b0278,echec,14
2026-07-31,g044,b0274,reussite,1
2026-07-31,g044,b0283,reussite,1
2026-07-31,g044,b0204,echec,14
2026-07-31,g044,b0314,reussite,11
2026-07-31,g044,b0245,echec,7
2026-07-31,g044,b0322,reussite,3
2026-07-31,g044,b0203,echec,7
2026-07-31,g044,b0304,echec,13
2026-07-31,g044,b0294,echec,11
2026-07-31,g044,b0287,echec,13
2026-07-31,g044,b0335,echec,13
2026-07-31,g044,b0336,echec,13
2026-07-31,g044,b0295,echec,13
2026-07-31,g044,b0302,echec,1
2026-07-31,g044,b0272,reussite,2
2026-07-31,g044,b0316,echec,6
2026-07-31,g044,b0260,reussite,1
2026-07-31,g044,b0306,echec,16
2026-07-31,g046,b0322,reussite,1
2026-07-31,g046,b0223,reussite,1
2026-07-31,g046,b0345,echec,10
2026-07-31,g046,b0297,echec,8
2026-07-31,g046,b0336,echec,18
2026-07-31,g046,b0325,echec,13
2026-07-31,g046,b0303,echec,8
2026-07-31,g046,b0343,echec,13
2026-07-31,g046,b0346,echec,13
2026-07-31,g046,b0304,echec,11
2026-07-31,g046,b0335,echec,11
2026-07-31,g046,b0306,echec,13
2026-08-01,g002,b0256,echec,17
2026-08-01,g002,b0295,echec,12
2026-08-01,g002,b0215,echec,13
2026-08-01,g002,b0245,echec,12
2026-08-01,g002,b0335,echec,12
2026-08-01,g002,b0275,echec,10
2026-08-01,g002,b0263,reussite,1
2026-08-01,g005,b0295,reussite,1
2026-08-01,g005,b0325,reussite,1
2026-08-01,g005,b0336,echec,13
2026-08-01,g005,b0215,reussite,6
2026-08-01,g005,b0203,reussite,2
2026-08-01,g005,b0285,reussite,6
2026-08-01,g005,b0307,reussite,9
2026-08-01,g005,b0346,echec,6
2026-08-01,g005,b0279,echec,14
2026-08-01,g005,b0347,echec,8
2026-08-01,g005,b0348,echec,17
2026-08-01,g013,b0265,reussite,1
2026-08-01,g013,b0204,reussite,1
2026-08-01,g013,b0318,echec,14
2026-08-01,g013,b0337,echec,7
2026-08-01,g013,b0315,reussite,2
2026-08-01,g013,b0328,echec,8
2026-08-01,g013,b0306,echec,10
2026-08-01,g013,b0307,echec,7
2026-08-01,g014,b0284,reussite,1
2026-08-01,g014,b0264,reussite,1
2026-08-01,g014,b0208,echec,10
2026-08-01,g014,b0337,echec,17
2026-08-01,g014,b0307,echec,10
2026-08-01,g014,b0326,echec,8
2026-08-01,g014,b0328,echec,10
2026-08-01,g014,b0281,reussite,1
2026-08-01,g014,b0282,reussite,1
2026-08-01,g014,b0306,echec,17
2026-08-01,g014,b0296,echec,6
2026-08-01,g014,b0336,echec,12
2026-08-01,g017,b0344,reussite,3
2026-08-01,g019,b0263,echec,3
2026-08-01,g019,b0202,reussite,10
2026-08-01,g019,b0262,echec,12
2026-08-01,g019,b0279,echec,7
2026-08-01,g019,b0297,echec,13
2026-08-01,g019,b0283,echec,6
2026-08-01,g019,b0242,reussite,6
2026-08-01,g026,b0265,reussite,6
2026-08-01,g026,b0203,reussite,10
2026-08-01,g026,b0295,reussite,8
2026-08-01,g026,b0215,echec,9
2026-08-01,g026,b0325,echec,8
2026-08-01,g026,b0343,reussite,2
2026-08-01,g027,b0252,reussite,1
2026-08-01,g027,b0215,echec,17
2026-08-01,g027,b0202,echec,17
2026-08-01,g027,b0253,reussite,15
2026-08-01,g027,b0242,echec,7
2026-08-01,g027,b0251,reussite,2
2026-08-01,g027,b0289,reussite,1
2026-08-01,g032,b0223,reussite,1
2026-08-01,g032,b0343,reussite,10
2026-08-01,g032,b0316,echec,6
2026-08-01,g032,b0252,reussite,1
2026-08-01,g032,b0281,reussite,1
2026-08-01,g032,b0285,echec,11
2026-08-01,g032,b0350,reussite,1
2026-08-01,g032,b0216,echec,14
2026-08-01,g046,b0303,echec,12
2026-08-01,g046,b0304,echec,8
2026-08-01,g046,b0314,echec,16
2026-08-01,g046,b0324,echec,6
2026-08-01,g046,b0294,echec,12
2026-08-01,g046,b0215,echec,16
2026-08-01,g046,b0312,reussite,1
2026-08-01,g046,b0297,echec,9
2026-08-01,g050,b0234,reussite,1
2026-08-01,g050,b0303,echec,13
2026-08-01,g050,b0322,reussite,3
2026-08-01,g050,b0341,reussite,1
2026-08-01,g050,b0274,echec,12
2026-08-01,g050,b0312,reussite,1
2026-08-01,g050,b0343,echec,12
2026-08-01,g050,b0325,echec,7
2026-08-01,g050,b0335,echec,18
2026-08-02,g005,b0256,reussite,1
2026-08-02,g005,b0318,echec,13
2026-08-02,g005,b0347,reussite,3
2026-08-02,g005,b0306,reussite,13
2026-08-02,g005,b0346,reussite,9
2026-08-02,g005,b0279,echec,16
2026-08-02,g005,b0316,reussite,3
2026-08-02,g005,b0286,reussite,10
2026-08-02,g005,b0308,echec,11
2026-08-02,g005,b0337,echec,16
2026-08-02,g005,b0259,echec,13
2026-08-02,g007,b0263,reussite,1
2026-08-02,g007,b0233,reussite,1
2026-08-02,g007,b0316,echec,9
2026-08-02,g007,b0345,echec,11
2026-08-02,g007,b0305,echec,12
2026-08-02,g007,b0307,echec,12
2026-08-02,g007,b0302,reussite,1
2026-08-02,g007,b0341,reussite,1
2026-08-02,g007,b0333,reussite,1
2026-08-02,g007,b0343,reussite,13
2026-08-02,g007,b0313,reussite,2
2026-08-02,g008,b0216,reussite,1
2026-08-02,g008,b0303,echec,2
2026-08-02,g008,b0325,reussite,9
2026-08-02,g008,b0262,echec,1
2026-08-02,g008,b0294,echec,6
2026-08-02,g008,b0285,echec,8
2026-08-02,g008,b0276,echec,11
2026-08-02,g009,b0314,reussite,1
2026-08-02,g009,b0324,reussite,1
2026-08-02,g009,b0265,echec,7
2026-08-02,g009,b0325,echec,9
2026-08-02,g009,b0255,reussite,3
2026-08-02,g009,b0294,echec,6
2026-08-02,g009,b0297,reussite,4
2026-08-02,g009,b0269,echec,11
2026-08-02,g012,b0313,reussite,1
2026-08-02,g012,b0253,reussite,1
2026-08-02,g012,b0347,echec,7
2026-08-02,g012,b0307,echec,8
2026-08-02,g012,b0326,echec,11
2026-08-02,g012,b0306,echec,7
2026-08-02,g012,b0321,reussite,1
2026-08-02,g012,b0308,echec,16
2026-08-02,g012,b0333,reussite,1
2026-08-02,g012,b0346,echec,16
2026-08-02,g017,b0323,reussite,1
2026-08-02,g017,b0332,reussite,1
2026-08-02,g017,b0239,reussite,1
2026-08-02,g017,b0316,echec,7
2026-08-02,g017,b0325,echec,14
2026-08-02,g017,b0342,reussite,1
2026-08-02,g017,b0326,echec,13
2026-08-02,g017,b0285,echec,14
2026-08-02,g025,b0294,reussite,1
2026-08-02,g025,b0308,echec,16
2026-08-02,g025,b0287,echec,12
2026-08-02,g025,b0296,reussite,12
2026-08-02,g025,b0316,echec,4
2026-08-02,g025,b0276,echec,9
2026-08-02,g025,b0335,reussite,3
2026-08-02,g025,b0315,echec,4
2026-08-02,g028,b0262,reussite,1
2026-08-02,g028,b0305,reussite,10
2026-08-02,g028,b0304,echec,11
2026-08-02,g028,b0297,echec,7
2026-08-02,g028,b0333,reussite,1
2026-08-02,g028,b0215,echec,17
2026-08-02,g028,b0323,reussite,1
2026-08-02,g028,b0321,reussite,1
2026-08-02,g028,b0350,reussite,1
2026-08-02,g028,b0343,echec,5
2026-08-02,g028,b0315,reussite,10
2026-08-02,g028,b0260,reussite,1
2026-08-02,g028,b0314,echec,6
2026-08-02,g028,b0336,echec,16
2026-08-02,g028,b0239,reussite,1
2026-08-02,g028,b0306,echec,8
2026-08-02,g028,b0335,echec,9
2026-08-02,g028,b0303,echec,9
2026-08-02,g028,b0343,echec,5
2026-08-02,g028,b0304,reussite,14
2026-08-02,g028,b0326,echec,9
2026-08-02,g028,b0265,echec,7
2026-08-02,g037,b0215,reussite,1
2026-08-02,g037,b0215,reussite,1
2026-08-02,g037,b0304,reussite,1
2026-08-02,g037,b0343,reussite,2
2026-08-02,g037,b0325,echec,13
2026-08-02,g037,b0216,echec,13
2026-08-02,g037,b0269,echec,12
2026-08-02,g037,b0306,echec,9
2026-08-02,g037,b0328,echec,12
2026-08-02,g037,b0265,echec,9
2026-08-02,g037,b0326,echec,13
2026-08-02,g038,b0283,echec,10
2026-08-02,g038,b0252,reussite,1
2026-08-02,g038,b0297,echec,18
2026-08-02,g038,b0322,reussite,16
2026-08-02,g038,b0323,echec,2
2026-08-02,g038,b0253,echec,17
2026-08-02,g038,b0256,echec,12
2026-08-02,g038,b0202,echec,17
2026-08-02,g038,b0273,echec,12
2026-08-02,g038,b0321,reussite,4
2026-08-02,g046,b0319,reussite,1
2026-08-02,g046,b0296,echec,15
2026-08-02,g046,b0336,echec,15
2026-08-02,g046,b0306,echec,15
2026-08-02,g046,b0320,reussite,1
2026-08-02,g046,b0308,echec,10
2026-08-02,g046,b0326,echec,8
2026-08-02,g046,b0347,echec,18
2026-08-02,g047,b0284,reussite,1
2026-08-02,g047,b0285,echec,11
2026-08-02,g047,b0303,echec,5
2026-08-02,g047,b0345,reussite,3
2026-08-02,g047,b0216,echec,16
2026-08-02,g047,b0343,echec,5
2026-08-02,g047,b0306,echec,13
2026-08-02,g047,b0322,reussite,2
2026-08-02,g050,b0283,reussite,1
2026-08-02,g050,b0283,reussite,1
2026-08-02,g050,b0297,echec,9
2026-08-02,g050,b0324,reussite,7
2026-08-02,g050,b0344,reussite,6
2026-08-02,g050,b0262,echec,12
2026-08-02,g050,b0314,echec,14
2026-08-02,g050,b0253,reussite,2
2026-08-02,g050,b0263,reussite,1
2026-08-02,g050,b0313,reussite,9
2026-08-02,g050,b0254,reussite,1
2026-08-03,g004,b0294,reussite,1
2026-08-03,g004,b0273,reussite,1
2026-08-03,g004,b0279,echec,11
2026-08-03,g004,b0326,echec,11
2026-08-03,g004,b0306,echec,8
2026-08-03,g004,b0244,reussite,2
2026-08-03,g004,b0297,echec,13
2026-08-03,g004,b0304,reussite,3
2026-08-03,g004,b0216,echec,17
2026-08-03,g004,b0305,reussite,3
2026-08-03,g008,b0297,echec,6
2026-08-03,g008,b0285,echec,17
2026-08-03,g008,b0337,echec,17
2026-08-03,g008,b0294,reussite,5
2026-08-03,g008,b0303,reussite,2
2026-08-03,g008,b0306,echec,14
2026-08-03,g008,b0262,reussite,1
2026-08-03,g008,b0315,reussite,5
2026-08-03,g008,b0256,reussite,12
2026-08-03,g008,b0324,reussite,1
2026-08-03,g008,b0297,echec,5
2026-08-03,g008,b0288,echec,11
2026-08-03,g008,b0308,echec,14
2026-08-03,g008,b0345,reussite,1
2026-08-03,g008,b0347,echec,11
2026-08-03,g008,b0306,echec,14
2026-08-03,g008,b0337,echec,18
2026-08-03,g013,b0266,reussite,1
2026-08-03,g013,b0337,echec,11
2026-08-03,g013,b0284,reussite,2
2026-08-03,g013,b0307,echec,12
2026-08-03,g013,b0265,reussite,1
2026-08-03,g013,b0275,reussite,4
2026-08-03,g013,b0306,echec,8
2026-08-03,g013,b0346,reussite,6
2026-08-03,g013,b0328,echec,6
2026-08-03,g014,b0283,reussite,1
2026-08-03,g014,b0297,reussite,1
2026-08-03,g014,b0324,reussite,4
2026-08-03,g014,b0275,echec,11
2026-08-03,g014,b0244,echec,3
2026-08-03,g014,b0316,echec,17
2026-08-03,g014,b0257,echec,17
2026-08-03,g014,b0265,echec,15
2026-08-03,g014,b0266,echec,10
2026-08-03,g014,b0203,echec,16
2026-08-03,g014,b0325,echec,10
2026-08-03,g014,b0285,echec,14
2026-08-03,g017,b0306,echec,12
2026-08-03,g017,b0319,reussite,1
2026-08-03,g017,b0301,reussite,1
2026-08-03,g017,b0296,echec,9
2026-08-03,g017,b0271,reussite,1
2026-08-03,g017,b0299,reussite,1
2026-08-03,g017,b0340,reussite,1
2026-08-03,g017,b0286,echec,12
2026-08-03,g017,b0336,echec,16
2026-08-03,g017,b0276,echec,16
2026-08-03,g024,b0344,echec,12
2026-08-03,g024,b0334,echec,7
2026-08-03,g024,b0273,echec,10
2026-08-03,g024,b0202,echec,7
2026-08-03,g024,b0315,echec,18
2026-08-03,g024,b0283,echec,10
2026-08-03,g026,b0216,echec,13
2026-08-03,g026,b0256,reussite,9
2026-08-03,g026,b0295,echec,10
2026-08-03,g026,b0276,echec,16
2026-08-03,g026,b0325,echec,14
2026-08-03,g026,b0304,reussite,2
2026-08-03,g026,b0277,echec,7
2026-08-03,g028,b0283,echec,7
2026-08-03,g028,b0234,reussite,15
2026-08-03,g028,b0263,reussite,2
2026-08-03,g028,b0216,echec,8
2026-08-03,g028,b0293,echec,12
2026-08-03,g028,b0273,reussite,2
2026-08-03,g028,b0233,reussite,4
2026-08-03,g028,b0314,echec,11
2026-08-03,g028,b0262,echec,14
2026-08-03,g028,b0322,echec,2
2026-08-03,g030,b0324,echec,13
2026-08-03,g030,b0345,reussite,15
2026-08-03,g030,b0332,reussite,1
2026-08-03,g030,b0346,echec,8
2026-08-03,g030,b0305,echec,8
2026-08-03,g030,b0343,echec,9
2026-08-03,g030,b0314,echec,17
2026-08-03,g032,b0202,reussite,1
2026-08-03,g032,b0262,reussite,1
2026-08-03,g032,b0297,echec,13
2026-08-03,g032,b0204,echec,13
2026-08-03,g032,b0295,echec,16
2026-08-03,g032,b0343,echec,12
2026-08-03,g032,b0284,echec,8
2026-08-03,g032,b0304,echec,10
2026-08-03,g032,b0256,echec,12
2026-08-03,g032,b0306,echec,6
2026-08-03,g032,b0321,reussite,1
2026-08-03,g037,b0274,reussite,1
2026-08-03,g037,b0208,echec,16
2026-08-03,g037,b0335,reussite,2
2026-08-03,g037,b0324,reussite,1
2026-08-03,g037,b0346,echec,9
2026-08-03,g037,b0347,echec,11
2026-08-03,g037,b0336,echec,16
2026-08-03,g037,b0337,reussite,10
2026-08-03,g037,b0287,echec,18
2026-08-03,g037,b0286,echec,11
2026-08-03,g038,b0312,reussite,1
2026-08-03,g038,b0297,echec,15
2026-08-03,g038,b0291,reussite,1
2026-08-03,g038,b0282,reussite,2
2026-08-03,g038,b0330,reussite,1
2026-08-03,g038,b0202,echec,7
2026-08-03,g038,b0305,echec,10
2026-08-03,g038,b0314,echec,14
2026-08-03,g038,b0274,echec,17
2026-08-03,g038,b0324,echec,9
2026-08-03,g038,b0264,echec,8
2026-08-03,g041,b0292,reussite,1
2026-08-03,g041,b0302,reussite,1
2026-08-03,g041,b0277,echec,14
2026-08-03,g041,b0349,echec,12
2026-08-03,g041,b0338,echec,17
2026-08-03,g041,b0339,echec,12
2026-08-03,g041,b0348,echec,7
2026-08-03,g041,b0280,echec,15
2026-08-03,g041,b0290,echec,8
2026-08-03,g042,b0255,reussite,1
2026-08-03,g042,b0345,reussite,1
2026-08-03,g042,b0315,reussite,5
2026-08-03,g042,b0204,echec,5
2026-08-03,g042,b0295,echec,7
2026-08-03,g042,b0339,echec,16
2026-08-03,g042,b0325,reussite,8
2026-08-03,g042,b0308,echec,14
2026-08-03,g042,b0313,reussite,1
2026-08-03,g045,b0314,reussite,1
2026-08-03,g046,b0273,reussite,1
2026-08-03,g046,b0295,echec,13
2026-08-03,g046,b0316,echec,10
2026-08-03,g046,b0303,echec,14
2026-08-03,g046,b0305,reussite,10
2026-08-03,g046,b0342,reussite,1
2026-08-03,g046,b0251,reussite,1
2026-08-03,g046,b0333,reussite,1
2026-08-03,g046,b0323,reussite,1
2026-08-03,g046,b0203,echec,12
2026-08-03,g046,b0321,reussite,1
2026-08-03,g046,b0340,reussite,1
2026-08-03,g046,b0233,reussite,1
2026-08-03,g046,b0336,echec,9
2026-08-03,g046,b0306,echec,9
2026-08-03,g046,b0326,echec,11
2026-08-03,g046,b0300,echec,16
2026-08-03,g046,b0349,echec,16
2026-08-03,g046,b0285,echec,7
2026-08-03,g046,b0346,echec,15
2026-08-03,g046,b0307,echec,8
2026-08-03,g046,b0338,echec,9
2026-08-03,g048,b0234,reussite,1
2026-08-03,g048,b0312,echec,1
2026-08-03,g048,b0275,echec,15
2026-08-03,g048,b0335,echec,6
2026-08-03,g048,b0323,reussite,1
2026-08-03,g048,b0281,reussite,2
2026-08-03,g048,b0315,echec,17
2026-08-03,g048,b0285,echec,14
2026-08-03,g049,b0294,echec,8
2026-08-03,g049,b0303,echec,14
2026-08-03,g049,b0341,reussite,2
2026-08-03,g049,b0315,echec,12
2026-08-03,g049,b0304,echec,10
2026-08-03,g049,b0295,echec,14
2026-08-03,g049,b0344,echec,5
2026-08-03,g050,b0306,echec,10
2026-08-03,g050,b0265,echec,13
2026-08-03,g050,b0275,echec,14
2026-08-03,g050,b0296,echec,14
2026-08-03,g050,b0307,echec,14
2026-08-03,g050,b0333,reussite,1
2026-08-03,g050,b0346,echec,16
2026-08-04,g004,b0335,echec,14
2026-08-04,g004,b0275,echec,11
2026-08-04,g004,b0313,reussite,2
2026-08-04,g004,b0307,echec,8
2026-08-04,g004,b0284,reussite,2
2026-08-04,g004,b0346,reussite,17
2026-08-04,g004,b0208,echec,14
2026-08-04,g004,b0295,echec,9
2026-08-04,g005,b0317,echec,16
2026-08-04,g005,b0204,reussite,2
2026-08-04,g005,b0296,reussite,6
2026-08-04,g005,b0287,echec,7
2026-08-04,g005,b0328,echec,10
2026-08-04,g005,b0327,echec,17
2026-08-04,g005,b0285,echec,14
2026-08-04,g005,b0208,echec,14
2026-08-04,g005,b0276,echec,13
2026-08-04,g005,b0216,reussite,10
2026-08-04,g005,b0296,reussite,1
2026-08-04,g005,b0308,echec,16
2026-08-04,g005,b0276,reussite,6
2026-08-04,g005,b0285,echec,10
2026-08-04,g005,b0325,reussite,4
2026-08-04,g005,b0336,echec,9
2026-08-04,g005,b0297,reussite,2
2026-08-04,g005,b0347,echec,15
2026-08-04,g005,b0295,reussite,2
2026-08-04,g012,b0297,reussite,1
2026-08-04,g012,b0275,reussite,1
2026-08-04,g012,b0307,echec,8
2026-08-04,g012,b0344,reussite,1
2026-08-04,g012,b0336,reussite,10
2026-08-04,g012,b0295,echec,5
2026-08-04,g012,b0346,echec,9
2026-08-04,g012,b0322,reussite,1
2026-08-04,g012,b0266,echec,8
2026-08-04,g012,b0347,echec,12
2026-08-04,g012,b0323,reussite,1
2026-08-04,g012,b0326,echec,17
2026-08-04,g015,b0202,reussite,1
2026-08-04,g015,b0335,reussite,1
2026-08-04,g015,b0344,reussite,1
2026-08-04,g015,b0328,echec,18
2026-08-04,g015,b0274,reussite,1
2026-08-04,g015,b0265,reussite,7
2026-08-04,g015,b0316,echec,10
2026-08-04,g015,b0343,reussite,1
2026-08-04,g015,b0303,reussite,2
2026-08-04,g022,b0244,reussite,1
2026-08-04,g022,b0304,reussite,1
2026-08-04,g022,b0316,echec,16
2026-08-04,g022,b0255,reussite,4
2026-08-04,g022,b0273,reussite,1
2026-08-04,g022,b0343,reussite,8
2026-08-04,g022,b0314,echec,12
2026-08-04,g022,b0234,reussite,4
2026-08-04,g022,b0293,reussite,9
2026-08-04,g022,b0305,reussite,7
2026-08-04,g022,b0203,echec,9
2026-08-04,g022,b0297,echec,5
2026-08-04,g022,b0345,reussite,1
2026-08-04,g022,b0335,echec,11
2026-08-04,g022,b0322,echec,1
2026-08-04,g022,b0265,echec,6
2026-08-04,g022,b0306,echec,8
2026-08-04,g022,b0326,echec,13
2026-08-04,g022,b0313,reussite,2
2026-08-04,g022,b0307,echec,15
2026-08-04,g022,b0344,reussite,2
2026-08-04,g022,b0315,echec,6
2026-08-04,g022,b0256,echec,9
2026-08-04,g024,b0251,reussite,1
2026-08-04,g024,b0274,echec,15
2026-08-04,g024,b0262,echec,7
2026-08-04,g024,b0323,echec,2
2026-08-04,g024,b0305,echec,14
2026-08-04,g024,b0284,echec,8
2026-08-04,g024,b0303,echec,15
2026-08-04,g024,b0345,echec,12
2026-08-04,g024,b0324,reussite,9
2026-08-04,g024,b0260,reussite,1
2026-08-04,g026,b0295,reussite,1
2026-08-04,g026,b0244,reussite,1
2026-08-04,g026,b0307,echec,15
2026-08-04,g026,b0335,reussite,7
2026-08-04,g026,b0257,echec,11
2026-08-04,g026,b0293,reussite,2
2026-08-04,g026,b0253,reussite,1
2026-08-04,g026,b0326,echec,16
2026-08-04,g026,b0296,echec,8
2026-08-04,g026,b0286,reussite,14
2026-08-04,g031,b0344,reussite,1
2026-08-04,g031,b0335,echec,8
2026-08-04,g031,b0257,echec,11
2026-08-04,g031,b0256,echec,17
2026-08-04,g031,b0317,echec,15
2026-08-04,g031,b0322,reussite,2
2026-08-04,g031,b0284,echec,11
2026-08-04,g033,b0285,echec,7
2026-08-04,g033,b0328,echec,10
2026-08-04,g033,b0348,echec,11
2026-08-04,g033,b0337,reussite,12
2026-08-04,g033,b0265,reussite,3
2026-08-04,g033,b0318,echec,6
2026-08-04,g033,b0216,reussite,10
2026-08-04,g033,b0325,reussite,3
2026-08-04,g033,b0317,echec,8
2026-08-04,g033,b0204,echec,2
2026-08-04,g034,b0264,reussite,4
2026-08-04,g034,b0256,echec,14
2026-08-04,g034,b0304,reussite,2
2026-08-04,g034,b0204,echec,16
2026-08-04,g034,b0305,echec,3
2026-08-04,g034,b0295,echec,12
2026-08-04,g034,b0244,echec,6
2026-08-04,g034,b0283,reussite,1
2026-08-04,g034,b0343,echec,7
2026-08-04,g034,b0216,echec,15
2026-08-04,g040,b0202,reussite,1
2026-08-04,g040,b0203,echec,13
2026-08-04,g040,b0345,echec,12
2026-08-04,g040,b0295,echec,18
2026-08-04,g040,b0297,echec,8
2026-08-04,g045,b0298,echec,16
2026-08-04,g045,b0325,echec,14
2026-08-04,g045,b0283,reussite,1
2026-08-04,g045,b0316,echec,7
2026-08-04,g045,b0346,echec,16
2026-08-04,g045,b0334,reussite,1
2026-08-04,g045,b0326,echec,11
2026-08-04,g045,b0259,echec,6
2026-08-04,g050,b0313,reussite,1
2026-08-04,g050,b0347,echec,8
2026-08-04,g050,b0316,reussite,10
2026-08-04,g050,b0286,echec,18
2026-08-04,g050,b0292,reussite,1
2026-08-04,g050,b0282,reussite,1
2026-08-04,g050,b0275,echec,11
2026-08-04,g050,b0265,echec,17
2026-08-04,g050,b0306,echec,11
2026-08-05,g003,b0202,reussite,1
2026-08-05,g003,b0315,echec,11
2026-08-05,g003,b0294,echec,16
2026-08-05,g003,b0283,reussite,6
2026-08-05,g003,b0265,echec,12
2026-08-05,g003,b0335,echec,7
2026-08-05,g003,b0263,reussite,1
2026-08-05,g003,b0295,echec,10
2026-08-05,g003,b0256,echec,7
2026-08-05,g003,b0324,echec,10
2026-08-05,g006,b0262,reussite,1
2026-08-05,g006,b0253,reussite,1
2026-08-05,g006,b0313,reussite,1
2026-08-05,g006,b0315,echec,6
2026-08-05,g006,b0295,echec,11
2026-08-05,g007,b0303,reussite,13
2026-08-05,g007,b0284,reussite,11
2026-08-05,g007,b0314,echec,13
2026-08-05,g007,b0262,echec,7
2026-08-05,g007,b0324,reussite,8
2026-08-05,g008,b0262,reussite,1
2026-08-05,g008,b0322,reussite,1
2026-08-05,g008,b0326,echec,10
2026-08-05,g008,b0314,reussite,6
2026-08-05,g008,b0316,echec,5
2026-08-05,g008,b0265,echec,7
2026-08-05,g008,b0257,echec,17
2026-08-05,g008,b0343,reussite,2
2026-08-05,g008,b0335,echec,2
2026-08-05,g008,b0283,reussite,1
2026-08-05,g008,b0283,reussite,1
2026-08-05,g008,b0307,echec,16
2026-08-05,g008,b0317,echec,11
2026-08-05,g008,b0342,reussite,1
2026-08-05,g008,b0349,echec,13
2026-08-05,g008,b0318,echec,7
2026-08-05,g008,b0323,reussite,1
2026-08-05,g008,b0260,reussite,1
2026-08-05,g014,b0312,reussite,1
2026-08-05,g014,b0244,reussite,1
2026-08-05,g014,b0336,echec,17
2026-08-05,g014,b0333,reussite,1
2026-08-05,g014,b0321,reussite,1
2026-08-05,g014,b0308,echec,16
2026-08-05,g014,b0252,reussite,1
2026-08-05,g014,b0347,echec,13
2026-08-05,g014,b0286,echec,10
2026-08-05,g020,b0317,echec,12
2026-08-05,g020,b0216,echec,7
2026-08-05,g020,b0306,echec,15
2026-08-05,g025,b0216,echec,9
2026-08-05,g025,b0296,echec,11
2026-08-05,g025,b0276,echec,14
2026-08-05,g025,b0297,echec,3
2026-08-05,g025,b0307,echec,8
2026-08-05,g025,b0256,echec,4
2026-08-05,g025,b0325,reussite,5
2026-08-05,g025,b0316,echec,3
2026-08-05,g025,b0294,reussite,2
2026-08-05,g025,b0203,reussite,6
2026-08-05,g028,b0263,reussite,1
2026-08-05,g028,b0202,reussite,9
2026-08-05,g028,b0334,reussite,5
2026-08-05,g028,b0284,reussite,10
2026-08-05,g028,b0322,reussite,2
2026-08-05,g028,b0293,echec,14
2026-08-05,g028,b0302,reussite,2
2026-08-05,g028,b0260,reussite,1
2026-08-05,g028,b0325,echec,10
2026-08-05,g028,b0297,echec,10
2026-08-05,g028,b0324,echec,14
2026-08-05,g028,b0334,reussite,1
2026-08-05,g028,b0244,reussite,1
2026-08-05,g028,b0313,reussite,3
2026-08-05,g028,b0216,echec,16
2026-08-05,g028,b0305,echec,8
2026-08-05,g028,b0283,reussite,2
2026-08-05,g028,b0325,echec,17
2026-08-05,g028,b0255,echec,6
2026-08-05,g028,b0341,reussite,2
2026-08-05,g028,b0304,echec,12
2026-08-05,g028,b0314,echec,10
2026-08-05,g035,b0273,reussite,1
2026-08-05,g035,b0289,reussite,1
2026-08-05,g035,b0319,reussite,2
2026-08-05,g035,b0311,reussite,1
2026-08-05,g035,b0324,echec,11
2026-08-05,g035,b0315,echec,10
2026-08-05,g035,b0345,echec,13
2026-08-05,g035,b0344,echec,10
2026-08-05,g038,b0251,reussite,1
2026-08-05,g038,b0333,reussite,4
2026-08-05,g038,b0313,reussite,9
2026-08-05,g038,b0233,reussite,8
2026-08-05,g038,b0244,echec,10
2026-08-05,g038,b0283,echec,11
2026-08-05,g038,b0260,reussite,1
2026-08-05,g038,b0264,echec,7
2026-08-05,g038,b0294,echec,15
2026-08-05,g041,b0330,reussite,1
2026-08-05,g041,b0301,reussite,1
2026-08-05,g041,b0327,echec,13
2026-08-05,g041,b0298,echec,7
2026-08-05,g041,b0328,echec,10
2026-08-05,g041,b0320,reussite,1
2026-08-05,g042,b0304,reussite,1
2026-08-05,g042,b0276,echec,8
2026-08-05,g042,b0285,echec,7
2026-08-05,g042,b0347,echec,11
2026-08-05,g042,b0328,echec,14
2026-08-05,g042,b0323,reussite,1
2026-08-05,g042,b0312,reussite,1
2026-08-05,g042,b0317,echec,8
2026-08-05,g042,b0327,echec,6
2026-08-06,g014,b0312,reussite,1
2026-08-06,g014,b0305,echec,8
2026-08-06,g014,b0335,echec,6
2026-08-06,g014,b0304,reussite,8
2026-08-06,g014,b0293,echec,6
2026-08-06,g014,b0265,echec,12
2026-08-06,g014,b0313,reussite,1
2026-08-06,g014,b0257,echec,10
2026-08-06,g028,b0322,reussite,1
2026-08-06,g028,b0322,reussite,1
2026-08-06,g028,b0294,echec,16
2026-08-06,g028,b0345,echec,12
2026-08-06,g028,b0315,echec,11
2026-08-06,g028,b0264,echec,12
2026-08-06,g028,b0312,reussite,1
2026-08-06,g028,b0324,reussite,8
2026-08-06,g028,b0255,echec,12
2026-08-06,g028,b0254,reussite,1
2026-08-06,g028,b0265,echec,6
2026-08-06,g028,b0295,echec,13
2026-08-06,g032,b0255,echec,16
2026-08-06,g032,b0302,reussite,1
2026-08-06,g032,b0294,echec,6
2026-08-06,g032,b0284,echec,10
2026-08-06,g032,b0342,reussite,1
2026-08-06,g032,b0324,reussite,10
2026-08-06,g034,b0293,reussite,1
2026-08-06,g034,b0274,reussite,1
2026-08-06,g034,b0295,echec,8
2026-08-06,g034,b0335,echec,9
2026-08-06,g034,b0314,echec,8
2026-08-06,g034,b0304,echec,7
2026-08-06,g034,b0262,reussite,4
2026-08-06,g034,b0255,reussite,2
2026-08-06,g034,b0324,reussite,1
2026-08-06,g034,b0315,echec,6
2026-08-06,g034,b0345,echec,4
2026-08-06,g034,b0275,echec,11
2026-08-06,g034,b0297,reussite,1
2026-08-06,g034,b0296,echec,10
2026-08-06,g034,b0305,reussite,2
2026-08-06,g034,b0315,echec,10
2026-08-06,g034,b0314,reussite,9
2026-08-06,g034,b0325,echec,9
2026-08-06,g034,b0233,reussite,1
2026-08-06,g034,b0316,echec,6
2026-08-06,g034,b0326,echec,9
2026-08-06,g035,b0350,reussite,1
2026-08-06,g035,b0263,reussite,1
2026-08-06,g035,b0344,echec,13
2026-08-06,g035,b0324,echec,7
2026-08-06,g035,b0313,reussite,8
2026-08-06,g035,b0345,echec,13
2026-08-06,g035,b0334,echec,6
2026-08-06,g035,b0343,echec,7
2026-08-06,g035,b0262,echec,8
2026-08-06,g035,b0332,reussite,2
2026-08-06,g035,b0292,reussite,1
2026-08-06,g043,b0323,reussite,1
2026-08-06,g043,b0322,reussite,2
2026-08-06,g043,b0305,echec,12
2026-08-06,g043,b0343,reussite,8
2026-08-06,g043,b0273,reussite,3
2026-08-06,g043,b0303,echec,14
2026-08-06,g043,b0341,reussite,1
2026-08-06,g043,b0284,echec,15
2026-08-06,g043,b0325,echec,9
2026-08-06,g047,b0274,reussite,1
2026-08-06,g047,b0203,echec,8
2026-08-06,g047,b0325,echec,7
2026-08-06,g047,b0335,echec,13
2026-08-06,g047,b0279,echec,7
2026-08-06,g047,b0318,echec,8
2026-08-06,g047,b0256,echec,9
2026-08-06,g047,b0343,reussite,1
2026-08-06,g047,b0263,reussite,1
2026-08-06,g047,b0298,echec,11
2026-08-06,g047,b0272,reussite,1
2026-08-06,g047,b0252,reussite,1
2026-08-06,g047,b0281,reussite,1
2026-08-06,g047,b0321,reussite,1
2026-08-06,g047,b0342,reussite,1
2026-08-06,g047,b0349,echec,14
2026-08-06,g047,b0260,reussite,1
2026-08-06,g047,b0336,echec,9
2026-08-06,g047,b0258,echec,17
2026-08-06,g051,b0284,reussite,1
2026-08-06,g051,b0314,echec,3
2026-08-06,g051,b0303,echec,4
2026-08-06,g051,b0297,reussite,6
2026-08-06,g051,b0315,echec,8
2026-08-06,g051,b0343,reussite,5
2026-08-06,g051,b0325,echec,7
2026-08-07,g009,b0304,reussite,1
2026-08-07,g009,b0256,reussite,1
2026-08-07,g009,b0295,reussite,12
2026-08-07,g009,b0336,echec,17
2026-08-07,g009,b0306,echec,11
2026-08-07,g009,b0275,reussite,9
2026-08-07,g009,b0303,reussite,3
2026-08-07,g009,b0346,echec,9
2026-08-07,g009,b0317,echec,8
2026-08-07,g009,b0287,echec,16
2026-08-07,g017,b0283,reussite,1
2026-08-07,g017,b0310,reussite,1
2026-08-07,g017,b0308,echec,8
2026-08-07,g017,b0338,echec,17
2026-08-07,g017,b0331,reussite,1
2026-08-07,g017,b0328,echec,13
2026-08-07,g017,b0349,echec,8
2026-08-07,g017,b0320,reussite,1
2026-08-07,g017,b0329,echec,8
2026-08-07,g017,b0339,echec,16
2026-08-07,g030,b0283,reussite,9
2026-08-07,g030,b0202,echec,7
2026-08-07,g032,b0293,echec,11
2026-08-07,g032,b0297,echec,11
2026-08-07,g032,b0273,echec,4
2026-08-07,g032,b0274,echec,13
2026-08-07,g032,b0283,echec,6
2026-08-07,g032,b0262,echec,4
2026-08-07,g032,b0296,echec,6
2026-08-07,g032,b0322,reussite,2
2026-08-07,g034,b0255,reussite,1
2026-08-07,g034,b0303,reussite,5
2026-08-07,g034,b0325,echec,10
2026-08-07,g034,b0203,echec,10
2026-08-07,g034,b0285,echec,9
2026-08-07,g034,b0344,reussite,2
2026-08-07,g034,b0305,echec,2
2026-08-07,g034,b0253,reussite,2
2026-08-07,g034,b0325,echec,11
2026-08-07,g034,b0343,reussite,4
2026-08-07,g034,b0335,reussite,5
2026-08-07,g034,b0315,reussite,8
2026-08-07,g034,b0316,echec,12
2026-08-07,g034,b0322,reussite,1
2026-08-07,g034,b0296,echec,11
2026-08-07,g039,b0202,reussite,1
2026-08-07,g039,b0325,echec,6
2026-08-07,g039,b0265,echec,14
2026-08-07,g039,b0274,echec,3
2026-08-07,g039,b0343,reussite,2
2026-08-07,g039,b0314,reussite,6
2026-08-07,g039,b0346,echec,15
2026-08-07,g039,b0262,reussite,2
2026-08-07,g048,b0283,reussite,3
2026-08-07,g048,b0202,reussite,8
2026-08-07,g048,b0253,reussite,1
2026-08-07,g048,b0264,reussite,11
2026-08-07,g048,b0293,reussite,11
2026-08-07,g048,b0262,reussite,6
2026-08-07,g048,b0203,echec,9
2026-08-07,g048,b0276,echec,17
2026-08-07,g048,b0255,echec,9
2026-08-07,g048,b0263,reussite,1
2026-08-07,g052,b0283,reussite,1
2026-08-07,g052,b0304,reussite,1
2026-08-07,g052,b0253,reussite,4
2026-08-07,g052,b0324,echec,7
2026-08-07,g052,b0284,echec,4
2026-08-07,g052,b0273,reussite,1
2026-08-07,g052,b0322,reussite,3
2026-08-07,g052,b0264,reussite,12
2026-08-07,g052,b0256,echec,6
2026-08-07,g052,b0325,echec,17
2026-08-07,g054,b0233,reussite,1
2026-08-07,g054,b0233,reussite,1
2026-08-07,g054,b0297,echec,14
2026-08-07,g054,b0315,echec,15
2026-08-07,g054,b0304,echec,13
2026-08-07,g054,b0343,reussite,7
2026-08-07,g054,b0324,reussite,5
2026-08-07,g054,b0203,echec,14
2026-08-07,g054,b0314,echec,16
2026-08-08,g001,b0330,reussite,1
2026-08-08,g001,b0253,reussite,1
2026-08-08,g001,b0202,echec,1
2026-08-08,g001,b0345,reussite,5
2026-08-08,g001,b0262,reussite,5
2026-08-08,g001,b0304,reussite,14
2026-08-08,g001,b0343,reussite,9
2026-08-08,g001,b0256,echec,14
2026-08-08,g001,b0334,reussite,2
2026-08-08,g001,b0315,echec,9
2026-08-08,g001,b0325,echec,15
2026-08-08,g001,b0273,reussite,2
2026-08-08,g001,b0283,reussite,3
2026-08-08,g001,b0335,echec,12
2026-08-08,g001,b0233,echec,1
2026-08-08,g002,b0293,reussite,1
2026-08-08,g002,b0264,reussite,1
2026-08-08,g002,b0265,echec,7
2026-08-08,g002,b0344,reussite,2
2026-08-08,g002,b0303,reussite,4
2026-08-08,g002,b0316,reussite,6
2026-08-08,g002,b0335,echec,10
2026-08-08,g002,b0203,reussite,6
2026-08-08,g002,b0297,echec,7
2026-08-08,g002,b0284,echec,3
2026-08-08,g003,b0314,echec,10
2026-08-08,g003,b0262,reussite,7
2026-08-08,g003,b0259,echec,16
2026-08-08,g003,b0297,echec,10
2026-08-08,g003,b0315,echec,7
2026-08-08,g003,b0324,echec,4
2026-08-08,g004,b0265,echec,7
2026-08-08,g004,b0262,reussite,1
2026-08-08,g004,b0202,reussite,1
2026-08-08,g004,b0283,reussite,1
2026-08-08,g004,b0314,echec,4
2026-08-08,g004,b0304,echec,7
2026-08-08,g004,b0294,reussite,8
2026-08-08,g004,b0326,echec,16
2026-08-08,g004,b0306,echec,9
2026-08-08,g004,b0315,echec,13
2026-08-08,g004,b0305,reussite,1
2026-08-08,g004,b0344,reussite,1
2026-08-08,g004,b0258,echec,16
2026-08-08,g004,b0288,echec,9
2026-08-08,g004,b0300,echec,10
2026-08-08,g004,b0347,echec,8
2026-08-08,g004,b0309,echec,18
2026-08-08,g004,b0287,echec,9
2026-08-08,g004,b0336,echec,10
2026-08-08,g004,b0308,echec,13
2026-08-08,g004,b0349,echec,8
2026-08-08,g011,b0335,echec,12
2026-08-08,g011,b0345,echec,4
2026-08-08,g011,b0314,echec,9
2026-08-08,g011,b0306,echec,6
2026-08-08,g011,b0233,reussite,1
2026-08-08,g011,b0296,echec,12
2026-08-08,g011,b0316,echec,7
2026-08-08,g011,b0344,reussite,2
2026-08-08,g011,b0313,echec,2
2026-08-08,g012,b0295,echec,11
2026-08-08,g012,b0324,reussite,1
2026-08-08,g012,b0275,echec,11
2026-08-08,g012,b0315,reussite,9
2026-08-08,g012,b0286,echec,12
2026-08-08,g012,b0316,echec,16
2026-08-08,g012,b0285,echec,17
2026-08-08,g013,b0287,echec,7
2026-08-08,g013,b0285,reussite,6
2026-08-08,g013,b0308,reussite,11
2026-08-08,g013,b0327,echec,13
2026-08-08,g013,b0325,reussite,3
2026-08-08,g013,b0326,reussite,11
2026-08-08,g013,b0317,echec,10
2026-08-08,g013,b0276,echec,9
2026-08-08,g013,b0259,echec,17
2026-08-08,g021,b0295,echec,14
2026-08-08,g021,b0332,reussite,1
2026-08-08,g022,b0325,reussite,1
2026-08-08,g022,b0324,reussite,6
2026-08-08,g022,b0274,reussite,4
2026-08-08,g022,b0316,echec,8
2026-08-08,g022,b0262,reussite,1
2026-08-08,g022,b0294,reussite,14
2026-08-08,g022,b0283,echec,2
2026-08-08,g022,b0275,echec,13
2026-08-08,g022,b0297,echec,9
2026-08-08,g033,b0256,reussite,1
2026-08-08,g033,b0336,reussite,8
2026-08-08,g033,b0279,echec,6
2026-08-08,g033,b0296,reussite,9
2026-08-08,g033,b0326,echec,7
2026-08-08,g033,b0316,reussite,4
2026-08-08,g033,b0307,reussite,8
2026-08-08,g033,b0276,reussite,14
2026-08-08,g037,b0283,reussite,1
2026-08-08,g037,b0295,reussite,1
2026-08-08,g037,b0335,echec,4
2026-08-08,g037,b0316,reussite,3
2026-08-08,g037,b0314,reussite,1
2026-08-08,g037,b0306,reussite,14
2026-08-08,g037,b0307,echec,11
2026-08-08,g037,b0293,reussite,2
2026-08-08,g037,b0346,echec,8
2026-08-08,g037,b0264,reussite,1
2026-08-08,g037,b0284,reussite,1
2026-08-08,g042,b0297,reussite,1
2026-08-08,g042,b0304,reussite,1
2026-08-08,g042,b0255,reussite,3
2026-08-08,g042,b0308,echec,16
2026-08-08,g042,b0285,echec,15
2026-08-08,g042,b0256,echec,5
2026-08-08,g042,b0259,echec,11
2026-08-08,g042,b0294,reussite,3
2026-08-08,g042,b0307,reussite,1
2026-08-08,g042,b0321,reussite,1
2026-08-08,g042,b0318,echec,9
2026-08-08,g042,b0338,echec,11
2026-08-08,g042,b0327,echec,10
2026-08-08,g042,b0349,echec,9
2026-08-08,g042,b0329,echec,14
2026-08-08,g042,b0328,echec,18
2026-08-08,g042,b0348,echec,9
2026-08-08,g042,b0278,echec,11
2026-08-08,g043,b0324,reussite,14
2026-08-08,g043,b0302,echec,1
2026-08-08,g043,b0233,reussite,2
2026-08-08,g043,b0272,reussite,1
2026-08-08,g043,b0297,echec,13
2026-08-08,g043,b0294,echec,14
2026-08-08,g043,b0335,echec,17
2026-08-08,g043,b0265,echec,11
2026-08-08,g043,b0295,echec,7
2026-08-08,g043,b0312,reussite,2
2026-08-08,g045,b0202,reussite,1
2026-08-08,g045,b0256,reussite,7
2026-08-08,g045,b0346,echec,11
2026-08-08,g045,b0315,reussite,10
2026-08-08,g045,b0276,echec,14
2026-08-08,g045,b0316,echec,9
2026-08-08,g045,b0325,echec,14
2026-08-08,g046,b0317,echec,17
2026-08-08,g046,b0266,echec,10
2026-08-08,g046,b0310,reussite,1
2026-08-08,g046,b0337,echec,14
2026-08-08,g046,b0318,echec,15
2026-08-08,g046,b0328,echec,9
2026-08-08,g046,b0327,echec,9
2026-08-08,g046,b0278,echec,7
2026-08-08,g046,b0309,echec,16
2026-08-08,g046,b0268,echec,15
2026-08-08,g055,b0304,echec,10
2026-08-08,g055,b0325,echec,18
2026-08-08,g055,b0303,echec,5
2026-08-08,g055,b0346,echec,10
2026-08-08,g055,b0345,reussite,4
2026-08-08,g055,b0307,echec,15
2026-08-08,g055,b0326,echec,14
2026-08-09,g001,b0312,reussite,1
2026-08-09,g001,b0268,echec,8
2026-08-09,g001,b0271,reussite,1
2026-08-09,g001,b0301,reussite,1
2026-08-09,g001,b0331,reussite,1
2026-08-09,g001,b0310,reussite,1
2026-08-09,g001,b0298,echec,9
2026-08-09,g001,b0349,echec,13
2026-08-09,g001,b0278,echec,10
2026-08-09,g001,b0258,echec,6
2026-08-09,g009,b0304,reussite,1
2026-08-09,g009,b0305,reussite,3
2026-08-09,g009,b0256,reussite,8
2026-08-09,g009,b0347,echec,14
2026-08-09,g009,b0295,echec,14
2026-08-09,g009,b0269,echec,17
2026-08-09,g009,b0275,echec,14
2026-08-09,g009,b0307,echec,12
2026-08-09,g009,b0285,echec,8
2026-08-09,g010,b0265,reussite,1
2026-08-09,g010,b0295,echec,7
2026-08-09,g010,b0285,echec,8
2026-08-09,g013,b0326,reussite,1
2026-08-09,g013,b0296,reussite,10
2026-08-09,g013,b0277,echec,14
2026-08-09,g013,b0347,reussite,14
2026-08-09,g013,b0336,reussite,7
2026-08-09,g013,b0316,reussite,4
2026-08-09,g013,b0295,echec,2
2026-08-09,g013,b0297,reussite,1
2026-08-09,g025,b0335,reussite,1
2026-08-09,g025,b0286,echec,9
2026-08-09,g025,b0257,echec,8
2026-08-09,g025,b0295,echec,3
2026-08-09,g025,b0308,echec,13
2026-08-09,g025,b0345,reussite,1
2026-08-09,g025,b0275,echec,4
2026-08-09,g025,b0307,echec,12
2026-08-09,g025,b0306,echec,14
2026-08-09,g025,b0318,echec,11
2026-08-09,g035,b0321,reussite,1
2026-08-09,g035,b0343,echec,12
2026-08-09,g035,b0334,echec,5
2026-08-09,g035,b0274,echec,13
2026-08-09,g035,b0330,echec,1
2026-08-09,g035,b0324,echec,9
2026-08-09,g035,b0340,reussite,1
2026-08-09,g036,b0285,echec,8
2026-08-09,g036,b0256,reussite,1
2026-08-09,g036,b0317,echec,12
2026-08-09,g036,b0326,echec,6
2026-08-09,g036,b0276,echec,12
2026-08-09,g036,b0336,reussite,8
2026-08-09,g041,b0303,reussite,17
2026-08-09,g041,b0313,reussite,10
2026-08-09,g041,b0344,echec,6
2026-08-09,g041,b0284,echec,15
2026-08-09,g041,b0283,echec,5
2026-08-09,g041,b0262,echec,16
2026-08-09,g041,b0345,echec,11
2026-08-09,g041,b0263,reussite,2
2026-08-09,g041,b0313,reussite,1
2026-08-09,g041,b0313,reussite,1
2026-08-09,g041,b0252,reussite,2
2026-08-09,g041,b0296,echec,17
2026-08-09,g041,b0324,echec,14
2026-08-09,g041,b0334,reussite,6
2026-08-09,g041,b0302,reussite,2
2026-08-09,g041,b0307,echec,16
2026-08-09,g041,b0264,reussite,7
2026-08-09,g041,b0253,echec,5
2026-08-09,g041,b0326,echec,14
2026-08-09,g042,b0265,reussite,1
2026-08-09,g042,b0350,reussite,1
2026-08-09,g042,b0269,echec,10
2026-08-09,g042,b0280,echec,16
2026-08-09,g042,b0260,reussite,1
2026-08-09,g042,b0309,echec,8
2026-08-09,g042,b0311,reussite,1
2026-08-09,g042,b0258,echec,9
2026-08-09,g042,b0349,echec,17
2026-08-09,g044,b0315,reussite,1
2026-08-09,g044,b0325,echec,14
2026-08-09,g044,b0333,reussite,1
2026-08-09,g044,b0302,reussite,2
2026-08-09,g044,b0276,echec,8
2026-08-09,g044,b0312,reussite,1
2026-08-09,g044,b0321,reussite,1
2026-08-09,g044,b0308,echec,7
2026-08-09,g044,b0326,echec,12
2026-08-09,g044,b0317,echec,16
2026-08-09,g046,b0342,reussite,1
2026-08-09,g046,b0333,reussite,1
2026-08-09,g046,b0331,reussite,1
2026-08-09,g046,b0307,echec,16
2026-08-09,g046,b0296,echec,10
2026-08-09,g046,b0325,echec,13
2026-08-09,g046,b0286,echec,8
2026-08-09,g046,b0301,reussite,1
2026-08-09,g046,b0330,reussite,1
2026-08-09,g046,b0347,echec,10
2026-08-09,g046,b0340,reussite,1
2026-08-09,g049,b0341,reussite,1
2026-08-09,g049,b0253,reussite,1
2026-08-09,g049,b0343,echec,6
2026-08-09,g049,b0345,reussite,7
2026-08-09,g049,b0302,reussite,2
2026-08-09,g049,b0312,reussite,1
2026-08-09,g049,b0256,echec,9
2026-08-09,g049,b0260,reussite,1
2026-08-09,g049,b0323,reussite,2
2026-08-09,g050,b0264,echec,9
2026-08-09,g050,b0345,reussite,6
2026-08-09,g050,b0304,echec,16
2026-08-09,g050,b0295,echec,10
2026-08-09,g050,b0314,echec,15
2026-08-09,g050,b0273,reussite,2
2026-08-09,g050,b0294,echec,8
2026-08-09,g050,b0335,echec,16
2026-08-09,g050,b0315,reussite,11
2026-08-09,g054,b0272,reussite,1
2026-08-09,g054,b0276,echec,8
2026-08-09,g054,b0261,reussite,1
2026-08-09,g054,b0305,reussite,8
2026-08-09,g054,b0344,reussite,3
2026-08-09,g054,b0312,reussite,1
2026-08-09,g054,b0303,reussite,11
2026-08-10,g001,b0251,reussite,1
2026-08-10,g001,b0323,reussite,1
2026-08-10,g001,b0339,echec,18
2026-08-10,g001,b0329,echec,7
2026-08-10,g001,b0338,echec,16
2026-08-10,g001,b0348,echec,12
2026-08-10,g004,b0322,reussite,1
2026-08-10,g004,b0302,reussite,1
2026-08-10,g004,b0308,echec,13
2026-08-10,g004,b0347,echec,11
2026-08-10,g004,b0254,reussite,1
2026-08-10,g004,b0252,reussite,1
2026-08-10,g004,b0285,echec,18
2026-08-10,g006,b0263,reussite,1
2026-08-10,g006,b0344,reussite,2
2026-08-10,g006,b0295,echec,14
2026-08-10,g006,b0334,reussite,2
2026-08-10,g006,b0294,echec,16
2026-08-10,g006,b0315,echec,14
2026-08-10,g006,b0335,echec,6
2026-08-10,g006,b0297,echec,10
2026-08-10,g006,b0256,echec,9
2026-08-10,g008,b0304,reussite,1
2026-08-10,g008,b0315,reussite,1
2026-08-10,g008,b0307,echec,13
2026-08-10,g008,b0334,reussite,1
2026-08-10,g008,b0313,reussite,1
2026-08-10,g008,b0336,echec,7
2026-08-10,g008,b0346,echec,16
2026-08-10,g008,b0298,echec,8
2026-08-10,g008,b0268,echec,8
2026-08-10,g008,b0279,echec,16
2026-08-10,g008,b0317,echec,10
2026-08-10,g008,b0318,echec,15
2026-08-10,g009,b0336,reussite,17
2026-08-10,g009,b0307,echec,13
2026-08-10,g009,b0257,echec,12
2026-08-10,g009,b0313,reussite,1
2026-08-10,g009,b0273,reussite,1
2026-08-10,g009,b0306,echec,15
2026-08-10,g009,b0346,echec,12
2026-08-10,g009,b0266,echec,18
2026-08-10,g009,b0308,echec,9
2026-08-10,g012,b0304,reussite,1
2026-08-10,g012,b0315,echec,7
2026-08-10,g012,b0276,echec,8
2026-08-10,g012,b0343,reussite,4
2026-08-10,g012,b0256,echec,9
2026-08-10,g012,b0296,reussite,15
2026-08-10,g012,b0286,echec,12
2026-08-10,g012,b0295,echec,6
2026-08-10,g012,b0265,reussite,15
2026-08-10,g012,b0285,echec,13
2026-08-10,g012,b0345,reussite,1
2026-08-10,g013,b0308,reussite,1
2026-08-10,g013,b0262,reussite,1
2026-08-10,g013,b0290,echec,7
2026-08-10,g013,b0314,reussite,1
2026-08-10,g013,b0268,echec,7
2026-08-10,g013,b0294,echec,1
2026-08-10,g013,b0255,reussite,2
2026-08-10,g013,b0309,echec,7
2026-08-10,g013,b0304,reussite,1
2026-08-10,g013,b0343,reussite,1
2026-08-10,g013,b0258,reussite,8
2026-08-10,g014,b0268,echec,7
2026-08-10,g014,b0343,reussite,5
2026-08-10,g014,b0316,echec,12
2026-08-10,g014,b0335,reussite,8
2026-08-10,g014,b0334,reussite,1
2026-08-10,g014,b0325,echec,12
2026-08-10,g014,b0275,reussite,9
2026-08-10,g014,b0322,reussite,2
2026-08-10,g014,b0295,echec,6
2026-08-10,g014,b0315,echec,12
2026-08-10,g018,b0339,echec,9
2026-08-10,g018,b0306,echec,13
2026-08-10,g018,b0295,reussite,8
2026-08-10,g018,b0286,reussite,17
2026-08-10,g018,b0326,echec,7
2026-08-10,g018,b0316,echec,4
2026-08-10,g018,b0285,echec,14
2026-08-10,g018,b0315,echec,3
2026-08-10,g018,b0269,echec,8
2026-08-10,g018,b0276,echec,15
2026-08-10,g022,b0304,reussite,1
2026-08-10,g022,b0255,reussite,1
2026-08-10,g022,b0315,echec,13
2026-08-10,g022,b0274,echec,6
2026-08-10,g022,b0303,reussite,6
2026-08-10,g022,b0325,reussite,8
2026-08-10,g022,b0262,echec,2
2026-08-10,g022,b0316,echec,7
2026-08-10,g022,b0314,reussite,6
2026-08-10,g022,b0284,reussite,4
2026-08-10,g022,b0297,echec,9
2026-08-10,g022,b0256,echec,8
2026-08-10,g023,b0255,reussite,8
2026-08-10,g023,b0345,echec,4
2026-08-10,g023,b0322,reussite,2
2026-08-10,g023,b0262,reussite,4
2026-08-10,g023,b0274,reussite,1
2026-08-10,g023,b0262,reussite,1
2026-08-10,g023,b0297,echec,9
2026-08-10,g023,b0264,reussite,6
2026-08-10,g023,b0315,reussite,9
2026-08-10,g023,b0343,echec,5
2026-08-10,g023,b0276,echec,15
2026-08-10,g023,b0344,reussite,2
2026-08-10,g023,b0305,echec,9
2026-08-10,g023,b0295,echec,14
2026-08-10,g023,b0293,echec,9
2026-08-10,g023,b0265,echec,6
2026-08-10,g024,b0283,reussite,9
2026-08-10,g024,b0253,echec,11
2026-08-10,g024,b0273,echec,6
2026-08-10,g024,b0334,reussite,5
2026-08-10,g024,b0344,reussite,7
2026-08-10,g024,b0313,echec,8
2026-08-10,g024,b0285,echec,17
2026-08-10,g024,b0315,echec,10
2026-08-10,g027,b0251,reussite,1
2026-08-10,g027,b0289,reussite,1
2026-08-10,g027,b0255,echec,16
2026-08-10,g027,b0272,echec,4
2026-08-10,g034,b0297,reussite,1
2026-08-10,g034,b0345,reussite,2
2026-08-10,g034,b0265,echec,8
2026-08-10,g034,b0263,reussite,1
2026-08-10,g034,b0298,echec,17
2026-08-10,g034,b0316,echec,12
2026-08-10,g034,b0305,echec,3
2026-08-10,g034,b0304,echec,4
2026-08-10,g035,b0263,reussite,1
2026-08-10,g035,b0261,reussite,1
2026-08-10,g035,b0265,echec,16
2026-08-10,g035,b0334,echec,13
2026-08-10,g035,b0321,reussite,2
2026-08-10,g035,b0342,reussite,1
2026-08-10,g035,b0305,echec,13
2026-08-10,g035,b0313,echec,10
2026-08-10,g035,b0344,echec,11
2026-08-10,g035,b0310,reussite,1
2026-08-10,g035,b0350,reussite,1
2026-08-10,g043,b0263,reussite,1
2026-08-10,g043,b0293,echec,11
2026-08-10,g043,b0291,reussite,1
2026-08-10,g043,b0350,reussite,1
2026-08-10,g043,b0314,echec,13
2026-08-10,g043,b0292,reussite,1
2026-08-10,g043,b0304,reussite,14
2026-08-10,g043,b0336,echec,6
2026-08-10,g043,b0332,reussite,1
2026-08-10,g043,b0330,reussite,1
2026-08-10,g043,b0305,echec,10
2026-08-10,g047,b0313,reussite,1
2026-08-10,g047,b0273,reussite,1
2026-08-10,g047,b0295,reussite,11
2026-08-10,g047,b0286,echec,17
2026-08-10,g047,b0297,echec,14
2026-08-10,g047,b0293,reussite,2
2026-08-10,g047,b0256,echec,16
2026-08-10,g047,b0263,reussite,1
2026-08-10,g047,b0255,reussite,5
2026-08-10,g048,b0263,reussite,1
2026-08-10,g048,b0316,echec,7
2026-08-10,g048,b0312,reussite,1
2026-08-10,g048,b0326,echec,13
2026-08-10,g048,b0307,echec,15
2026-08-10,g048,b0306,echec,8
2026-08-10,g048,b0330,reussite,1
2026-08-10,g048,b0260,reussite,1
2026-08-10,g048,b0332,reussite,1
2026-08-10,g048,b0346,echec,8
2026-08-10,g048,b0325,echec,10
2026-08-11,g002,b0305,reussite,1
2026-08-11,g002,b0315,echec,16
2026-08-11,g002,b0293,reussite,10
2026-08-11,g002,b0297,echec,16
2026-08-11,g002,b0274,reussite,6
2026-08-11,g002,b0255,echec,5
2026-08-11,g002,b0325,echec,10
2026-08-11,g002,b0335,echec,11
2026-08-11,g002,b0275,echec,12
2026-08-11,g002,b0317,echec,12
2026-08-11,g002,b0264,reussite,1
2026-08-11,g002,b0306,echec,12
2026-08-11,g002,b0312,reussite,1
2026-08-11,g002,b0347,echec,17
2026-08-11,g002,b0326,echec,10
2026-08-11,g002,b0336,echec,10
2026-08-11,g002,b0257,echec,8
2026-08-11,g002,b0281,reussite,1
2026-08-11,g002,b0252,reussite,1
2026-08-11,g002,b0296,echec,13
2026-08-11,g006,b0263,reussite,1
2026-08-11,g006,b0283,reussite,1
2026-08-11,g006,b0343,reussite,11
2026-08-11,g006,b0274,echec,7
2026-08-11,g007,b0284,reussite,1
2026-08-11,g007,b0275,echec,9
2026-08-11,g007,b0314,echec,6
2026-08-11,g007,b0262,reussite,4
2026-08-11,g008,b0347,echec,14
2026-08-11,g008,b0305,reussite,3
2026-08-11,g008,b0279,echec,11
2026-08-11,g008,b0304,reussite,3
2026-08-11,g008,b0308,echec,15
2026-08-11,g008,b0268,echec,17
2026-08-11,g008,b0336,echec,8
2026-08-11,g008,b0298,echec,15
2026-08-11,g008,b0267,echec,16
2026-08-11,g012,b0345,reussite,1
2026-08-11,g012,b0307,echec,13
2026-08-11,g012,b0326,echec,6
2026-08-11,g012,b0306,echec,10
2026-08-11,g012,b0347,echec,18
2026-08-11,g012,b0346,echec,8
2026-08-11,g012,b0288,echec,8
2026-08-11,g012,b0286,echec,14
2026-08-11,g012,b0285,echec,15
2026-08-11,g028,b0274,reussite,1
2026-08-11,g028,b0345,reussite,5
2026-08-11,g028,b0316,echec,7
2026-08-11,g028,b0343,echec,7
2026-08-11,g028,b0256,echec,10
2026-08-11,g028,b0272,reussite,1
2026-08-11,g028,b0335,echec,6
2026-08-11,g028,b0305,echec,10
2026-08-11,g028,b0275,echec,18
2026-08-11,g032,b0322,reussite,1
2026-08-11,g032,b0322,reussite,1
2026-08-11,g032,b0273,reussite,3
2026-08-11,g032,b0313,reussite,6
2026-08-11,g032,b0324,echec,8
2026-08-11,g032,b0255,echec,11
2026-08-11,g032,b0253,echec,6
2026-08-11,g032,b0263,reussite,1
2026-08-11,g037,b0275,reussite,6
2026-08-11,g037,b0315,reussite,4
2026-08-11,g037,b0276,echec,7
2026-08-11,g037,b0265,echec,2
2026-08-11,g037,b0316,echec,8
2026-08-11,g037,b0325,reussite,7
2026-08-11,g037,b0296,reussite,13
2026-08-11,g037,b0346,echec,17
2026-08-11,g040,b0304,reussite,1
2026-08-11,g040,b0345,reussite,10
2026-08-11,g040,b0314,echec,7
2026-08-11,g040,b0297,echec,11
2026-08-11,g040,b0334,reussite,1
2026-08-11,g040,b0344,echec,2
2026-08-11,g040,b0295,echec,13
2026-08-11,g045,b0283,reussite,1
2026-08-11,g045,b0298,echec,16
2026-08-11,g045,b0294,echec,7
2026-08-11,g045,b0326,echec,13
2026-08-11,g045,b0346,echec,13
2026-08-11,g045,b0297,echec,6
2026-08-11,g045,b0273,reussite,1
2026-08-11,g045,b0276,echec,15
2026-08-11,g045,b0259,echec,14
2026-08-11,g045,b0273,reussite,1
2026-08-11,g045,b0265,echec,14
2026-08-11,g045,b0304,reussite,5
2026-08-11,g045,b0274,reussite,2
2026-08-11,g045,b0306,echec,16
2026-08-11,g045,b0255,echec,3
2026-08-11,g045,b0326,echec,8
2026-08-11,g045,b0295,echec,9
2026-08-11,g046,b0252,reussite,1
2026-08-11,g046,b0322,reussite,5
2026-08-11,g046,b0264,echec,8
2026-08-11,g046,b0314,echec,6
2026-08-11,g046,b0304,echec,8
2026-08-11,g046,b0324,echec,11
2026-08-11,g046,b0284,echec,14
2026-08-11,g046,b0274,reussite,16
2026-08-11,g046,b0341,reussite,2
2026-08-11,g046,b0294,echec,12
2026-08-11,g046,b0345,echec,13
2026-08-11,g046,b0346,echec,11
2026-08-11,g046,b0290,echec,17
2026-08-11,g046,b0259,echec,14
2026-08-11,g046,b0288,echec,10
2026-08-11,g046,b0277,echec,11
2026-08-11,g046,b0337,echec,17
2026-08-11,g046,b0287,echec,13
2026-08-11,g046,b0329,echec,6
2026-08-11,g046,b0317,echec,11
2026-08-11,g048,b0273,reussite,1
2026-08-11,g048,b0334,reussite,4
2026-08-11,g048,b0322,reussite,4
2026-08-11,g048,b0324,echec,14
2026-08-11,g048,b0274,echec,6
2026-08-11,g048,b0315,echec,16
2026-08-11,g048,b0325,echec,16
2026-08-11,g048,b0335,echec,16
2026-08-11,g048,b0302,echec,1
2026-08-12,g003,b0264,reussite,6
2026-08-12,g003,b0255,echec,11
2026-08-12,g003,b0274,echec,11
2026-08-12,g003,b0313,reussite,4
2026-08-12,g003,b0303,echec,6
2026-08-12,g003,b0253,reussite,2
2026-08-12,g004,b0273,reussite,1
2026-08-12,g004,b0294,reussite,1
2026-08-12,g004,b0344,reussite,1
2026-08-12,g004,b0256,reussite,12
2026-08-12,g004,b0255,reussite,3
2026-08-12,g004,b0314,reussite,3
2026-08-12,g004,b0279,echec,15
2026-08-12,g004,b0297,reussite,9
2026-08-12,g004,b0315,echec,4
2026-08-12,g004,b0326,reussite,8
2026-08-12,g004,b0322,reussite,1
2026-08-12,g004,b0336,echec,13
2026-08-12,g004,b0323,reussite,1
2026-08-12,g004,b0327,echec,9
2026-08-12,g004,b0341,reussite,1
2026-08-12,g004,b0286,echec,10
2026-08-12,g004,b0296,echec,6
2026-08-12,g004,b0328,echec,15
2026-08-12,g008,b0254,reussite,1
2026-08-12,g008,b0338,echec,10
2026-08-12,g008,b0321,reussite,1
2026-08-12,g008,b0271,reussite,1
2026-08-12,g008,b0328,echec,15
2026-08-12,g008,b0329,echec,10
2026-08-12,g008,b0339,echec,7
2026-08-12,g008,b0290,echec,8
2026-08-12,g011,b0264,reussite,1
2026-08-12,g011,b0283,reussite,1
2026-08-12,g011,b0325,echec,16
2026-08-12,g011,b0317,echec,16
2026-08-12,g011,b0316,echec,13
2026-08-12,g011,b0345,reussite,6
2026-08-12,g011,b0273,reussite,2
2026-08-12,g011,b0343,echec,11
2026-08-12,g011,b0305,echec,4
2026-08-12,g017,b0261,reussite,1
2026-08-12,g017,b0254,reussite,1
2026-08-12,g017,b0291,reussite,1
2026-08-12,g017,b0311,reussite,1
2026-08-12,g017,b0350,reussite,1
2026-08-12,g017,b0346,echec,14
2026-08-12,g017,b0347,echec,10
2026-08-12,g017,b0307,echec,12
2026-08-12,g017,b0330,reussite,1
2026-08-12,g017,b0289,reussite,1
2026-08-12,g020,b0325,echec,13
2026-08-12,g020,b0305,reussite,2
2026-08-12,g020,b0343,reussite,3
2026-08-12,g020,b0336,echec,9
2026-08-12,g020,b0264,reussite,1
2026-08-12,g020,b0346,echec,9
2026-08-12,g022,b0267,echec,9
2026-08-12,g022,b0336,echec,10
2026-08-12,g022,b0335,reussite,8
2026-08-12,g022,b0322,reussite,1
2026-08-12,g022,b0315,echec,5
2026-08-12,g022,b0265,echec,12
2026-08-12,g022,b0341,reussite,1
2026-08-12,g023,b0255,reussite,1
2026-08-12,g023,b0334,reussite,1
2026-08-12,g023,b0264,echec,13
2026-08-12,g023,b0275,echec,14
2026-08-12,g023,b0313,reussite,4
2026-08-12,g023,b0284,echec,6
2026-08-12,g023,b0294,echec,11
2026-08-12,g023,b0304,reussite,10
2026-08-12,g023,b0316,echec,11
2026-08-12,g023,b0297,echec,14
2026-08-12,g023,b0303,reussite,13
2026-08-12,g023,b0256,echec,17
2026-08-12,g025,b0256,reussite,1
2026-08-12,g025,b0325,reussite,1
2026-08-12,g025,b0257,echec,11
2026-08-12,g025,b0336,echec,15
2026-08-12,g025,b0346,echec,10
2026-08-12,g025,b0306,echec,9
2026-08-12,g025,b0276,echec,11
2026-08-12,g025,b0326,echec,15
2026-08-12,g025,b0347,echec,15
2026-08-12,g025,b0314,reussite,1
2026-08-12,g025,b0304,reussite,2
2026-08-12,g033,b0265,reussite,1
2026-08-12,g033,b0285,echec,7
2026-08-12,g033,b0317,echec,13
2026-08-12,g033,b0347,reussite,5
2026-08-12,g033,b0318,echec,17
2026-08-12,g033,b0256,reussite,1
2026-08-12,g033,b0328,echec,10
2026-08-12,g036,b0256,reussite,1
2026-08-12,g036,b0317,echec,6
2026-08-12,g036,b0326,reussite,5
2026-08-12,g036,b0276,echec,5
2026-08-12,g036,b0347,echec,4
2026-08-12,g036,b0296,echec,6
2026-08-12,g036,b0325,reussite,2
2026-08-12,g036,b0285,reussite,7
2026-08-12,g041,b0303,reussite,1
2026-08-12,g041,b0264,reussite,1
2026-08-12,g041,b0322,reussite,6
2026-08-12,g041,b0343,echec,11
2026-08-12,g041,b0341,reussite,1
2026-08-12,g041,b0261,reussite,1
2026-08-12,g041,b0316,echec,10
2026-08-12,g041,b0305,echec,12
2026-08-12,g041,b0304,echec,16
2026-08-12,g043,b0321,reussite,1
2026-08-12,g043,b0275,echec,8
2026-08-12,g043,b0345,echec,8
2026-08-12,g043,b0342,reussite,1
2026-08-12,g043,b0344,reussite,3
2026-08-12,g043,b0284,echec,5
2026-08-12,g043,b0302,reussite,1
2026-08-12,g043,b0316,echec,14
2026-08-12,g043,b0264,echec,8
2026-08-12,g043,b0314,echec,7
2026-08-12,g043,b0303,reussite,6
2026-08-12,g043,b0333,reussite,1
2026-08-12,g043,b0293,echec,12
2026-08-12,g043,b0289,reussite,1
2026-08-12,g043,b0255,echec,13
2026-08-12,g043,b0306,echec,17
2026-08-12,g043,b0305,reussite,7
2026-08-12,g043,b0347,echec,9
2026-08-12,g043,b0346,echec,11
2026-08-12,g043,b0286,echec,13
2026-08-12,g043,b0297,echec,12
2026-08-12,g043,b0315,echec,8
2026-08-12,g044,b0274,reussite,1
2026-08-12,g044,b0256,echec,16
2026-08-12,g044,b0294,echec,7
2026-08-12,g044,b0344,reussite,2
2026-08-12,g044,b0324,reussite,8
2026-08-12,g044,b0304,echec,6
2026-08-12,g044,b0334,reussite,1
2026-08-12,g044,b0295,echec,7
2026-08-12,g044,b0335,echec,16
2026-08-12,g044,b0323,reussite,1
2026-08-12,g044,b0326,echec,9
2026-08-12,g044,b0265,echec,13
2026-08-12,g044,b0325,echec,8
2026-08-12,g044,b0346,echec,11
2026-08-12,g044,b0307,echec,6
2026-08-12,g044,b0314,reussite,1
2026-08-12,g044,b0337,echec,7
2026-08-12,g044,b0328,echec,16
2026-08-12,g044,b0320,reussite,1
2026-08-12,g044,b0336,echec,12
2026-08-12,g044,b0311,reussite,1
2026-08-12,g044,b0318,echec,7
2026-08-12,g044,b0326,echec,11
2026-08-12,g045,b0296,echec,6
2026-08-12,g045,b0347,echec,10
2026-08-12,g045,b0344,reussite,1
2026-08-12,g050,b0262,echec,8
2026-08-12,g050,b0253,echec,3
2026-08-12,g050,b0283,reussite,9
2026-08-12,g050,b0324,echec,16
2026-08-12,g050,b0321,reussite,1
2026-08-12,g050,b0297,echec,15
2026-08-13,g003,b0253,reussite,1
2026-08-13,g003,b0336,echec,16
2026-08-13,g003,b0347,echec,12
2026-08-13,g003,b0257,echec,17
2026-08-13,g003,b0350,reussite,1
2026-08-13,g003,b0346,echec,8
2026-08-13,g004,b0335,reussite,1
2026-08-13,g004,b0255,reussite,1
2026-08-13,g004,b0316,reussite,9
2026-08-13,g004,b0295,echec,12
2026-08-13,g004,b0324,reussite,1
2026-08-13,g004,b0347,echec,17
2026-08-13,g004,b0325,echec,13
2026-08-13,g004,b0287,echec,13
2026-08-13,g004,b0259,echec,10
2026-08-13,g004,b0278,echec,10
2026-08-13,g004,b0317,echec,15
2026-08-13,g004,b0334,reussite,1
2026-08-13,g004,b0314,reussite,1
2026-08-13,g004,b0283,reussite,1
2026-08-13,g004,b0269,echec,8
2026-08-13,g004,b0325,reussite,5
2026-08-13,g004,b0347,echec,8
2026-08-13,g004,b0257,echec,17
2026-08-13,g004,b0253,reussite,1
2026-08-13,g004,b0296,echec,9
2026-08-13,g004,b0307,echec,17
2026-08-13,g013,b0268,echec,15
2026-08-13,g013,b0279,echec,10
2026-08-13,g013,b0293,reussite,1
2026-08-13,g013,b0345,reussite,2
2026-08-13,g013,b0278,echec,15
2026-08-13,g013,b0273,reussite,1
2026-08-13,g013,b0267,echec,13
2026-08-13,g013,b0338,echec,7
2026-08-13,g014,b0312,reussite,1
2026-08-13,g014,b0333,reussite,1
2026-08-13,g014,b0317,echec,9
2026-08-13,g014,b0336,echec,18
2026-08-13,g014,b0251,reussite,1
2026-08-13,g014,b0306,echec,16
2026-08-13,g014,b0287,echec,8
2026-08-13,g014,b0276,echec,13
2026-08-13,g014,b0254,reussite,1
2026-08-13,g014,b0318,echec,13
2026-08-13,g021,b0283,reussite,1
2026-08-13,g021,b0263,reussite,1
2026-08-13,g021,b0253,echec,5
2026-08-13,g021,b0323,reussite,1
2026-08-13,g021,b0261,reussite,1
2026-08-13,g021,b0314,echec,15
2026-08-13,g021,b0254,reussite,1
2026-08-13,g021,b0312,reussite,1
2026-08-13,g021,b0325,echec,11
2026-08-13,g021,b0251,reussite,1
2026-08-13,g021,b0333,reussite,1
2026-08-13,g022,b0275,echec,10
2026-08-13,g022,b0285,echec,17
2026-08-13,g022,b0261,reussite,1
2026-08-13,g022,b0265,echec,12
2026-08-13,g022,b0286,echec,14
2026-08-13,g022,b0302,reussite,1
2026-08-13,g022,b0295,echec,8
2026-08-13,g022,b0347,echec,18
2026-08-13,g022,b0346,echec,16
2026-08-13,g024,b0344,reussite,1
2026-08-13,g024,b0255,echec,17
2026-08-13,g024,b0333,reussite,1
2026-08-13,g024,b0322,echec,9
2026-08-13,g024,b0272,echec,2
2026-08-13,g024,b0271,reussite,1
2026-08-13,g024,b0324,echec,8
2026-08-13,g024,b0294,echec,15
2026-08-13,g024,b0274,echec,11
2026-08-13,g024,b0256,echec,13
2026-08-13,g024,b0294,echec,12
2026-08-13,g024,b0303,echec,9
2026-08-13,g024,b0343,echec,13
2026-08-13,g024,b0321,reussite,1
2026-08-13,g024,b0335,echec,8
2026-08-13,g024,b0305,echec,10
2026-08-13,g024,b0304,echec,8
2026-08-13,g024,b0314,echec,6
2026-08-13,g026,b0343,reussite,1
2026-08-13,g026,b0307,echec,11
2026-08-13,g026,b0296,echec,14
2026-08-13,g026,b0306,reussite,13
2026-08-13,g026,b0276,echec,8
2026-08-13,g026,b0325,reussite,6
2026-08-13,g026,b0279,echec,15
2026-08-13,g026,b0308,echec,12
2026-08-13,g030,b0302,reussite,1
2026-08-13,g030,b0311,reussite,1
2026-08-13,g030,b0305,echec,7
2026-08-13,g030,b0308,echec,12
2026-08-13,g030,b0350,reussite,1
2026-08-13,g030,b0325,echec,16
2026-08-13,g030,b0265,echec,13
2026-08-13,g030,b0307,echec,15
2026-08-13,g030,b0315,echec,8
2026-08-13,g031,b0262,reussite,1
2026-08-13,g031,b0273,reussite,2
2026-08-13,g031,b0265,echec,9
2026-08-13,g031,b0345,reussite,13
2026-08-13,g031,b0325,echec,8
2026-08-13,g031,b0275,echec,13
2026-08-13,g031,b0293,reussite,7
2026-08-13,g031,b0281,reussite,1
2026-08-13,g031,b0313,reussite,3
2026-08-13,g031,b0303,echec,5
2026-08-13,g031,b0252,reussite,1
2026-08-13,g037,b0343,reussite,1
2026-08-13,g037,b0306,echec,10
2026-08-13,g037,b0307,echec,17
2026-08-13,g037,b0265,echec,7
2026-08-13,g037,b0275,echec,4
2026-08-13,g037,b0326,echec,16
2026-08-13,g037,b0297,reussite,2
2026-08-13,g037,b0296,echec,14
2026-08-13,g037,b0325,echec,4
2026-08-13,g037,b0305,reussite,2
2026-08-13,g048,b0283,reussite,1
2026-08-13,g048,b0302,reussite,1
2026-08-13,g048,b0311,reussite,1
2026-08-13,g048,b0286,echec,16
2026-08-13,g048,b0350,reussite,1
2026-08-13,g048,b0306,echec,7
2026-08-13,g048,b0308,echec,16
2026-08-13,g048,b0326,echec,11
2026-08-13,g050,b0284,reussite,12
2026-08-13,g050,b0322,echec,4
2026-08-13,g050,b0264,echec,8
2026-08-13,g050,b0302,reussite,1
2026-08-13,g050,b0304,echec,12
2026-08-13,g050,b0332,reussite,1
2026-08-13,g050,b0261,reussite,1
2026-08-13,g050,b0316,echec,7
2026-08-13,g050,b0303,reussite,8
2026-08-13,g050,b0326,echec,8
2026-08-13,g050,b0305,reussite,6
2026-08-13,g050,b0281,reussite,1
2026-08-13,g050,b0256,echec,11
2026-08-13,g050,b0325,echec,12
2026-08-13,g050,b0285,echec,9
2026-08-13,g050,b0336,echec,16
2026-08-13,g055,b0345,reussite,1
2026-08-13,g055,b0306,echec,12
2026-08-13,g055,b0302,reussite,1
2026-08-13,g055,b0347,echec,18
2026-08-13,g055,b0323,reussite,1
2026-08-13,g055,b0333,reussite,1
2026-08-13,g055,b0321,reussite,1
2026-08-13,g055,b0267,echec,9
2026-08-14,g001,b0341,reussite,1
2026-08-14,g001,b0254,reussite,1
2026-08-14,g001,b0272,reussite,1
2026-08-14,g001,b0251,reussite,1
2026-08-14,g001,b0323,reussite,1
2026-08-14,g001,b0306,echec,10
2026-08-14,g001,b0252,reussite,1
2026-08-14,g001,b0282,reussite,1
2026-08-14,g003,b0328,echec,16
2026-08-14,g003,b0320,reussite,1
2026-08-14,g003,b0298,echec,18
2026-08-14,g014,b0314,reussite,1
2026-08-14,g014,b0322,reussite,1
2026-08-14,g014,b0303,reussite,3
2026-08-14,g014,b0341,reussite,1
2026-08-14,g014,b0295,reussite,8
2026-08-14,g014,b0316,reussite,10
2026-08-14,g014,b0286,echec,13
2026-08-14,g014,b0296,echec,7
2026-08-14,g014,b0326,echec,13
2026-08-14,g014,b0263,reussite,1
2026-08-14,g014,b0347,echec,8
2026-08-14,g014,b0261,reussite,1
2026-08-14,g025,b0305,reussite,1
2026-08-14,g025,b0336,reussite,1
2026-08-14,g025,b0328,echec,9
2026-08-14,g025,b0326,reussite,6
2026-08-14,g025,b0346,echec,12
2026-08-14,g025,b0324,reussite,1
2026-08-14,g025,b0258,echec,11
2026-08-14,g025,b0306,echec,11
2026-08-14,g025,b0347,echec,15
2026-08-14,g025,b0298,echec,11
2026-08-14,g025,b0349,echec,14
2026-08-14,g025,b0287,reussite,9
2026-08-14,g035,b0302,reussite,1
2026-08-14,g035,b0253,echec,6
2026-08-14,g035,b0256,echec,11
2026-08-14,g035,b0322,reussite,12
2026-08-14,g035,b0273,echec,6
2026-08-14,g035,b0283,echec,11
2026-08-14,g035,b0293,echec,10
2026-08-14,g035,b0314,echec,13
2026-08-14,g043,b0271,reussite,1
2026-08-14,g043,b0253,reussite,1
2026-08-14,g043,b0315,echec,15
2026-08-14,g043,b0334,reussite,5
2026-08-14,g043,b0262,reussite,5
2026-08-14,g043,b0304,echec,10
2026-08-14,g043,b0344,echec,5
2026-08-14,g043,b0324,echec,7
2026-08-14,g044,b0262,reussite,5
2026-08-14,g044,b0251,reussite,1
2026-08-14,g044,b0350,reussite,1
2026-08-14,g044,b0326,echec,14
2026-08-14,g044,b0342,reussite,1
2026-08-14,g044,b0266,echec,7
2026-08-14,g044,b0332,reussite,1
2026-08-14,g044,b0327,echec,8
2026-08-14,g044,b0325,echec,16
2026-08-14,g044,b0257,echec,11
2026-08-14,g045,b0313,reussite,1
2026-08-14,g045,b0307,echec,7
2026-08-14,g045,b0336,echec,13
2026-08-14,g045,b0285,echec,7
2026-08-14,g045,b0322,reussite,1
2026-08-14,g045,b0286,echec,7
2026-08-14,g045,b0347,echec,17
2026-08-14,g045,b0317,echec,17
2026-08-14,g046,b0305,echec,6
2026-08-14,g046,b0315,echec,12
2026-08-14,g046,b0302,reussite,2
2026-08-14,g046,b0343,echec,14
2026-08-14,g046,b0265,echec,15
2026-08-14,g046,b0335,echec,18
2026-08-15,g012,b0314,reussite,1
2026-08-15,g012,b0295,echec,4
2026-08-15,g012,b0326,echec,16
2026-08-15,g012,b0313,reussite,1
2026-08-15,g012,b0316,reussite,6
2026-08-15,g012,b0334,reussite,1
2026-08-15,g012,b0306,echec,13
2026-08-15,g012,b0345,reussite,1
2026-08-15,g012,b0253,reussite,1
2026-08-15,g012,b0341,reussite,1
2026-08-15,g012,b0306,echec,9
2026-08-15,g012,b0347,echec,17
2026-08-15,g012,b0307,echec,11
2026-08-15,g012,b0328,echec,8
2026-08-15,g012,b0326,echec,6
2026-08-15,g012,b0327,echec,11
2026-08-15,g012,b0317,echec,11
2026-08-15,g021,b0350,reussite,1
2026-08-15,g021,b0285,echec,12
2026-08-15,g021,b0284,echec,16
2026-08-15,g021,b0335,echec,14
2026-08-15,g021,b0292,reussite,1
2026-08-15,g021,b0260,reussite,1
2026-08-15,g021,b0315,echec,6
2026-08-15,g021,b0265,echec,11
2026-08-15,g031,b0264,reussite,1
2026-08-15,g031,b0334,echec,3
2026-08-15,g031,b0344,reussite,3
2026-08-15,g031,b0283,reussite,4
2026-08-15,g031,b0308,echec,17
2026-08-15,g031,b0324,reussite,6
2026-08-15,g031,b0296,echec,10
2026-08-15,g031,b0262,reussite,7
2026-08-15,g031,b0304,echec,8
2026-08-15,g031,b0315,echec,15
2026-08-15,g031,b0326,echec,14
2026-08-15,g043,b0333,reussite,1
2026-08-15,g043,b0283,echec,4
2026-08-15,g043,b0253,reussite,5
2026-08-15,g043,b0334,echec,6
2026-08-15,g043,b0344,echec,9
2026-08-15,g043,b0304,echec,16
2026-08-15,g043,b0313,reussite,5
2026-08-15,g043,b0325,echec,13
2026-08-15,g043,b0256,echec,11
2026-08-15,g043,b0262,echec,7
2026-08-15,g046,b0313,reussite,1
2026-08-15,g046,b0339,echec,16
2026-08-15,g046,b0308,echec,16
2026-08-15,g046,b0327,echec,8
2026-08-15,g046,b0348,echec,14
2026-08-15,g046,b0257,echec,18
2026-08-15,g046,b0318,echec,17
2026-08-15,g046,b0317,echec,15
2026-08-15,g046,b0276,echec,12
2026-08-15,g046,b0280,echec,14
2026-08-15,g046,b0266,echec,13
2026-08-15,g048,b0294,echec,12
2026-08-15,g048,b0305,echec,9
2026-08-15,g048,b0303,echec,6
2026-08-15,g048,b0252,reussite,2
2026-08-15,g048,b0273,echec,4
2026-08-15,g048,b0343,reussite,10
2026-08-15,g048,b0313,reussite,6
2026-08-16,g010,b0265,reussite,1
2026-08-16,g010,b0265,reussite,1
2026-08-16,g010,b0315,echec,6
2026-08-16,g010,b0314,reussite,3
2026-08-16,g010,b0317,echec,6
2026-08-16,g010,b0325,echec,7
2026-08-16,g010,b0336,echec,9
2026-08-16,g010,b0275,echec,6
2026-08-16,g010,b0307,echec,16
2026-08-16,g010,b0295,reussite,5
2026-08-16,g010,b0296,echec,10
2026-08-16,g010,b0303,reussite,2
2026-08-16,g011,b0264,reussite,1
2026-08-16,g011,b0313,reussite,1
2026-08-16,g011,b0303,reussite,10
2026-08-16,g011,b0305,echec,5
2026-08-16,g011,b0274,echec,12
2026-08-16,g011,b0325,echec,16
2026-08-16,g011,b0265,echec,17
2026-08-16,g012,b0335,reussite,1
2026-08-16,g012,b0256,echec,8
2026-08-16,g012,b0295,echec,16
2026-08-16,g012,b0317,echec,10
2026-08-16,g012,b0315,echec,11
2026-08-16,g012,b0300,echec,10
2026-08-16,g012,b0294,echec,8
2026-08-16,g012,b0303,reussite,4
2026-08-16,g012,b0287,echec,6
2026-08-16,g012,b0306,echec,16
2026-08-16,g012,b0346,echec,12
2026-08-16,g012,b0307,echec,8
2026-08-16,g012,b0317,echec,15
2026-08-16,g012,b0312,reussite,1
2026-08-16,g012,b0330,reussite,1
2026-08-16,g012,b0266,echec,10
2026-08-16,g019,b0252,reussite,1
2026-08-16,g019,b0334,echec,2
2026-08-16,g019,b0322,echec,5
2026-08-16,g019,b0293,echec,17
2026-08-16,g019,b0302,reussite,2
2026-08-16,g019,b0304,echec,11
2026-08-16,g019,b0303,echec,7
2026-08-16,g019,b0265,echec,17
2026-08-16,g019,b0343,echec,14
2026-08-16,g023,b0345,reussite,1
2026-08-16,g023,b0324,reussite,1
2026-08-16,g023,b0334,reussite,2
2026-08-16,g023,b0283,reussite,4
2026-08-16,g023,b0315,echec,7
2026-08-16,g023,b0314,reussite,7
2026-08-16,g023,b0256,echec,7
2026-08-16,g023,b0335,echec,7
2026-08-16,g023,b0284,echec,7
2026-08-16,g023,b0304,echec,10
2026-08-16,g029,b0255,reussite,1
2026-08-16,g029,b0295,echec,17
2026-08-16,g029,b0275,echec,9
2026-08-16,g029,b0283,echec,2
2026-08-16,g029,b0324,echec,7
2026-08-16,g029,b0284,reussite,13
2026-08-16,g029,b0343,echec,14
2026-08-16,g030,b0251,reussite,1
2026-08-16,g030,b0335,echec,9
2026-08-16,g030,b0255,echec,17
2026-08-16,g030,b0306,echec,14
2026-08-16,g030,b0322,echec,6
2026-08-16,g030,b0334,echec,8
2026-08-16,g037,b0326,reussite,15
2026-08-16,g037,b0346,reussite,8
2026-08-16,g037,b0336,echec,8
2026-08-16,g037,b0317,echec,10
2026-08-16,g037,b0347,echec,11
2026-08-16,g037,b0257,echec,12
2026-08-16,g037,b0266,echec,11
2026-08-16,g037,b0286,echec,6
2026-08-16,g037,b0307,echec,11
2026-08-16,g048,b0316,echec,18
2026-08-16,g048,b0284,echec,13
2026-08-16,g048,b0302,reussite,1
2026-08-16,g048,b0265,echec,9
2026-08-16,g048,b0261,reussite,1
2026-08-16,g048,b0321,reussite,1
2026-08-16,g048,b0296,echec,13
2026-08-17,g001,b0294,echec,7
2026-08-17,g001,b0262,reussite,5
2026-08-17,g001,b0325,echec,15
2026-08-17,g001,b0256,echec,11
2026-08-17,g001,b0306,echec,14
2026-08-17,g001,b0263,reussite,1
2026-08-17,g001,b0314,echec,12
2026-08-17,g001,b0322,echec,1
2026-08-17,g001,b0255,reussite,9
2026-08-17,g003,b0322,reussite,1
2026-08-17,g003,b0303,echec,8
2026-08-17,g003,b0287,echec,9
2026-08-17,g003,b0285,echec,11
2026-08-17,g003,b0302,reussite,1
2026-08-17,g003,b0341,reussite,1
2026-08-17,g003,b0312,reussite,1
2026-08-17,g003,b0325,echec,13
2026-08-17,g003,b0275,echec,8
2026-08-17,g004,b0255,reussite,1
2026-08-17,g004,b0293,echec,5
2026-08-17,g004,b0295,echec,16
2026-08-17,g004,b0276,echec,16
2026-08-17,g004,b0286,echec,12
2026-08-17,g004,b0264,reussite,1
2026-08-17,g004,b0325,echec,14
2026-08-17,g004,b0316,echec,8
2026-08-17,g004,b0307,echec,12
2026-08-17,g004,b0315,reussite,7
2026-08-17,g004,b0343,reussite,3
2026-08-17,g004,b0294,reussite,1
2026-08-17,g004,b0262,reussite,1
2026-08-17,g004,b0335,echec,7
2026-08-17,g004,b0306,echec,9
2026-08-17,g004,b0325,echec,12
2026-08-17,g004,b0307,echec,9
2026-08-17,g004,b0308,echec,10
2026-08-17,g004,b0303,reussite,2
2026-08-17,g004,b0285,echec,14
2026-08-17,g013,b0276,reussite,1
2026-08-17,g013,b0308,reussite,1
2026-08-17,g013,b0286,echec,12
2026-08-17,g013,b0266,reussite,10
2026-08-17,g013,b0257,echec,15
2026-08-17,g013,b0262,reussite,1
2026-08-17,g013,b0349,echec,16
2026-08-17,g013,b0324,reussite,1
2026-08-17,g013,b0269,echec,18
2026-08-17,g013,b0283,reussite,1
2026-08-17,g013,b0303,reussite,1
2026-08-17,g013,b0338,echec,11
2026-08-17,g013,b0264,reussite,1
2026-08-17,g019,b0313,echec,9
2026-08-17,g019,b0306,echec,15
2026-08-17,g019,b0304,echec,15
2026-08-17,g019,b0263,reussite,2
2026-08-17,g019,b0314,echec,14
2026-08-17,g019,b0297,echec,9
2026-08-17,g019,b0315,echec,16
2026-08-17,g019,b0262,echec,6
2026-08-17,g019,b0335,echec,12
2026-08-17,g019,b0252,reussite,1
2026-08-17,g019,b0345,echec,16
2026-08-17,g019,b0344,echec,9
2026-08-17,g019,b0334,echec,4
2026-08-17,g019,b0316,echec,10
2026-08-17,g019,b0341,reussite,2
2026-08-17,g019,b0324,echec,12
2026-08-17,g019,b0312,reussite,2
2026-08-17,g019,b0313,reussite,8
2026-08-17,g021,b0272,reussite,1
2026-08-17,g021,b0273,echec,5
2026-08-17,g021,b0255,echec,17
2026-08-17,g021,b0303,echec,17
2026-08-17,g021,b0297,echec,16
2026-08-17,g023,b0334,reussite,1
2026-08-17,g023,b0293,echec,5
2026-08-17,g023,b0312,reussite,1
2026-08-17,g023,b0306,echec,16
2026-08-17,g023,b0296,echec,13
2026-08-17,g023,b0302,reussite,1
2026-08-17,g023,b0341,reussite,1
2026-08-17,g023,b0323,reussite,1
2026-08-17,g027,b0334,echec,8
2026-08-17,g027,b0283,reussite,5
2026-08-17,g027,b0264,echec,8
2026-08-17,g027,b0345,echec,14
2026-08-17,g027,b0262,echec,11
2026-08-17,g027,b0325,echec,9
2026-08-17,g027,b0324,echec,15
2026-08-17,g027,b0274,echec,17
2026-08-17,g027,b0293,echec,12
2026-08-17,g027,b0343,echec,11
2026-08-17,g027,b0303,echec,14
2026-08-17,g027,b0294,echec,15
2026-08-17,g028,b0350,reussite,1
2026-08-17,g028,b0304,echec,12
2026-08-17,g028,b0347,echec,7
2026-08-17,g028,b0296,echec,16
2026-08-17,g028,b0289,reussite,1
2026-08-17,g028,b0342,reussite,1
2026-08-17,g028,b0343,echec,7
2026-08-17,g028,b0307,echec,9
2026-08-17,g033,b0285,reussite,1
2026-08-17,g033,b0265,reussite,1
2026-08-17,g033,b0346,echec,9
2026-08-17,g033,b0317,echec,6
2026-08-17,g033,b0266,echec,18
2026-08-17,g033,b0348,echec,11
2026-08-17,g033,b0328,echec,15
2026-08-17,g033,b0318,echec,15
2026-08-17,g033,b0265,reussite,1
2026-08-17,g033,b0265,reussite,1
2026-08-17,g033,b0297,reussite,1
2026-08-17,g033,b0266,echec,12
2026-08-17,g033,b0346,echec,6
2026-08-17,g033,b0336,echec,10
2026-08-17,g033,b0286,echec,8
2026-08-17,g033,b0317,echec,12
2026-08-17,g033,b0328,echec,7
2026-08-17,g033,b0276,echec,14
2026-08-17,g033,b0318,echec,8
2026-08-17,g040,b0253,reussite,1
2026-08-17,g040,b0253,reussite,1
2026-08-17,g040,b0294,echec,17
2026-08-17,g040,b0305,reussite,7
2026-08-17,g040,b0275,echec,6
2026-08-17,g040,b0322,reussite,3
2026-08-17,g040,b0303,echec,13
2026-08-17,g040,b0343,reussite,13
2026-08-17,g040,b0295,echec,10
2026-08-17,g040,b0306,echec,16
2026-08-17,g040,b0335,echec,11
2026-08-17,g040,b0316,echec,9
2026-08-17,g047,b0326,echec,16
2026-08-17,g047,b0325,echec,15
2026-08-17,g047,b0315,echec,12
2026-08-17,g047,b0304,echec,10
2026-08-17,g047,b0265,reussite,11
2026-08-17,g047,b0305,reussite,5
2026-08-17,g047,b0318,echec,12
2026-08-17,g047,b0264,reussite,3
2026-08-17,g047,b0257,echec,15
2026-08-17,g047,b0324,reussite,2
2026-08-17,g051,b0335,reussite,11
2026-08-17,g051,b0287,echec,14
2026-08-17,g051,b0322,reussite,1
2026-08-17,g051,b0276,echec,7
2026-08-17,g051,b0296,echec,9
2026-08-17,g051,b0325,reussite,8
2026-08-17,g051,b0344,reussite,2
2026-08-18,g001,b0273,reussite,1
2026-08-18,g001,b0303,reussite,5
2026-08-18,g001,b0284,reussite,10
2026-08-18,g001,b0315,echec,11
2026-08-18,g001,b0325,echec,13
2026-08-18,g001,b0335,echec,8
2026-08-18,g001,b0265,echec,18
2026-08-18,g001,b0334,reussite,3
2026-08-18,g001,b0261,reussite,1
2026-08-18,g001,b0302,reussite,1
2026-08-18,g001,b0263,echec,1
2026-08-18,g001,b0332,reussite,1
2026-08-18,g001,b0330,reussite,1
2026-08-18,g001,b0289,reussite,1
2026-08-18,g001,b0336,echec,12
2026-08-18,g001,b0340,reussite,1
2026-08-18,g001,b0347,echec,10
2026-08-18,g009,b0316,reussite,7
2026-08-18,g009,b0344,reussite,1
2026-08-18,g009,b0262,reussite,1
2026-08-18,g009,b0326,echec,10
2026-08-18,g009,b0263,reussite,1
2026-08-18,g009,b0345,reussite,1
2026-08-18,g009,b0315,echec,8
2026-08-18,g009,b0276,echec,12
2026-08-18,g009,b0296,reussite,7
2026-08-18,g012,b0294,echec,11
2026-08-18,g012,b0304,echec,3
2026-08-18,g012,b0256,echec,6
2026-08-18,g012,b0285,echec,16
2026-08-18,g012,b0264,reussite,3
2026-08-18,g012,b0325,echec,10
2026-08-18,g020,b0335,reussite,1
2026-08-18,g020,b0295,echec,9
2026-08-18,g020,b0303,reussite,2
2026-08-18,g020,b0315,reussite,4
2026-08-18,g020,b0314,reussite,5
2026-08-18,g020,b0325,echec,12
2026-08-18,g020,b0285,echec,15
2026-08-18,g020,b0294,reussite,7
2026-08-18,g020,b0286,echec,7
2026-08-18,g020,b0265,echec,9
2026-08-18,g020,b0337,echec,6
2026-08-18,g021,b0254,reussite,1
2026-08-18,g021,b0321,reussite,1
2026-08-18,g021,b0282,reussite,1
2026-08-18,g021,b0324,echec,16
2026-08-18,g021,b0343,echec,10
2026-08-18,g021,b0291,reussite,1
2026-08-18,g021,b0305,echec,9
2026-08-18,g021,b0342,reussite,1
2026-08-18,g031,b0253,reussite,1
2026-08-18,g031,b0322,reussite,1
2026-08-18,g031,b0263,reussite,1
2026-08-18,g031,b0255,echec,12
2026-08-18,g031,b0302,reussite,1
2026-08-18,g031,b0287,echec,15
2026-08-18,g031,b0274,echec,12
2026-08-18,g031,b0343,echec,9
2026-08-18,g031,b0316,echec,16
2026-08-18,g031,b0306,echec,11
2026-08-18,g031,b0312,reussite,1
2026-08-18,g037,b0343,reussite,1
2026-08-18,g037,b0295,reussite,5
2026-08-18,g037,b0336,echec,12
2026-08-18,g037,b0285,echec,17
2026-08-18,g037,b0306,echec,6
2026-08-18,g037,b0256,reussite,3
2026-08-18,g037,b0316,echec,5
2026-08-18,g037,b0308,echec,8
2026-08-18,g037,b0328,echec,12
2026-08-18,g038,b0322,reussite,1
2026-08-18,g038,b0334,reussite,1
2026-08-18,g038,b0332,reussite,1
2026-08-18,g038,b0251,reussite,3
2026-08-18,g038,b0262,echec,12
2026-08-18,g038,b0345,echec,10
2026-08-18,g038,b0272,reussite,5
2026-08-18,g038,b0342,reussite,2
2026-08-18,g038,b0273,reussite,10
2026-08-18,g042,b0275,echec,6
2026-08-18,g042,b0346,echec,10
2026-08-18,g042,b0307,reussite,14
2026-08-18,g042,b0324,reussite,1
2026-08-18,g042,b0295,reussite,10
2026-08-18,g042,b0284,reussite,1
2026-08-18,g042,b0343,reussite,2
2026-08-18,g042,b0326,echec,15
2026-08-18,g050,b0251,reussite,1
2026-08-18,g050,b0253,reussite,1
2026-08-18,g050,b0335,echec,9
2026-08-18,g050,b0323,reussite,1
2026-08-18,g050,b0305,echec,12
2026-08-18,g050,b0256,echec,7
2026-08-18,g050,b0265,echec,6
2026-08-18,g050,b0275,echec,16
2026-08-19,g001,b0319,reussite,1
2026-08-19,g001,b0333,reussite,1
2026-08-19,g001,b0385,echec,16
2026-08-19,g001,b0356,echec,6
2026-08-19,g001,b0396,echec,7
2026-08-19,g001,b0367,echec,10
2026-08-19,g001,b0393,reussite,1
2026-08-19,g001,b0357,echec,16
2026-08-19,g003,b0334,reussite,1
2026-08-19,g003,b0353,reussite,7
2026-08-19,g003,b0385,echec,14
2026-08-19,g003,b0386,echec,12
2026-08-19,g003,b0356,echec,14
2026-08-19,g003,b0373,reussite,2
2026-08-19,g003,b0374,reussite,1
2026-08-19,g003,b0335,echec,7
2026-08-19,g003,b0345,reussite,4
2026-08-19,g003,b0354,reussite,1
2026-08-19,g009,b0355,echec,9
2026-08-19,g009,b0258,echec,12
2026-08-19,g009,b0325,echec,13
2026-08-19,g009,b0276,echec,14
2026-08-19,g009,b0324,reussite,1
2026-08-19,g009,b0294,echec,4
2026-08-19,g009,b0353,reussite,1
2026-08-19,g009,b0314,reussite,4
2026-08-19,g012,b0314,reussite,1
2026-08-19,g012,b0255,reussite,1
2026-08-19,g012,b0355,echec,10
2026-08-19,g012,b0396,reussite,16
2026-08-19,g012,b0293,reussite,3
2026-08-19,g012,b0335,reussite,5
2026-08-19,g012,b0294,echec,9
2026-08-19,g012,b0353,reussite,1
2026-08-19,g012,b0325,reussite,10
2026-08-19,g012,b0395,reussite,7
2026-08-19,g012,b0276,echec,17
2026-08-19,g012,b0304,reussite,1
2026-08-19,g014,b0285,echec,10
2026-08-19,g014,b0312,reussite,1
2026-08-19,g014,b0324,echec,5
2026-08-19,g014,b0379,echec,14
2026-08-19,g014,b0325,echec,16
2026-08-19,g014,b0395,echec,8
2026-08-19,g014,b0284,reussite,7
2026-08-19,g020,b0304,reussite,1
2026-08-19,g020,b0335,reussite,8
2026-08-19,g020,b0316,reussite,8
2026-08-19,g020,b0328,echec,11
2026-08-19,g020,b0388,echec,16
2026-08-19,g020,b0275,reussite,7
2026-08-19,g020,b0357,echec,11
2026-08-19,g020,b0386,echec,8
2026-08-19,g023,b0262,reussite,1
2026-08-19,g023,b0322,reussite,1
2026-08-19,g023,b0324,reussite,11
2026-08-19,g023,b0345,echec,8
2026-08-19,g027,b0391,reussite,1
2026-08-19,g027,b0305,echec,11
2026-08-19,g027,b0294,echec,9
2026-08-19,g027,b0362,reussite,13
2026-08-19,g027,b0364,reussite,6
2026-08-19,g027,b0386,echec,16
2026-08-19,g027,b0274,echec,14
2026-08-19,g027,b0394,echec,9
2026-08-19,g027,b0293,echec,14
2026-08-19,g031,b0364,reussite,2
2026-08-19,g031,b0374,echec,2
2026-08-19,g031,b0383,reussite,1
2026-08-19,g031,b0346,echec,15
2026-08-19,g031,b0357,echec,9
2026-08-19,g031,b0347,echec,17
2026-08-19,g031,b0307,echec,7
2026-08-19,g031,b0286,echec,9
2026-08-19,g031,b0276,echec,15
2026-08-19,g034,b0392,echec,1
2026-08-19,g034,b0398,echec,8
2026-08-19,g034,b0355,reussite,12
2026-08-19,g034,b0274,echec,4
2026-08-19,g034,b0293,echec,6
2026-08-19,g034,b0294,echec,14
2026-08-19,g034,b0295,echec,12
2026-08-19,g034,b0364,echec,1
2026-08-19,g035,b0302,reussite,1
2026-08-19,g035,b0263,reussite,1
2026-08-19,g035,b0383,reussite,9
2026-08-19,g035,b0291,reussite,2
2026-08-19,g035,b0272,echec,2
2026-08-19,g035,b0375,echec,9
2026-08-19,g035,b0323,reussite,3
2026-08-19,g035,b0351,reussite,1
2026-08-19,g035,b0252,reussite,4
2026-08-19,g035,b0393,reussite,13
2026-08-19,g047,b0343,reussite,1
2026-08-19,g047,b0396,echec,9
2026-08-19,g047,b0393,reussite,1
2026-08-19,g047,b0394,reussite,5
2026-08-19,g047,b0395,echec,6
2026-08-19,g047,b0377,echec,8
2026-08-19,g047,b0355,echec,10
2026-08-19,g047,b0336,reussite,16
2026-08-19,g047,b0384,reussite,4
2026-08-19,g047,b0392,reussite,2
2026-08-19,g047,b0308,echec,16
2026-08-19,g051,b0274,reussite,1
2026-08-19,g051,b0304,reussite,1
2026-08-19,g051,b0297,echec,5
2026-08-19,g051,b0293,reussite,4
2026-08-19,g051,b0392,reussite,1
2026-08-19,g051,b0355,reussite,5
2026-08-19,g051,b0313,reussite,1
2026-08-19,g051,b0294,echec,10
2026-08-19,g051,b0305,reussite,4
2026-08-19,g051,b0295,echec,12
2026-08-19,g051,b0314,echec,6
2026-08-19,g053,b0354,echec,3
2026-08-19,g053,b0323,reussite,1
2026-08-19,g053,b0324,echec,15
2026-08-19,g053,b0314,echec,9
2026-08-19,g053,b0384,echec,15
2026-08-19,g053,b0393,echec,2
2026-08-20,g002,b0364,reussite,1
2026-08-20,g002,b0364,reussite,1
2026-08-20,g002,b0314,echec,9
2026-08-20,g002,b0345,reussite,5
2026-08-20,g002,b0255,echec,7
2026-08-20,g002,b0304,reussite,7
2026-08-20,g002,b0395,echec,10
2026-08-20,g002,b0293,echec,13
2026-08-20,g002,b0256,echec,13
2026-08-20,g002,b0305,reussite,5
2026-08-20,g002,b0324,reussite,5
2026-08-20,g002,b0355,echec,14
2026-08-20,g003,b0384,echec,6
2026-08-20,g003,b0284,echec,8
2026-08-20,g003,b0394,echec,12
2026-08-20,g003,b0362,reussite,2
2026-08-20,g003,b0294,echec,7
2026-08-20,g003,b0274,reussite,5
2026-08-20,g003,b0255,echec,7
2026-08-20,g003,b0355,echec,15
2026-08-20,g008,b0344,reussite,1
2026-08-20,g008,b0293,reussite,2
2026-08-20,g008,b0306,echec,15
2026-08-20,g008,b0326,echec,14
2026-08-20,g008,b0286,echec,17
2026-08-20,g008,b0298,echec,9
2026-08-20,g008,b0399,echec,16
2026-08-20,g008,b0394,reussite,2
2026-08-20,g008,b0262,reussite,1
2026-08-20,g008,b0343,reussite,1
2026-08-20,g008,b0384,reussite,1
2026-08-20,g008,b0377,echec,13
2026-08-20,g008,b0259,echec,15
2026-08-20,g008,b0392,reussite,1
2026-08-20,g008,b0399,echec,18
2026-08-20,g008,b0309,echec,11
2026-08-20,g008,b0349,echec,7
2026-08-20,g008,b0338,echec,8
2026-08-20,g012,b0273,reussite,1
2026-08-20,g012,b0384,reussite,2
2026-08-20,g012,b0356,echec,10
2026-08-20,g012,b0357,echec,15
2026-08-20,g012,b0373,reussite,1
2026-08-20,g012,b0385,echec,8
2026-08-20,g012,b0354,reussite,1
2026-08-20,g012,b0346,echec,13
2026-08-20,g012,b0308,echec,15
2026-08-20,g014,b0253,reussite,1
2026-08-20,g014,b0294,reussite,1
2026-08-20,g014,b0356,echec,5
2026-08-20,g014,b0396,echec,15
2026-08-20,g014,b0354,reussite,1
2026-08-20,g014,b0378,echec,9
2026-08-20,g014,b0366,echec,11
2026-08-20,g014,b0386,echec,9
2026-08-20,g015,b0396,reussite,4
2026-08-20,g015,b0377,echec,9
2026-08-20,g015,b0366,echec,12
2026-08-20,g015,b0296,echec,14
2026-08-20,g015,b0386,echec,12
2026-08-20,g015,b0335,reussite,6
2026-08-20,g017,b0315,reussite,1
2026-08-20,g017,b0251,reussite,1
2026-08-20,g017,b0394,echec,13
2026-08-20,g017,b0355,echec,17
2026-08-20,g017,b0362,reussite,3
2026-08-20,g017,b0395,echec,16
2026-08-20,g017,b0374,echec,4
2026-08-20,g017,b0384,reussite,14
2026-08-20,g017,b0364,echec,4
2026-08-20,g017,b0356,echec,8
2026-08-20,g017,b0365,reussite,3
2026-08-20,g017,b0362,reussite,1
2026-08-20,g017,b0382,reussite,1
2026-08-20,g017,b0380,reussite,1
2026-08-20,g017,b0371,reussite,1
2026-08-20,g017,b0367,echec,7
2026-08-20,g017,b0360,reussite,1
2026-08-20,g017,b0377,echec,15
2026-08-20,g017,b0361,reussite,1
2026-08-20,g017,b0388,echec,14
2026-08-20,g017,b0351,reussite,1
2026-08-20,g017,b0378,echec,12
2026-08-20,g024,b0312,reussite,2
2026-08-20,g024,b0335,echec,11
2026-08-20,g024,b0304,echec,17
2026-08-20,g024,b0385,echec,9
2026-08-20,g024,b0325,echec,9
2026-08-20,g024,b0362,reussite,3
2026-08-20,g024,b0355,echec,6
2026-08-20,g024,b0303,echec,14
2026-08-20,g026,b0275,echec,3
2026-08-20,g026,b0296,echec,12
2026-08-20,g026,b0307,echec,13
2026-08-20,g026,b0396,echec,7
2026-08-20,g026,b0276,echec,14
2026-08-20,g026,b0388,echec,6
2026-08-20,g026,b0257,echec,6
2026-08-20,g026,b0356,reussite,7
2026-08-20,g035,b0323,reussite,1
2026-08-20,g035,b0342,reussite,1
2026-08-20,g035,b0374,reussite,6
2026-08-20,g035,b0381,reussite,2
2026-08-20,g035,b0305,echec,11
2026-08-20,g035,b0392,echec,11
2026-08-20,g035,b0343,echec,16
2026-08-20,g035,b0373,echec,11
2026-08-20,g035,b0396,echec,11
2026-08-20,g046,b0394,echec,6
2026-08-20,g046,b0316,reussite,6
2026-08-20,g046,b0392,echec,7
2026-08-20,g046,b0325,echec,8
2026-08-20,g046,b0353,reussite,12
2026-08-20,g046,b0295,echec,15
2026-08-21,g001,b0384,reussite,1
2026-08-21,g001,b0324,reussite,12
2026-08-21,g001,b0345,echec,5
2026-08-21,g001,b0262,echec,9
2026-08-21,g001,b0264,reussite,10
2026-08-21,g001,b0314,echec,14
2026-08-21,g001,b0253,echec,2
2026-08-21,g001,b0353,echec,8
2026-08-21,g001,b0293,echec,11
2026-08-21,g001,b0343,echec,11
2026-08-21,g003,b0386,echec,13
2026-08-21,g003,b0367,echec,13
2026-08-21,g003,b0392,echec,3
2026-08-21,g003,b0364,reussite,1
2026-08-21,g003,b0395,echec,6
2026-08-21,g003,b0375,echec,11
2026-08-21,g003,b0356,echec,15
2026-08-21,g003,b0396,echec,11
2026-08-21,g006,b0274,echec,10
2026-08-21,g006,b0343,echec,5
2026-08-21,g006,b0262,reussite,3
2026-08-21,g006,b0284,reussite,4
2026-08-21,g006,b0392,reussite,3
2026-08-21,g009,b0274,reussite,1
2026-08-21,g009,b0355,reussite,5
2026-08-21,g009,b0304,reussite,4
2026-08-21,g009,b0396,reussite,13
2026-08-21,g009,b0385,reussite,10
2026-08-21,g009,b0316,echec,15
2026-08-21,g009,b0259,echec,6
2026-08-21,g009,b0264,reussite,1
2026-08-21,g009,b0394,reussite,3
2026-08-21,g009,b0357,echec,16
2026-08-21,g009,b0347,echec,6
2026-08-21,g009,b0326,echec,6
2026-08-21,g009,b0343,reussite,3
2026-08-21,g009,b0356,reussite,5
2026-08-21,g009,b0386,echec,12
2026-08-21,g009,b0384,reussite,1
2026-08-21,g010,b0253,reussite,1
2026-08-21,g010,b0355,echec,9
2026-08-21,g010,b0345,reussite,1
2026-08-21,g010,b0275,reussite,8
2026-08-21,g010,b0259,echec,10
2026-08-21,g010,b0396,echec,7
2026-08-21,g010,b0357,echec,13
2026-08-21,g010,b0336,echec,17
2026-08-21,g010,b0386,echec,14
2026-08-21,g010,b0307,echec,14
2026-08-21,g010,b0395,reussite,10
2026-08-21,g011,b0353,echec,3
2026-08-21,g011,b0324,reussite,3
2026-08-21,g011,b0383,reussite,1
2026-08-21,g011,b0253,reussite,2
2026-08-21,g011,b0367,echec,17
2026-08-21,g011,b0392,reussite,3
2026-08-21,g011,b0294,echec,12
2026-08-21,g011,b0262,reussite,5
2026-08-21,g011,b0314,echec,15
2026-08-21,g013,b0285,reussite,1
2026-08-21,g013,b0285,reussite,1
2026-08-21,g013,b0388,echec,11
2026-08-21,g013,b0309,echec,7
2026-08-21,g013,b0375,echec,14
2026-08-21,g013,b0378,echec,14
2026-08-21,g013,b0367,echec,9
2026-08-21,g013,b0300,echec,16
2026-08-21,g015,b0357,echec,6
2026-08-21,g015,b0297,reussite,4
2026-08-21,g015,b0306,echec,6
2026-08-21,g015,b0355,reussite,6
2026-08-21,g015,b0392,reussite,1
2026-08-21,g015,b0396,echec,10
2026-08-21,g021,b0322,reussite,1
2026-08-21,g021,b0254,reussite,1
2026-08-21,g021,b0325,echec,16
2026-08-21,g021,b0392,echec,8
2026-08-21,g021,b0373,echec,4
2026-08-21,g021,b0274,echec,8
2026-08-21,g021,b0363,reussite,2
2026-08-21,g021,b0354,echec,5
2026-08-21,g021,b0383,reussite,3
2026-08-21,g021,b0364,reussite,7
2026-08-21,g021,b0294,echec,13
2026-08-21,g021,b0293,echec,14
2026-08-21,g024,b0344,reussite,1
2026-08-21,g024,b0344,reussite,1
2026-08-21,g024,b0381,reussite,1
2026-08-21,g024,b0315,echec,8
2026-08-21,g024,b0365,echec,5
2026-08-21,g024,b0314,echec,8
2026-08-21,g024,b0264,echec,7
2026-08-21,g024,b0392,echec,7
2026-08-21,g024,b0253,echec,4
2026-08-21,g024,b0302,reussite,3
2026-08-21,g024,b0393,reussite,5
2026-08-21,g024,b0362,echec,8
2026-08-21,g024,b0384,echec,14
2026-08-21,g024,b0303,echec,17
2026-08-21,g024,b0291,reussite,1
2026-08-21,g024,b0373,reussite,9
2026-08-21,g024,b0343,echec,16
2026-08-21,g024,b0293,echec,12
2026-08-21,g024,b0394,echec,9
2026-08-21,g026,b0392,reussite,1
2026-08-21,g026,b0296,echec,14
2026-08-21,g026,b0345,reussite,1
2026-08-21,g026,b0353,reussite,1
2026-08-21,g026,b0307,echec,8
2026-08-21,g026,b0308,echec,9
2026-08-21,g026,b0314,reussite,3
2026-08-21,g026,b0275,echec,12
2026-08-21,g026,b0276,echec,8
2026-08-21,g026,b0368,echec,18
2026-08-21,g027,b0384,echec,14
2026-08-21,g027,b0319,reussite,1
2026-08-21,g027,b0364,echec,11
2026-08-21,g027,b0321,reussite,2
2026-08-21,g027,b0354,echec,8
2026-08-21,g027,b0362,echec,7
2026-08-21,g027,b0324,echec,10
2026-08-21,g027,b0323,reussite,3
2026-08-21,g027,b0374,echec,13
2026-08-21,g027,b0335,echec,9
2026-08-21,g028,b0322,reussite,1
2026-08-21,g028,b0395,echec,8
2026-08-21,g028,b0345,echec,7
2026-08-21,g028,b0388,echec,13
2026-08-21,g028,b0392,echec,7
2026-08-21,g028,b0394,echec,13
2026-08-21,g028,b0276,echec,16
2026-08-21,g028,b0274,reussite,10
2026-08-21,g028,b0264,reussite,10
2026-08-21,g028,b0295,echec,16
2026-08-21,g028,b0355,echec,12
2026-08-21,g029,b0383,reussite,1
2026-08-21,g029,b0314,echec,11
2026-08-21,g029,b0264,echec,6
2026-08-21,g029,b0386,echec,15
2026-08-21,g029,b0344,reussite,4
2026-08-21,g029,b0293,reussite,6
2026-08-21,g029,b0394,echec,6
2026-08-21,g029,b0392,echec,4
2026-08-21,g029,b0353,reussite,5
2026-08-21,g029,b0344,reussite,1
2026-08-21,g029,b0373,reussite,1
2026-08-21,g029,b0364,reussite,1
2026-08-21,g029,b0374,reussite,2
2026-08-21,g029,b0362,reussite,1
2026-08-21,g029,b0385,echec,6
2026-08-21,g029,b0354,reussite,1
2026-08-21,g029,b0356,echec,8
2026-08-21,g029,b0395,echec,16
2026-08-21,g029,b0393,echec,1
2026-08-21,g029,b0341,reussite,1
2026-08-21,g029,b0396,echec,15
2026-08-21,g034,b0297,reussite,1
2026-08-21,g034,b0315,echec,4
2026-08-21,g034,b0392,reussite,1
2026-08-21,g034,b0313,reussite,1
2026-08-21,g034,b0384,reussite,1
2026-08-21,g034,b0335,echec,12
2026-08-21,g034,b0275,echec,13
2026-08-21,g035,b0321,reussite,1
2026-08-21,g035,b0322,reussite,1
2026-08-21,g035,b0363,reussite,5
2026-08-21,g035,b0373,reussite,10
2026-08-21,g035,b0364,echec,13
2026-08-21,g035,b0375,echec,10
2026-08-21,g035,b0330,reussite,1
2026-08-21,g035,b0365,echec,8
2026-08-21,g040,b0324,reussite,1
2026-08-21,g040,b0344,reussite,1
2026-08-21,g040,b0353,echec,4
2026-08-21,g040,b0386,echec,7
2026-08-21,g040,b0393,reussite,2
2026-08-21,g040,b0314,echec,9
2026-08-21,g040,b0296,echec,16
2026-08-21,g040,b0293,echec,8
2026-08-21,g042,b0304,reussite,1
2026-08-21,g042,b0294,reussite,1
2026-08-21,g042,b0345,reussite,2
2026-08-21,g042,b0335,reussite,7
2026-08-21,g042,b0262,reussite,1
2026-08-21,g042,b0300,echec,8
2026-08-21,g042,b0353,reussite,1
2026-08-21,g042,b0392,reussite,1
2026-08-21,g044,b0305,reussite,1
2026-08-21,g044,b0262,reussite,1
2026-08-21,g044,b0384,reussite,6
2026-08-21,g044,b0393,reussite,2
2026-08-21,g044,b0373,echec,3
2026-08-21,g044,b0335,echec,15
2026-08-21,g044,b0275,echec,17
2026-08-21,g044,b0355,echec,13
2026-08-21,g044,b0395,echec,10
2026-08-21,g044,b0316,echec,9
2026-08-21,g044,b0251,reussite,1
2026-08-21,g044,b0356,echec,13
2026-08-21,g044,b0396,echec,14
2026-08-21,g044,b0373,reussite,2
2026-08-21,g044,b0385,echec,10
2026-08-21,g044,b0386,echec,15
2026-08-21,g044,b0357,echec,8
2026-08-21,g044,b0395,echec,12
2026-08-21,g044,b0364,reussite,1
2026-08-21,g044,b0363,reussite,1
2026-08-21,g044,b0365,reussite,2
2026-08-21,g050,b0262,echec,11
2026-08-21,g050,b0353,reussite,6
2026-08-21,g050,b0304,echec,9
2026-08-21,g050,b0314,echec,13
2026-08-21,g050,b0345,echec,9
2026-08-21,g050,b0315,echec,13
2026-08-21,g050,b0334,reussite,4
2026-08-21,g050,b0373,reussite,5
2026-08-21,g054,b0253,reussite,1
2026-08-21,g054,b0255,reussite,11
2026-08-21,g054,b0274,echec,9
2026-08-21,g054,b0334,reussite,2
2026-08-21,g054,b0304,echec,6
2026-08-21,g054,b0325,echec,13
2026-08-22,g003,b0262,reussite,1
2026-08-22,g003,b0305,reussite,1
2026-08-22,g003,b0304,echec,5
2026-08-22,g003,b0316,echec,18
2026-08-22,g003,b0325,echec,12
2026-08-22,g003,b0293,echec,6
2026-08-22,g003,b0334,reussite,2
2026-08-22,g003,b0373,echec,3
2026-08-22,g003,b0343,echec,6
2026-08-22,g003,b0384,echec,11
2026-08-22,g003,b0373,reussite,1
2026-08-22,g003,b0394,echec,10
2026-08-22,g003,b0363,reussite,1
2026-08-22,g003,b0355,echec,9
2026-08-22,g003,b0385,echec,10
2026-08-22,g003,b0395,echec,8
2026-08-22,g003,b0396,echec,16
2026-08-22,g003,b0357,echec,7
2026-08-22,g015,b0294,reussite,1
2026-08-22,g015,b0335,echec,3
2026-08-22,g015,b0396,echec,6
2026-08-22,g015,b0304,reussite,1
2026-08-22,g015,b0317,echec,10
2026-08-22,g015,b0357,echec,7
2026-08-22,g015,b0366,echec,17
2026-08-22,g021,b0272,reussite,1
2026-08-22,g021,b0374,echec,6
2026-08-22,g021,b0352,reussite,1
2026-08-22,g021,b0378,echec,8
2026-08-22,g021,b0362,echec,4
2026-08-22,g021,b0304,echec,12
2026-08-22,g021,b0394,echec,17
2026-08-22,g023,b0343,echec,10
2026-08-22,g023,b0293,echec,4
2026-08-22,g023,b0394,echec,12
2026-08-22,g023,b0306,echec,16
2026-08-22,g023,b0305,echec,4
2026-08-22,g023,b0275,echec,14
2026-08-22,g023,b0347,echec,13
2026-08-22,g023,b0335,echec,12
2026-08-22,g023,b0256,reussite,17
2026-08-22,g023,b0297,reussite,8
2026-08-22,g023,b0293,reussite,1
2026-08-22,g023,b0314,reussite,1
2026-08-22,g023,b0335,reussite,12
2026-08-22,g023,b0356,echec,8
2026-08-22,g023,b0396,echec,12
2026-08-22,g023,b0395,echec,15
2026-08-22,g023,b0384,reussite,8
2026-08-22,g023,b0385,echec,15
2026-08-22,g023,b0353,reussite,5
2026-08-22,g023,b0365,reussite,2
2026-08-22,g023,b0305,echec,7
2026-08-22,g024,b0374,reussite,1
2026-08-22,g024,b0352,reussite,1
2026-08-22,g024,b0364,echec,4
2026-08-22,g024,b0356,echec,9
2026-08-22,g024,b0331,reussite,1
2026-08-22,g024,b0354,reussite,7
2026-08-22,g024,b0392,echec,7
2026-08-22,g024,b0322,reussite,3
2026-08-22,g024,b0255,echec,15
2026-08-22,g024,b0345,echec,15
2026-08-22,g024,b0384,echec,10
2026-08-22,g026,b0274,reussite,1
2026-08-22,g026,b0307,echec,8
2026-08-22,g026,b0279,echec,12
2026-08-22,g026,b0296,echec,8
2026-08-22,g026,b0316,reussite,10
2026-08-22,g026,b0388,echec,10
2026-08-22,g026,b0276,echec,8
2026-08-22,g029,b0384,echec,4
2026-08-22,g029,b0313,reussite,2
2026-08-22,g029,b0365,reussite,1
2026-08-22,g029,b0373,reussite,2
2026-08-22,g029,b0355,echec,8
2026-08-22,g029,b0357,echec,8
2026-08-22,g037,b0274,reussite,1
2026-08-22,g037,b0336,echec,15
2026-08-22,g037,b0285,echec,9
2026-08-22,g037,b0286,echec,8
2026-08-22,g037,b0266,echec,13
2026-08-22,g037,b0398,echec,11
2026-08-22,g037,b0307,reussite,12
2026-08-22,g037,b0339,echec,11
2026-08-22,g037,b0396,echec,4
2026-08-22,g049,b0373,echec,7
2026-08-22,g049,b0353,echec,14
2026-08-22,g049,b0335,echec,10
2026-08-22,g049,b0315,echec,8
2026-08-22,g049,b0393,reussite,5
2026-08-22,g049,b0384,reussite,13
2026-08-22,g049,b0344,echec,11
2026-08-22,g049,b0304,echec,12
2026-08-22,g049,b0364,reussite,7
2026-08-22,g049,b0353,reussite,9
2026-08-22,g049,b0392,echec,12
2026-08-22,g049,b0305,reussite,15
2026-08-22,g049,b0383,reussite,3
2026-08-22,g049,b0343,echec,15
2026-08-22,g049,b0373,reussite,7
2026-08-22,g049,b0374,echec,5
2026-08-23,g001,b0274,reussite,14
2026-08-23,g001,b0364,echec,2
2026-08-23,g001,b0304,reussite,13
2026-08-23,g001,b0255,echec,8
2026-08-23,g001,b0384,reussite,4
2026-08-23,g001,b0392,echec,2
2026-08-23,g001,b0395,echec,8
2026-08-23,g001,b0316,echec,14
2026-08-23,g008,b0326,echec,15
2026-08-23,g008,b0286,echec,14
2026-08-23,g008,b0353,reussite,1
2026-08-23,g008,b0347,echec,15
2026-08-23,g008,b0266,echec,13
2026-08-23,g008,b0287,echec,16
2026-08-23,g008,b0355,reussite,6
2026-08-23,g008,b0257,echec,7
2026-08-23,g008,b0308,echec,18
2026-08-23,g008,b0337,echec,16
2026-08-23,g014,b0394,reussite,2
2026-08-23,g014,b0356,echec,14
2026-08-23,g014,b0364,reussite,2
2026-08-23,g014,b0396,echec,13
2026-08-23,g014,b0357,echec,13
2026-08-23,g014,b0384,reussite,3
2026-08-23,g014,b0353,reussite,3
2026-08-23,g014,b0385,echec,9
2026-08-23,g014,b0373,echec,2
2026-08-23,g014,b0308,echec,10
2026-08-23,g016,b0272,reussite,1
2026-08-23,g016,b0293,reussite,1
2026-08-23,g016,b0394,reussite,3
2026-08-23,g016,b0362,reussite,1
2026-08-23,g016,b0373,reussite,1
2026-08-23,g016,b0365,reussite,1
2026-08-23,g016,b0356,echec,7
2026-08-23,g016,b0294,echec,13
2026-08-23,g016,b0315,echec,13
2026-08-23,g017,b0363,reussite,1
2026-08-23,g017,b0352,echec,1
2026-08-23,g017,b0375,echec,12
2026-08-23,g017,b0337,echec,16
2026-08-23,g017,b0391,reussite,1
2026-08-23,g017,b0372,reussite,1
2026-08-23,g017,b0386,echec,18
2026-08-23,g017,b0357,echec,17
2026-08-23,g017,b0400,reussite,1
2026-08-23,g017,b0381,reussite,1
2026-08-23,g017,b0392,reussite,1
2026-08-23,g017,b0332,reussite,1
2026-08-23,g017,b0366,echec,13
2026-08-23,g017,b0369,echec,17
2026-08-23,g017,b0390,reussite,1
2026-08-23,g017,b0379,echec,14
2026-08-23,g017,b0399,echec,7
2026-08-23,g017,b0387,echec,14
2026-08-23,g017,b0398,echec,11
2026-08-23,g017,b0368,echec,13
2026-08-23,g017,b0389,echec,13
2026-08-23,g017,b0370,echec,15
2026-08-23,g024,b0302,reussite,1
2026-08-23,g024,b0384,echec,10
2026-08-23,g024,b0364,reussite,5
2026-08-23,g024,b0323,reussite,1
2026-08-23,g024,b0255,echec,8
2026-08-23,g024,b0373,echec,5
2026-08-23,g024,b0345,echec,7
2026-08-23,g027,b0253,echec,14
2026-08-23,g027,b0252,reussite,1
2026-08-23,g027,b0281,reussite,1
2026-08-23,g027,b0353,echec,8
2026-08-23,g027,b0255,echec,8
2026-08-23,g027,b0313,reussite,6
2026-08-23,g027,b0392,echec,13
2026-08-23,g027,b0341,reussite,1
2026-08-23,g027,b0365,reussite,13
2026-08-23,g027,b0363,reussite,3
2026-08-23,g027,b0322,echec,12
2026-08-23,g027,b0391,echec,1
2026-08-23,g027,b0335,echec,15
2026-08-23,g027,b0325,echec,14
2026-08-23,g027,b0364,echec,10
2026-08-23,g031,b0393,reussite,1
2026-08-23,g031,b0362,reussite,2
2026-08-23,g031,b0385,echec,15
2026-08-23,g031,b0373,reussite,3
2026-08-23,g031,b0365,reussite,3
2026-08-23,g031,b0356,echec,11
2026-08-23,g031,b0386,echec,16
2026-08-23,g031,b0336,echec,8
2026-08-23,g031,b0354,reussite,2
2026-08-23,g035,b0333,reussite,4
2026-08-23,g035,b0321,echec,5
2026-08-23,g035,b0374,echec,9
2026-08-23,g035,b0305,echec,7
2026-08-23,g035,b0314,echec,13
2026-08-23,g035,b0396,echec,14
2026-08-23,g035,b0375,echec,15
2026-08-23,g035,b0354,echec,12
2026-08-23,g039,b0274,reussite,1
2026-08-23,g039,b0325,echec,5
2026-08-23,g039,b0346,echec,14
2026-08-23,g039,b0387,echec,12
2026-08-23,g039,b0357,echec,15
2026-08-23,g039,b0386,echec,15
2026-08-23,g039,b0335,echec,11
2026-08-23,g040,b0344,reussite,1
2026-08-23,g040,b0324,reussite,1
2026-08-23,g040,b0325,echec,14
2026-08-23,g040,b0255,reussite,6
2026-08-23,g040,b0313,reussite,1
2026-08-23,g040,b0314,echec,8
2026-08-23,g040,b0284,reussite,11
2026-08-23,g040,b0394,reussite,9
2026-08-23,g040,b0384,echec,8
2026-08-23,g040,b0392,reussite,5
2026-08-23,g050,b0344,reussite,1
2026-08-23,g050,b0393,reussite,1
2026-08-23,g050,b0365,echec,3
2026-08-23,g050,b0385,echec,9
2026-08-23,g050,b0394,echec,16
2026-08-23,g050,b0343,echec,12
2026-08-23,g050,b0293,echec,6
2026-08-23,g050,b0274,echec,14
2026-08-23,g050,b0374,reussite,3
2026-08-23,g051,b0314,echec,4
2026-08-23,g051,b0325,echec,12
2026-08-23,g051,b0284,reussite,1
2026-08-23,g051,b0296,echec,9
2026-08-23,g051,b0316,echec,7
2026-08-23,g051,b0396,echec,14
2026-08-23,g052,b0384,reussite,8
2026-08-23,g052,b0324,reussite,8
2026-08-23,g052,b0392,echec,2
2026-08-23,g052,b0326,echec,15
2026-08-23,g052,b0314,echec,8
2026-08-23,g052,b0315,echec,10
2026-08-23,g052,b0357,echec,18
2026-08-23,g055,b0386,echec,13
2026-08-23,g055,b0393,echec,2
2026-08-23,g055,b0343,echec,5
2026-08-23,g055,b0314,reussite,6
2026-08-23,g055,b0296,echec,15
2026-08-23,g055,b0357,echec,17
2026-08-23,g055,b0294,echec,8
2026-08-23,g055,b0316,echec,15
2026-08-23,g055,b0396,echec,17
2026-08-23,g055,b0367,echec,10
2026-08-24,g005,b0276,reussite,1
2026-08-24,g005,b0396,echec,2
2026-08-24,g005,b0346,echec,6
2026-08-24,g005,b0347,echec,5
2026-08-24,g005,b0308,echec,13
2026-08-24,g005,b0328,echec,16
2026-08-24,g005,b0336,reussite,8
2026-08-24,g005,b0384,reussite,1
2026-08-24,g005,b0287,echec,9
2026-08-24,g020,b0293,reussite,1
2026-08-24,g020,b0375,echec,7
2026-08-24,g020,b0396,echec,13
2026-08-24,g020,b0386,echec,15
2026-08-24,g020,b0285,echec,7
2026-08-24,g020,b0328,echec,6
2026-08-24,g020,b0367,echec,13
2026-08-24,g024,b0302,reussite,1
2026-08-24,g024,b0304,echec,12
2026-08-24,g024,b0392,echec,6
2026-08-24,g024,b0374,reussite,10
2026-08-24,g024,b0383,echec,2
2026-08-24,g024,b0365,reussite,4
2026-08-24,g024,b0353,echec,9
2026-08-24,g024,b0384,echec,14
2026-08-24,g024,b0297,echec,11
2026-08-24,g024,b0253,reussite,3
2026-08-24,g024,b0313,echec,8
2026-08-24,g030,b0302,reussite,1
2026-08-24,g030,b0341,reussite,1
2026-08-24,g030,b0364,echec,2
2026-08-24,g030,b0314,echec,8
2026-08-24,g030,b0384,echec,8
2026-08-24,g030,b0353,echec,8
2026-08-24,g030,b0374,reussite,4
2026-08-24,g030,b0324,echec,9
2026-08-24,g030,b0393,echec,3
2026-08-24,g030,b0345,echec,8
2026-08-24,g030,b0343,echec,7
2026-08-24,g033,b0346,reussite,1
2026-08-24,g033,b0284,reussite,1
2026-08-24,g033,b0366,echec,8
2026-08-24,g033,b0398,echec,15
2026-08-24,g033,b0357,reussite,9
2026-08-24,g033,b0298,echec,8
2026-08-24,g033,b0327,echec,14
2026-08-24,g033,b0396,reussite,4
2026-08-24,g033,b0308,echec,8
2026-08-24,g033,b0280,echec,7
2026-08-24,g042,b0395,reussite,1
2026-08-24,g042,b0315,reussite,1
2026-08-24,g042,b0316,echec,11
2026-08-24,g042,b0396,reussite,12
2026-08-24,g042,b0279,echec,16
2026-08-24,g042,b0385,reussite,7
2026-08-24,g042,b0384,reussite,1
2026-08-24,g042,b0326,echec,17
2026-08-24,g042,b0314,echec,4
2026-08-24,g046,b0261,reussite,1
2026-08-24,g046,b0253,echec,4
2026-08-24,g046,b0334,reussite,5
2026-08-24,g046,b0293,echec,11
2026-08-24,g046,b0256,echec,18
2026-08-24,g046,b0364,reussite,3
2026-08-24,g046,b0252,reussite,1
2026-08-24,g052,b0255,reussite,1
2026-08-24,g052,b0262,reussite,1
2026-08-24,g052,b0315,echec,17
2026-08-24,g052,b0305,echec,11
2026-08-24,g052,b0297,reussite,13
2026-08-24,g052,b0325,echec,13
2026-08-24,g052,b0316,echec,14
2026-08-24,g052,b0353,echec,7
2026-08-24,g052,b0306,echec,10
2026-08-24,g052,b0296,echec,9
2026-08-25,g001,b0284,reussite,1
2026-08-25,g001,b0312,reussite,1
2026-08-25,g001,b0394,echec,10
2026-08-25,g001,b0374,reussite,2
2026-08-25,g001,b0362,reussite,1
2026-08-25,g001,b0354,reussite,2
2026-08-25,g001,b0355,echec,9
2026-08-25,g001,b0373,reussite,3
2026-08-25,g001,b0365,reussite,2
2026-08-25,g001,b0352,reussite,1
2026-08-25,g004,b0284,echec,2
2026-08-25,g004,b0396,reussite,9
2026-08-25,g004,b0286,echec,11
2026-08-25,g004,b0384,reussite,2
2026-08-25,g004,b0276,echec,8
2026-08-25,g004,b0316,echec,14
2026-08-25,g014,b0335,echec,8
2026-08-25,g014,b0304,echec,8
2026-08-25,g014,b0344,reussite,1
2026-08-25,g014,b0395,echec,13
2026-08-25,g014,b0325,echec,6
2026-08-25,g014,b0285,echec,16
2026-08-25,g015,b0279,echec,17
2026-08-25,g015,b0276,echec,16
2026-08-25,g015,b0285,reussite,18
2026-08-25,g015,b0345,reussite,1
2026-08-25,g015,b0306,echec,12
2026-08-25,g015,b0357,echec,12
2026-08-25,g015,b0367,echec,8
2026-08-25,g015,b0297,echec,6
2026-08-25,g016,b0325,echec,17
2026-08-25,g016,b0357,echec,17
2026-08-25,g016,b0394,echec,4
2026-08-25,g016,b0383,reussite,1
2026-08-25,g016,b0274,reussite,5
2026-08-25,g016,b0337,echec,16
2026-08-25,g016,b0395,reussite,16
2026-08-25,g016,b0374,reussite,1
2026-08-25,g017,b0304,echec,7
2026-08-25,g017,b0376,echec,10
2026-08-25,g017,b0314,echec,12
2026-08-25,g017,b0393,echec,1
2026-08-25,g017,b0313,reussite,5
2026-08-25,g017,b0353,reussite,7
2026-08-25,g017,b0344,echec,6
2026-08-25,g017,b0392,reussite,8
2026-08-25,g021,b0323,reussite,1
2026-08-25,g021,b0393,echec,5
2026-08-25,g021,b0319,reussite,1
2026-08-25,g021,b0384,echec,14
2026-08-25,g021,b0395,echec,7
2026-08-25,g021,b0385,echec,12
2026-08-25,g021,b0355,echec,13
2026-08-25,g021,b0335,echec,16
2026-08-25,g021,b0256,echec,7
2026-08-25,g021,b0312,reussite,1
2026-08-25,g021,b0254,reussite,1
2026-08-25,g021,b0357,echec,13
2026-08-25,g021,b0356,echec,7
2026-08-25,g021,b0381,reussite,1
2026-08-25,g021,b0306,echec,12
2026-08-25,g021,b0385,echec,17
2026-08-25,g021,b0355,echec,13
2026-08-25,g023,b0303,reussite,1
2026-08-25,g023,b0297,echec,10
2026-08-25,g023,b0325,echec,13
2026-08-25,g023,b0392,reussite,4
2026-08-25,g023,b0376,echec,6
2026-08-25,g023,b0274,reussite,10
2026-08-25,g023,b0335,echec,11
2026-08-25,g023,b0284,reussite,5
2026-08-25,g023,b0393,reussite,2
2026-08-25,g023,b0396,echec,18
2026-08-25,g027,b0281,reussite,1
2026-08-25,g027,b0392,reussite,14
2026-08-25,g027,b0393,echec,13
2026-08-25,g027,b0353,echec,7
2026-08-25,g027,b0383,reussite,3
2026-08-25,g027,b0291,reussite,1
2026-08-25,g027,b0334,echec,8
2026-08-25,g027,b0344,echec,15
2026-08-25,g027,b0262,echec,16
2026-08-25,g027,b0345,echec,12
2026-08-25,g028,b0252,reussite,1
2026-08-25,g028,b0305,reussite,1
2026-08-25,g028,b0385,echec,15
2026-08-25,g028,b0365,reussite,3
2026-08-25,g028,b0384,reussite,6
2026-08-25,g028,b0356,echec,7
2026-08-25,g028,b0353,echec,5
2026-08-25,g028,b0303,echec,8
2026-08-25,g028,b0392,reussite,4
2026-08-25,g028,b0373,reussite,4
2026-08-25,g031,b0262,reussite,1
2026-08-25,g031,b0394,reussite,15
2026-08-25,g031,b0352,reussite,1
2026-08-25,g031,b0396,echec,11
2026-08-25,g031,b0353,echec,8
2026-08-25,g031,b0384,echec,5
2026-08-25,g031,b0392,reussite,2
2026-08-25,g031,b0355,echec,8
2026-08-25,g031,b0395,echec,9
2026-08-25,g034,b0315,echec,6
2026-08-25,g034,b0386,echec,14
2026-08-25,g034,b0385,echec,8
2026-08-25,g034,b0353,reussite,3
2026-08-25,g034,b0357,echec,18
2026-08-25,g034,b0395,echec,11
2026-08-25,g035,b0254,reussite,1
2026-08-25,g035,b0254,reussite,1
2026-08-25,g035,b0251,reussite,1
2026-08-25,g035,b0372,reussite,2
2026-08-25,g035,b0352,reussite,7
2026-08-25,g035,b0302,reussite,4
2026-08-25,g035,b0341,echec,2
2026-08-25,g035,b0393,echec,13
2026-08-25,g035,b0304,echec,7
2026-08-25,g035,b0314,echec,15
2026-08-25,g035,b0272,echec,4
2026-08-25,g039,b0256,echec,11
2026-08-25,g039,b0388,echec,7
2026-08-25,g039,b0385,echec,6
2026-08-25,g039,b0335,reussite,5
2026-08-25,g039,b0395,reussite,9
2026-08-25,g039,b0313,reussite,1
2026-08-25,g039,b0297,echec,4
2026-08-25,g039,b0386,echec,9
2026-08-25,g039,b0305,echec,2
2026-08-25,g039,b0294,reussite,3
2026-08-25,g041,b0373,echec,7
2026-08-25,g041,b0365,reussite,6
2026-08-25,g041,b0385,echec,7
2026-08-25,g041,b0383,reussite,1
2026-08-25,g041,b0396,echec,11
2026-08-25,g041,b0395,echec,10
2026-08-25,g041,b0356,echec,15
2026-08-25,g041,b0362,reussite,6
2026-08-25,g052,b0305,echec,6
2026-08-25,g052,b0297,echec,17
2026-08-25,g052,b0255,reussite,13
2026-08-25,g052,b0262,echec,6
2026-08-25,g052,b0306,echec,7
2026-08-25,g052,b0325,echec,13
2026-08-25,g052,b0296,echec,15
2026-08-26,g009,b0255,reussite,1
2026-08-26,g009,b0258,echec,11
2026-08-26,g009,b0335,reussite,8
2026-08-26,g009,b0294,reussite,2
2026-08-26,g009,b0274,reussite,3
2026-08-26,g009,b0396,echec,7
2026-08-26,g009,b0276,echec,6
2026-08-26,g009,b0325,echec,8
2026-08-26,g009,b0355,echec,5
2026-08-26,g010,b0335,reussite,1
2026-08-26,g010,b0262,reussite,1
2026-08-26,g010,b0286,echec,11
2026-08-26,g010,b0307,echec,17
2026-08-26,g010,b0296,echec,14
2026-08-26,g010,b0325,echec,16
2026-08-26,g010,b0396,echec,6
2026-08-26,g010,b0304,reussite,2
2026-08-26,g010,b0313,reussite,1
2026-08-26,g010,b0276,echec,9
2026-08-26,g014,b0345,reussite,1
2026-08-26,g014,b0395,reussite,12
2026-08-26,g014,b0326,echec,15
2026-08-26,g014,b0355,echec,6
2026-08-26,g014,b0396,echec,8
2026-08-26,g014,b0357,echec,12
2026-08-26,g014,b0346,echec,10
2026-08-26,g014,b0355,reussite,9
2026-08-26,g014,b0392,reussite,2
2026-08-26,g014,b0384,echec,2
2026-08-26,g014,b0396,echec,17
2026-08-26,g014,b0357,echec,15
2026-08-26,g014,b0346,reussite,8
2026-08-26,g014,b0394,echec,6
2026-08-26,g014,b0385,echec,12
2026-08-26,g014,b0379,echec,10
2026-08-26,g014,b0347,echec,11
2026-08-26,g032,b0314,echec,12
2026-08-26,g032,b0293,reussite,11
2026-08-26,g032,b0353,echec,12
2026-08-26,g032,b0383,echec,2
2026-08-26,g032,b0374,reussite,3
2026-08-26,g032,b0274,echec,10
2026-08-26,g032,b0297,echec,7
2026-08-26,g038,b0324,echec,8
2026-08-26,g038,b0344,echec,9
2026-08-26,g038,b0313,echec,14
2026-08-26,g038,b0281,reussite,3
2026-08-26,g038,b0262,echec,12
2026-08-26,g038,b0341,reussite,5
2026-08-26,g038,b0393,echec,7
2026-08-26,g042,b0262,reussite,1
2026-08-26,g042,b0386,echec,9
2026-08-26,g042,b0356,echec,6
2026-08-26,g042,b0300,echec,18
2026-08-26,g042,b0336,echec,11
2026-08-26,g042,b0398,echec,6
2026-08-26,g042,b0316,echec,7
2026-08-26,g042,b0385,echec,7
2026-08-26,g042,b0339,echec,11
2026-08-26,g042,b0357,echec,12
2026-08-26,g045,b0325,echec,10
2026-08-26,g045,b0396,echec,6
2026-08-26,g045,b0316,echec,12
2026-08-26,g045,b0314,reussite,3
2026-08-26,g045,b0394,reussite,2
2026-08-26,g045,b0256,echec,14
2026-08-26,g045,b0386,echec,11
2026-08-26,g045,b0355,echec,8
2026-08-26,g045,b0315,echec,7
2026-08-26,g049,b0393,reussite,1
2026-08-26,g049,b0392,echec,5
2026-08-26,g049,b0374,echec,4
2026-08-26,g052,b0293,reussite,1
2026-08-26,g052,b0392,echec,4
2026-08-26,g052,b0304,echec,14
2026-08-26,g052,b0274,echec,11
2026-08-26,g052,b0353,echec,7
2026-08-26,g052,b0394,echec,11
2026-08-26,g052,b0355,echec,9
2026-08-26,g052,b0305,reussite,8
2026-08-27,g002,b0362,reussite,1
2026-08-27,g002,b0364,reussite,1
2026-08-27,g002,b0392,reussite,3
2026-08-27,g002,b0396,echec,10
2026-08-27,g002,b0365,reussite,2
2026-08-27,g002,b0355,echec,8
2026-08-27,g002,b0315,reussite,11
2026-08-27,g002,b0373,reussite,1
2026-08-27,g002,b0394,reussite,5
2026-08-27,g002,b0393,reussite,1
2026-08-27,g005,b0276,echec,7
2026-08-27,g005,b0296,echec,7
2026-08-27,g005,b0256,reussite,1
2026-08-27,g007,b0395,echec,10
2026-08-27,g007,b0293,echec,8
2026-08-27,g007,b0353,reussite,8
2026-08-27,g013,b0325,reussite,1
2026-08-27,g013,b0326,reussite,1
2026-08-27,g013,b0386,reussite,7
2026-08-27,g013,b0317,echec,13
2026-08-27,g013,b0357,echec,5
2026-08-27,g013,b0327,echec,18
2026-08-27,g027,b0251,reussite,1
2026-08-27,g027,b0255,echec,14
2026-08-27,g027,b0254,reussite,3
2026-08-27,g027,b0353,echec,17
2026-08-27,g027,b0392,echec,14
2026-08-27,g027,b0393,reussite,1
2026-08-27,g027,b0334,reussite,1
2026-08-27,g027,b0381,reussite,1
2026-08-27,g027,b0391,reussite,1
2026-08-27,g027,b0260,reussite,1
2026-08-27,g027,b0354,reussite,13
2026-08-27,g027,b0352,echec,3
2026-08-27,g027,b0374,reussite,8
2026-08-27,g027,b0312,reussite,3
2026-08-27,g027,b0384,echec,9
2026-08-27,g027,b0303,echec,6
2026-08-27,g027,b0372,reussite,1
2026-08-27,g027,b0373,reussite,1
2026-08-27,g027,b0304,echec,14
2026-08-27,g027,b0352,reussite,2
2026-08-27,g027,b0316,echec,10
2026-08-27,g027,b0332,reussite,1
2026-08-27,g027,b0303,echec,10
2026-08-27,g027,b0311,reussite,1
2026-08-27,g027,b0350,reussite,1
2026-08-27,g027,b0342,reussite,1
2026-08-27,g027,b0382,reussite,1
2026-08-27,g027,b0343,echec,12
2026-08-27,g027,b0314,echec,11
2026-08-27,g027,b0395,echec,9
2026-08-27,g027,b0316,echec,9
2026-08-27,g031,b0375,echec,10
2026-08-27,g031,b0372,reussite,1
2026-08-27,g031,b0363,reussite,1
2026-08-27,g031,b0367,echec,14
2026-08-27,g031,b0391,reussite,1
2026-08-27,g031,b0376,echec,13
2026-08-27,g040,b0262,reussite,1
2026-08-27,g040,b0324,echec,9
2026-08-27,g042,b0355,reussite,4
2026-08-27,g042,b0297,reussite,8
2026-08-27,g042,b0367,echec,13
2026-08-27,g042,b0276,echec,7
2026-08-27,g042,b0304,reussite,3
2026-08-27,g042,b0374,reussite,1
2026-08-27,g042,b0395,echec,4
2026-08-27,g045,b0262,reussite,1
2026-08-27,g045,b0385,echec,8
2026-08-27,g045,b0335,reussite,8
2026-08-27,g045,b0357,echec,11
2026-08-27,g045,b0355,reussite,4
2026-08-27,g045,b0395,echec,10
2026-08-27,g045,b0356,echec,4
2026-08-27,g045,b0396,echec,9
2026-08-27,g045,b0293,reussite,3
2026-08-27,g045,b0388,echec,15
2026-08-27,g045,b0375,echec,7
2026-08-27,g048,b0262,reussite,1
2026-08-27,g048,b0262,reussite,1
2026-08-27,g048,b0304,reussite,12
2026-08-27,g048,b0305,echec,13
2026-08-27,g048,b0255,echec,9
2026-08-27,g048,b0384,reussite,7
2026-08-27,g048,b0345,echec,13
2026-08-27,g048,b0314,reussite,17
2026-08-27,g048,b0276,echec,8
2026-08-27,g048,b0297,echec,13
2026-08-27,g055,b0261,reussite,1
2026-08-27,g055,b0383,reussite,1
2026-08-27,g055,b0376,echec,9
2026-08-27,g055,b0388,echec,16
2026-08-27,g055,b0377,echec,11
2026-08-27,g055,b0308,echec,9
2026-08-27,g055,b0384,reussite,2
2026-08-28,g009,b0284,reussite,1
2026-08-28,g009,b0315,reussite,5
2026-08-28,g009,b0357,echec,9
2026-08-28,g009,b0286,reussite,13
2026-08-28,g009,b0386,echec,6
2026-08-28,g009,b0326,echec,14
2026-08-28,g009,b0356,echec,8
2026-08-28,g009,b0259,echec,13
2026-08-28,g011,b0384,echec,8
2026-08-28,g011,b0304,reussite,11
2026-08-28,g011,b0306,echec,14
2026-08-28,g011,b0393,reussite,1
2026-08-28,g011,b0335,echec,13
2026-08-28,g011,b0396,echec,12
2026-08-28,g011,b0334,reussite,1
2026-08-28,g011,b0344,echec,2
2026-08-28,g011,b0255,echec,10
2026-08-28,g011,b0373,reussite,2
2026-08-28,g012,b0395,reussite,1
2026-08-28,g012,b0303,reussite,1
2026-08-28,g012,b0386,echec,7
2026-08-28,g012,b0274,echec,3
2026-08-28,g012,b0355,echec,8
2026-08-28,g012,b0256,echec,8
2026-08-28,g012,b0294,echec,4
2026-08-28,g012,b0305,reussite,4
2026-08-28,g013,b0357,echec,4
2026-08-28,g013,b0388,echec,11
2026-08-28,g013,b0378,echec,15
2026-08-28,g013,b0318,echec,6
2026-08-28,g013,b0389,echec,17
2026-08-28,g017,b0383,reussite,2
2026-08-28,g017,b0327,echec,15
2026-08-28,g017,b0373,reussite,5
2026-08-28,g017,b0354,reussite,3
2026-08-28,g017,b0385,echec,8
2026-08-28,g017,b0396,echec,8
2026-08-28,g020,b0334,reussite,1
2026-08-28,g020,b0304,reussite,2
2026-08-28,g020,b0366,echec,15
2026-08-28,g020,b0388,echec,13
2026-08-28,g020,b0335,echec,7
2026-08-28,g020,b0306,echec,14
2026-08-28,g020,b0317,echec,18
2026-08-28,g027,b0313,reussite,1
2026-08-28,g027,b0392,reussite,1
2026-08-28,g027,b0344,echec,6
2026-08-28,g027,b0393,reussite,5
2026-08-28,g027,b0341,reussite,4
2026-08-28,g027,b0325,echec,7
2026-08-28,g027,b0335,echec,11
2026-08-28,g027,b0365,echec,12
2026-08-28,g027,b0373,reussite,15
2026-08-28,g027,b0322,echec,13
2026-08-28,g042,b0395,echec,4
2026-08-28,g042,b0344,reussite,1
2026-08-28,g042,b0276,echec,7
2026-08-28,g042,b0325,echec,11
2026-08-28,g042,b0256,reussite,4
2026-08-28,g042,b0308,echec,17
2026-08-28,g042,b0315,echec,9
2026-08-28,g042,b0367,echec,10
2026-08-28,g042,b0259,echec,12
2026-08-28,g042,b0262,echec,1
2026-08-28,g043,b0274,echec,14
2026-08-28,g043,b0353,reussite,6
2026-08-28,g043,b0384,echec,6
2026-08-28,g043,b0367,echec,7
2026-08-28,g043,b0392,echec,10
2026-08-28,g043,b0391,reussite,1
2026-08-28,g043,b0305,echec,12
2026-08-28,g043,b0373,reussite,4
2026-08-28,g044,b0304,reussite,10
2026-08-28,g044,b0395,echec,13
2026-08-28,g044,b0315,reussite,7
2026-08-28,g044,b0294,echec,13
2026-08-28,g044,b0256,echec,8
2026-08-28,g044,b0255,reussite,1
2026-08-28,g044,b0284,reussite,7
2026-08-28,g044,b0394,echec,9
2026-08-28,g044,b0353,reussite,6
2026-08-28,g044,b0392,reussite,4
2026-08-28,g044,b0305,echec,5
2026-08-28,g044,b0293,echec,8
2026-08-28,g044,b0395,echec,13
2026-08-28,g044,b0256,echec,15
2026-08-28,g045,b0297,reussite,1
2026-08-28,g045,b0388,echec,12
2026-08-28,g045,b0356,echec,5
2026-08-28,g045,b0396,echec,6
2026-08-28,g045,b0386,echec,13
2026-08-28,g045,b0395,echec,11
2026-08-28,g045,b0255,reussite,2
2026-08-28,g045,b0305,reussite,2
2026-08-28,g045,b0306,echec,14
2026-08-28,g045,b0355,echec,7
2026-08-28,g045,b0296,echec,7
2026-08-28,g045,b0356,reussite,5
2026-08-28,g045,b0324,reussite,1
2026-08-28,g045,b0385,echec,5
2026-08-28,g045,b0347,echec,10
2026-08-28,g045,b0345,reussite,2
2026-08-28,g050,b0303,echec,7
2026-08-28,g050,b0343,echec,8
2026-08-28,g050,b0394,reussite,13
2026-08-28,g050,b0325,echec,10
2026-08-28,g050,b0365,reussite,3
2026-08-28,g050,b0305,echec,6
2026-08-28,g050,b0354,reussite,4
2026-08-28,g050,b0355,echec,13
2026-08-29,g002,b0314,echec,15
2026-08-29,g002,b0345,echec,11
2026-08-29,g002,b0353,reussite,7
2026-08-29,g002,b0364,reussite,1
2026-08-29,g002,b0362,reussite,2
2026-08-29,g002,b0395,echec,15
2026-08-29,g002,b0357,echec,8
2026-08-29,g002,b0304,echec,13
2026-08-29,g002,b0322,reussite,1
2026-08-29,g002,b0343,reussite,10
2026-08-29,g002,b0314,echec,12
2026-08-29,g002,b0284,echec,6
2026-08-29,g002,b0356,echec,13
2026-08-29,g002,b0276,echec,16
2026-08-29,g002,b0385,echec,15
2026-08-29,g002,b0384,reussite,4
2026-08-29,g002,b0357,echec,17
2026-08-29,g012,b0356,echec,9
2026-08-29,g012,b0364,reussite,1
2026-08-29,g012,b0385,echec,9
2026-08-29,g012,b0394,reussite,3
2026-08-29,g012,b0357,echec,16
2026-08-29,g012,b0355,reussite,5
2026-08-29,g012,b0375,echec,13
2026-08-29,g013,b0326,reussite,1
2026-08-29,g013,b0377,echec,11
2026-08-29,g013,b0396,echec,4
2026-08-29,g013,b0395,echec,1
2026-08-29,g013,b0376,echec,17
2026-08-29,g013,b0375,echec,8
2026-08-29,g013,b0367,reussite,9
2026-08-29,g016,b0344,reussite,1
2026-08-29,g016,b0344,reussite,1
2026-08-29,g016,b0325,echec,16
2026-08-29,g016,b0337,echec,6
2026-08-29,g016,b0305,reussite,9
2026-08-29,g016,b0297,echec,8
2026-08-29,g016,b0355,echec,6
2026-08-29,g016,b0384,echec,3
2026-08-29,g016,b0293,echec,6
2026-08-29,g016,b0389,echec,17
2026-08-29,g016,b0324,echec,6
2026-08-29,g016,b0344,reussite,1
2026-08-29,g016,b0255,reussite,1
2026-08-29,g016,b0394,echec,10
2026-08-29,g016,b0395,echec,9
2026-08-29,g016,b0355,echec,10
2026-08-29,g016,b0384,reussite,4
2026-08-29,g016,b0313,echec,1
2026-08-29,g016,b0303,echec,4
2026-08-29,g016,b0297,reussite,8
2026-08-29,g021,b0383,reussite,1
2026-08-29,g021,b0365,reussite,10
2026-08-29,g021,b0373,reussite,3
2026-08-29,g021,b0353,reussite,8
2026-08-29,g021,b0384,echec,9
2026-08-29,g021,b0394,echec,11
2026-08-29,g021,b0314,echec,8
2026-08-29,g021,b0354,reussite,4
2026-08-29,g021,b0294,echec,13
2026-08-29,g021,b0345,echec,9
2026-08-29,g025,b0303,reussite,1
2026-08-29,g025,b0256,reussite,4
2026-08-29,g025,b0316,reussite,2
2026-08-29,g025,b0318,echec,12
2026-08-29,g025,b0306,echec,6
2026-08-29,g025,b0307,echec,9
2026-08-29,g025,b0396,reussite,6
2026-08-29,g030,b0281,reussite,1
2026-08-29,g030,b0353,echec,7
2026-08-29,g030,b0373,echec,4
2026-08-29,g030,b0392,reussite,7
2026-08-29,g030,b0384,reussite,14
2026-08-29,g030,b0364,reussite,3
2026-08-29,g030,b0393,reussite,3
2026-08-29,g030,b0365,reussite,5
2026-08-29,g034,b0355,reussite,1
2026-08-29,g034,b0396,echec,6
2026-08-29,g034,b0294,echec,6
2026-08-29,g034,b0297,echec,12
2026-08-29,g034,b0274,reussite,3
2026-08-29,g034,b0298,echec,13
2026-08-29,g034,b0398,echec,12
2026-08-29,g039,b0274,reussite,2
2026-08-29,g039,b0396,reussite,7
2026-08-29,g039,b0355,reussite,5
2026-08-29,g039,b0387,echec,16
2026-08-29,g039,b0304,reussite,2
2026-08-29,g039,b0325,echec,14
2026-08-29,g039,b0346,echec,17
2026-08-29,g041,b0386,echec,7
2026-08-29,g041,b0384,reussite,12
2026-08-29,g041,b0392,echec,8
2026-08-29,g041,b0364,reussite,4
2026-08-29,g041,b0374,reussite,5
2026-08-29,g041,b0391,reussite,1
2026-08-29,g041,b0394,echec,7
2026-08-29,g041,b0393,echec,3
2026-08-29,g041,b0353,echec,15
2026-08-29,g041,b0355,echec,7
2026-08-29,g042,b0274,reussite,1
2026-08-29,g042,b0367,echec,17
2026-08-29,g042,b0386,echec,8
2026-08-29,g042,b0395,reussite,5
2026-08-29,g042,b0339,echec,11
2026-08-29,g042,b0300,echec,10
2026-08-29,g042,b0259,echec,17
2026-08-29,g042,b0356,echec,5
2026-08-29,g051,b0286,reussite,1
2026-08-29,g051,b0313,reussite,1
2026-08-29,g051,b0315,reussite,4
2026-08-29,g051,b0296,echec,13
2026-08-29,g051,b0335,echec,12
2026-08-29,g051,b0394,reussite,4
2026-08-29,g051,b0357,echec,10
2026-08-29,g051,b0303,reussite,2
2026-08-29,g051,b0316,echec,8
2026-08-29,g051,b0384,reussite,2
2026-08-29,g051,b0386,echec,14
2026-08-30,g009,b0392,reussite,1
2026-08-30,g009,b0389,echec,14
2026-08-30,g009,b0334,reussite,1
2026-08-30,g009,b0395,echec,10
2026-08-30,g009,b0386,echec,7
2026-08-30,g009,b0347,echec,15
2026-08-30,g009,b0328,echec,7
2026-08-30,g009,b0357,echec,7
2026-08-30,g009,b0367,echec,8
2026-08-30,g010,b0294,reussite,1
2026-08-30,g010,b0314,reussite,1
2026-08-30,g010,b0317,echec,10
2026-08-30,g010,b0315,reussite,8
2026-08-30,g010,b0276,echec,17
2026-08-30,g010,b0396,echec,7
2026-08-30,g010,b0325,reussite,10
2026-08-30,g010,b0286,echec,10
2026-08-30,g010,b0374,reussite,1
2026-08-30,g010,b0307,echec,10
2026-08-30,g016,b0304,reussite,1
2026-08-30,g016,b0297,echec,10
2026-08-30,g016,b0344,reussite,2
2026-08-30,g016,b0325,echec,13
2026-08-30,g016,b0284,echec,5
2026-08-30,g016,b0337,echec,9
2026-08-30,g016,b0389,echec,12
2026-08-30,g016,b0305,echec,9
2026-08-30,g016,b0353,reussite,2
2026-08-30,g016,b0355,echec,15
2026-08-30,g018,b0256,reussite,3
2026-08-30,g018,b0314,reussite,1
2026-08-30,g018,b0255,reussite,1
2026-08-30,g018,b0297,echec,4
2026-08-30,g018,b0284,reussite,1
2026-08-30,g018,b0306,echec,12
2026-08-30,g018,b0316,reussite,3
2026-08-30,g018,b0326,echec,6
2026-08-30,g021,b0392,echec,7
2026-08-30,g021,b0305,echec,8
2026-08-30,g021,b0321,reussite,1
2026-08-30,g021,b0343,echec,16
2026-08-30,g021,b0362,reussite,3
2026-08-30,g021,b0374,echec,5
2026-08-30,g021,b0395,echec,15
2026-08-30,g021,b0333,reussite,1
2026-08-30,g021,b0393,echec,5
2026-08-30,g021,b0356,echec,7
2026-08-30,g021,b0378,echec,11
2026-08-30,g021,b0382,reussite,1
2026-08-30,g021,b0391,reussite,1
2026-08-30,g021,b0372,reussite,1
2026-08-30,g021,b0396,echec,11
2026-08-30,g024,b0353,reussite,6
2026-08-30,g024,b0392,echec,9
2026-08-30,g024,b0364,echec,7
2026-08-30,g024,b0352,echec,2
2026-08-30,g024,b0305,echec,9
2026-08-30,g024,b0383,reussite,2
2026-08-30,g026,b0343,reussite,1
2026-08-30,g026,b0325,echec,8
2026-08-30,g026,b0358,echec,12
2026-08-30,g026,b0388,echec,11
2026-08-30,g026,b0276,echec,16
2026-08-30,g026,b0277,echec,12
2026-08-30,g026,b0355,reussite,4
2026-08-30,g035,b0281,reussite,2
2026-08-30,g035,b0341,echec,4
2026-08-30,g035,b0304,echec,17
2026-08-30,g035,b0302,echec,4
2026-08-30,g035,b0396,echec,16
2026-08-30,g042,b0286,reussite,1
2026-08-30,g042,b0288,echec,15
2026-08-30,g042,b0356,reussite,4
2026-08-30,g042,b0357,echec,14
2026-08-30,g042,b0336,echec,17
2026-08-30,g042,b0386,echec,12
2026-08-30,g042,b0306,echec,17
2026-08-30,g042,b0394,reussite,2
2026-08-30,g042,b0375,echec,7
2026-08-30,g042,b0377,echec,16
2026-08-30,g042,b0322,reussite,1
2026-08-30,g042,b0306,echec,8
2026-08-30,g042,b0362,reussite,1
2026-08-30,g042,b0337,echec,17
2026-08-30,g042,b0334,reussite,1
2026-08-30,g042,b0354,reussite,1
2026-08-30,g042,b0357,reussite,9
2026-08-30,g043,b0256,echec,11
2026-08-30,g043,b0386,echec,17
2026-08-30,g043,b0394,echec,8
2026-08-30,g043,b0392,reussite,7
2026-08-30,g043,b0335,echec,16
2026-08-30,g043,b0365,reussite,6
2026-08-30,g043,b0314,echec,13
2026-08-30,g043,b0352,reussite,1
2026-08-30,g044,b0394,reussite,12
2026-08-30,g044,b0384,echec,10
2026-08-30,g044,b0303,reussite,11
2026-08-30,g044,b0316,echec,16
2026-08-30,g044,b0386,echec,17
2026-08-30,g044,b0334,reussite,2
2026-08-30,g047,b0357,echec,16
2026-08-30,g047,b0313,reussite,1
2026-08-30,g047,b0316,echec,15
2026-08-30,g047,b0353,reussite,3
2026-08-30,g047,b0394,echec,7
2026-08-30,g047,b0314,reussite,12
2026-08-30,g047,b0386,echec,9
2026-08-30,g050,b0315,reussite,1
2026-08-30,g050,b0254,reussite,1
2026-08-30,g050,b0284,echec,6
2026-08-30,g050,b0383,reussite,2
2026-08-30,g050,b0393,reussite,2
2026-08-30,g050,b0355,echec,9
2026-08-30,g050,b0294,echec,14
2026-08-30,g050,b0255,echec,17
2026-08-30,g050,b0392,reussite,5
2026-08-30,g050,b0364,reussite,3
2026-08-30,g050,b0356,echec,8
2026-08-30,g055,b0284,reussite,1
2026-08-30,g055,b0252,reussite,1
2026-08-30,g055,b0395,echec,6
2026-08-30,g055,b0385,echec,8
2026-08-30,g055,b0394,reussite,4
2026-08-30,g055,b0356,echec,16
2026-08-30,g055,b0355,echec,6
2026-08-30,g055,b0336,echec,10
2026-08-30,g055,b0375,echec,6
2026-08-30,g055,b0363,reussite,1
2026-08-30,g055,b0353,echec,3
2026-08-30,g055,b0392,reussite,1
